收寄城市,寄达城市,距离
北京,北京,0
北京,天津,116
北京,石家庄,316
北京,唐山,197
北京,廊坊,47
北京,保定,170
北京,太原,525
北京,侯马,821
北京,呼和浩特,507
北京,包头,683
北京,沈阳,690
北京,大连,836
北京,锦州,470
北京,长春,981
北京,哈尔滨,1241
北京,上海,1214
北京,南京,1010
北京,常州,1094
北京,无锡,1115
北京,苏州,1157
北京,徐州,694
北京,连云港,736
北京,淮安,870
北京,盐城,935
北京,扬州,1010
北京,南通,1091
北京,杭州,1291
北京,湖州,1208
北京,嘉兴,1254
北京,宁波,1402
北京,台州,1536
北京,金华,1457
北京,义乌,1413
北京,温州,1582
北京,合肥,1015
北京,蚌埠,883
北京,芜湖,1098
北京,安庆,1185
北京,福州,1872
北京,厦门,2014
北京,泉州,1996
北京,南昌,1425
北京,鹰潭,1469
北京,赣州,1822
北京,济南,410
北京,潍坊,506
北京,烟台,716
北京,青岛,671
北京,济宁,572
北京,临沂,648
北京,郑州,701
北京,漯河,809
北京,信阳,982
北京,洛阳,805
北京,武汉,1153
北京,荆州,1277
北京,襄阳,1059
北京,长沙,1499
北京,常德,1421
北京,衡阳,1656
北京,广州,2129
北京,汕头,2150
北京,深圳,2201
北京,东莞,2169
北京,湛江,2469
北京,中山,2209
北京,南宁,2343
北京,柳州,2123
北京,海口,2640
北京,重庆,1828
北京,成都,1919
北京,南充,1752
北京,内江,1928
北京,贵阳,2079
北京,昆明,2600
北京,大理州,2916
北京,拉萨,3614
北京,西安,1102
北京,宝鸡,1266
北京,兰州,1487
北京,西宁,1669
北京,银川,1130
北京,乌鲁木齐,2844
北京,阿克苏,3556
北京,喀什,4029
天津,北京,112
天津,天津,0
天津,石家庄,323
天津,唐山,124
天津,廊坊,83
天津,保定,177
天津,太原,535
天津,侯马,828
天津,呼和浩特,614
天津,包头,790
天津,沈阳,670
天津,大连,816
天津,锦州,450
天津,长春,961
天津,哈尔滨,1221
天津,上海,1108
天津,南京,937
天津,常州,1001
天津,无锡,1022
天津,苏州,1065
天津,徐州,621
天津,连云港,630
天津,淮安,764
天津,盐城,829
天津,扬州,917
天津,南通,985
天津,杭州,1230
天津,湖州,1129
天津,嘉兴,1148
天津,宁波,1296
天津,台州,1431
天津,金华,1382
天津,义乌,1339
天津,温州,1508
天津,合肥,943
天津,蚌埠,810
天津,芜湖,1026
天津,安庆,1112
天津,福州,1810
天津,厦门,1952
天津,泉州,1934
天津,南昌,1336
天津,鹰潭,1406
天津,赣州,1733
天津,济南,338
天津,潍坊,400
天津,烟台,610
天津,青岛,566
天津,济宁,500
天津,临沂,580
天津,郑州,708
天津,漯河,800
天津,信阳,973
天津,洛阳,812
天津,武汉,1145
天津,荆州,1268
天津,襄阳,1051
天津,长沙,1491
天津,常德,1413
天津,衡阳,1648
天津,广州,2120
天津,汕头,2087
天津,深圳,2148
天津,东莞,2161
天津,湛江,2461
天津,中山,2200
天津,南宁,2334
天津,柳州,2114
天津,海口,2631
天津,重庆,1835
天津,成都,1926
天津,南充,1758
天津,内江,1935
天津,贵阳,2071
天津,昆明,2591
天津,大理州,2908
天津,拉萨,3649
天津,西安,1108
天津,宝鸡,1273
天津,兰州,1522
天津,西宁,1704
天津,银川,1142
天津,乌鲁木齐,2951
天津,阿克苏,3663
天津,喀什,4136
石家庄,北京,316
石家庄,天津,327
石家庄,石家庄,0
石家庄,唐山,441
石家庄,廊坊,302
石家庄,保定,156
石家庄,太原,225
石家庄,侯马,514
石家庄,呼和浩特,595
石家庄,包头,772
石家庄,沈阳,987
石家庄,大连,1133
石家庄,锦州,767
石家庄,长春,1278
石家庄,哈尔滨,1538
石家庄,上海,1137
石家庄,南京,900
石家庄,常州,985
石家庄,无锡,1005
石家庄,苏州,1048
石家庄,徐州,584
石家庄,连云港,660
石家庄,淮安,760
石家庄,盐城,840
石家庄,扬州,901
石家庄,南通,1015
石家庄,杭州,1182
石家庄,湖州,1099
石家庄,嘉兴,1131
石家庄,宁波,1299
石家庄,台州,1413
石家庄,金华,1347
石家庄,义乌,1304
石家庄,温州,1473
石家庄,合肥,873
石家庄,蚌埠,766
石家庄,芜湖,989
石家庄,安庆,1043
石家庄,福州,1683
石家庄,厦门,1852
石家庄,泉州,1834
石家庄,南昌,1227
石家庄,鹰潭,1279
石家庄,赣州,1624
石家庄,济南,329
石家庄,潍坊,486
石家庄,烟台,731
石家庄,青岛,673
石家庄,济宁,463
石家庄,临沂,538
石家庄,郑州,415
石家庄,漯河,539
石家庄,信阳,712
石家庄,洛阳,520
石家庄,武汉,897
石家庄,荆州,1007
石家庄,襄阳,789
石家庄,长沙,1229
石家庄,常德,1151
石家庄,衡阳,1387
石家庄,广州,1859
石家庄,汕头,1987
石家庄,深圳,1932
石家庄,东莞,1900
石家庄,湛江,2199
石家庄,中山,1939
石家庄,南宁,2073
石家庄,柳州,1853
石家庄,海口,2370
石家庄,重庆,1483
石家庄,成都,1574
石家庄,南充,1406
石家庄,内江,1583
石家庄,贵阳,1809
石家庄,昆明,2330
石家庄,大理州,2646
石家庄,拉萨,3387
石家庄,西安,801
石家庄,宝鸡,966
石家庄,兰州,1260
石家庄,西宁,1442
石家庄,银川,947
石家庄,乌鲁木齐,2933
石家庄,阿克苏,3645
石家庄,喀什,4118
唐山,北京,166
唐山,天津,132
唐山,石家庄,445
唐山,唐山,0
唐山,廊坊,171
唐山,保定,297
唐山,太原,655
唐山,侯马,948
唐山,呼和浩特,664
唐山,包头,841
唐山,沈阳,560
唐山,大连,706
唐山,锦州,340
唐山,长春,851
唐山,哈尔滨,1111
唐山,上海,1218
唐山,南京,1047
唐山,常州,1112
唐山,无锡,1132
唐山,苏州,1175
唐山,徐州,731
唐山,连云港,740
唐山,淮安,874
唐山,盐城,939
唐山,扬州,1027
唐山,南通,1095
唐山,杭州,1340
唐山,湖州,1239
唐山,嘉兴,1258
唐山,宁波,1407
唐山,台州,1541
唐山,金华,1493
唐山,义乌,1449
唐山,温州,1618
唐山,合肥,1053
唐山,蚌埠,920
唐山,芜湖,1136
唐山,安庆,1222
唐山,福州,1920
唐山,厦门,2062
唐山,泉州,2044
唐山,南昌,1448
唐山,鹰潭,1517
唐山,赣州,1845
唐山,济南,448
唐山,潍坊,510
唐山,烟台,720
唐山,青岛,676
唐山,济宁,610
唐山,临沂,690
唐山,郑州,828
唐山,漯河,920
唐山,信阳,1093
唐山,洛阳,932
唐山,武汉,1265
唐山,荆州,1388
唐山,襄阳,1171
唐山,长沙,1610
唐山,常德,1533
唐山,衡阳,1768
唐山,广州,2240
唐山,汕头,2197
唐山,深圳,2261
唐山,东莞,2281
唐山,湛江,2580
唐山,中山,2320
唐山,南宁,2454
唐山,柳州,2234
唐山,海口,2751
唐山,重庆,1955
唐山,成都,2046
唐山,南充,1878
唐山,内江,2055
唐山,贵阳,2191
唐山,昆明,2711
唐山,大理州,3028
唐山,拉萨,3755
唐山,西安,1228
唐山,宝鸡,1393
唐山,兰州,1628
唐山,西宁,1810
唐山,银川,1248
唐山,乌鲁木齐,3001
唐山,阿克苏,3714
唐山,喀什,4186
廊坊,北京,44
廊坊,天津,91
廊坊,石家庄,300
廊坊,唐山,169
廊坊,廊坊,0
廊坊,保定,152
廊坊,太原,507
廊坊,侯马,803
廊坊,呼和浩特,546
廊坊,包头,722
廊坊,沈阳,705
廊坊,大连,850
廊坊,锦州,484
廊坊,长春,996
廊坊,哈尔滨,1255
廊坊,上海,1174
廊坊,南京,971
廊坊,常州,1055
廊坊,无锡,1075
廊坊,苏州,1118
廊坊,徐州,654
廊坊,连云港,696
廊坊,淮安,831
廊坊,盐城,895
廊坊,扬州,971
廊坊,南通,1051
廊坊,杭州,1252
廊坊,湖州,1169
廊坊,嘉兴,1214
廊坊,宁波,1363
廊坊,台州,1497
廊坊,金华,1418
廊坊,义乌,1374
廊坊,温州,1543
廊坊,合肥,976
廊坊,蚌埠,844
廊坊,芜湖,1059
廊坊,安庆,1145
廊坊,福州,1849
廊坊,厦门,1992
廊坊,泉州,1974
廊坊,南昌,1402
廊坊,鹰潭,1446
廊坊,赣州,1799
廊坊,济南,370
廊坊,潍坊,466
廊坊,烟台,676
廊坊,青岛,632
廊坊,济宁,533
廊坊,临沂,609
廊坊,郑州,683
廊坊,漯河,786
廊坊,信阳,959
廊坊,洛阳,787
廊坊,武汉,1130
廊坊,荆州,1254
廊坊,襄阳,1036
廊坊,长沙,1476
廊坊,常德,1398
廊坊,衡阳,1633
廊坊,广州,2106
廊坊,汕头,2127
廊坊,深圳,2178
廊坊,东莞,2146
廊坊,湛江,2446
廊坊,中山,2186
廊坊,南宁,2320
廊坊,柳州,2100
廊坊,海口,2617
廊坊,重庆,1810
廊坊,成都,1901
廊坊,南充,1734
廊坊,内江,1910
廊坊,贵阳,2056
廊坊,昆明,2579
廊坊,大理州,2895
廊坊,拉萨,3596
廊坊,西安,1084
廊坊,宝鸡,1248
廊坊,兰州,1469
廊坊,西宁,1651
廊坊,银川,1089
廊坊,乌鲁木齐,2883
廊坊,阿克苏,3595
廊坊,喀什,4068
保定,北京,168
保定,天津,180
保定,石家庄,169
保定,唐山,294
保定,廊坊,155
保定,保定,0
保定,太原,366
保定,侯马,655
保定,呼和浩特,521
保定,包头,698
保定,沈阳,840
保定,大连,986
保定,锦州,619
保定,长春,1131
保定,哈尔滨,1390
保定,上海,1177
保定,南京,940
保定,常州,1024
保定,无锡,1045
保定,苏州,1088
保定,徐州,626
保定,连云港,700
保定,淮安,800
保定,盐城,879
保定,扬州,941
保定,南通,1054
保定,杭州,1221
保定,湖州,1138
保定,嘉兴,1170
保定,宁波,1338
保定,台州,1453
保定,金华,1387
保定,义乌,1343
保定,温州,1512
保定,合肥,948
保定,蚌埠,813
保定,芜湖,1029
保定,安庆,1117
保定,福州,1757
保定,厦门,1899
保定,泉州,1881
保定,南昌,1310
保定,鹰潭,1354
保定,赣州,1698
保定,济南,366
保定,潍坊,500
保定,烟台,710
保定,青岛,666
保定,济宁,502
保定,临沂,578
保定,郑州,541
保定,漯河,665
保定,信阳,838
保定,洛阳,645
保定,武汉,1022
保定,荆州,1133
保定,襄阳,915
保定,长沙,1355
保定,常德,1277
保定,衡阳,1512
保定,广州,1985
保定,汕头,2035
保定,深圳,2094
保定,东莞,2025
保定,湛江,2325
保定,中山,2065
保定,南宁,2199
保定,柳州,1979
保定,海口,2496
保定,重庆,1668
保定,成都,1758
保定,南充,1592
保定,内江,1768
保定,贵阳,1935
保定,昆明,2455
保定,大理州,2772
保定,拉萨,3506
保定,西安,935
保定,宝鸡,1100
保定,兰州,1379
保定,西宁,1561
保定,银川,1000
保定,乌鲁木齐,2855
保定,阿克苏,3570
保定,喀什,4043
太原,北京,508
太原,天津,523
太原,石家庄,225
太原,唐山,637
太原,廊坊,495
太原,保定,350
太原,太原,0
太原,侯马,341
太原,呼和浩特,458
太原,包头,635
太原,沈阳,1183
太原,大连,1329
太原,锦州,963
太原,长春,1474
太原,哈尔滨,1734
太原,上海,1357
太原,南京,1080
太原,常州,1191
太原,无锡,1234
太原,苏州,1277
太原,徐州,778
太原,连云港,880
太原,淮安,959
太原,盐城,1091
太原,扬州,1092
太原,南通,1234
太原,杭州,1361
太原,湖州,1278
太原,嘉兴,1359
太原,宁波,1507
太原,台州,1642
太原,金华,1527
太原,义乌,1483
太原,温州,1653
太原,合肥,1001
太原,蚌埠,893
太原,芜湖,1118
太原,安庆,1170
太原,福州,1810
太原,厦门,1907
太原,泉州,1889
太原,南昌,1282
太原,鹰潭,1406
太原,赣州,1671
太原,济南,548
太原,潍坊,706
太原,烟台,951
太原,青岛,892
太原,济宁,667
太原,临沂,758
太原,郑州,427
太原,漯河,584
太原,信阳,757
太原,洛阳,417
太原,武汉,941
太原,荆州,972
太原,襄阳,754
太原,长沙,1233
太原,常德,1116
太原,衡阳,1390
太原,广州,1870
太原,汕头,2042
太原,深圳,1976
太原,东莞,1910
太原,湛江,2203
太原,中山,1949
太原,南宁,2076
太原,柳州,1856
太原,海口,2374
太原,重庆,1303
太原,成都,1392
太原,南充,1227
太原,内江,1403
太原,贵阳,1687
太原,昆明,2102
太原,大理州,2419
太原,拉萨,3195
太原,西安,621
太原,宝鸡,786
太原,兰州,1068
太原,西宁,1250
太原,银川,755
太原,乌鲁木齐,2792
太原,阿克苏,3508
太原,喀什,3981
侯马,北京,819
侯马,天津,822
侯马,石家庄,536
侯马,唐山,930
侯马,廊坊,806
侯马,保定,660
侯马,太原,325
侯马,侯马,0
侯马,呼和浩特,811
侯马,包头,866
侯马,沈阳,1476
侯马,大连,1622
侯马,锦州,1256
侯马,长春,1767
侯马,哈尔滨,2027
侯马,上海,1232
侯马,南京,955
侯马,常州,1066
侯马,无锡,1109
侯马,苏州,1152
侯马,徐州,653
侯马,连云港,856
侯马,淮安,834
侯马,盐城,966
侯马,扬州,968
侯马,南通,1144
侯马,杭州,1237
侯马,湖州,1154
侯马,嘉兴,1235
侯马,宁波,1382
侯马,台州,1514
侯马,金华,1402
侯马,义乌,1364
侯马,温州,1528
侯马,合肥,853
侯马,蚌埠,769
侯马,芜湖,994
侯马,安庆,1022
侯马,福州,1662
侯马,厦门,1747
侯马,泉州,1729
侯马,南昌,1122
侯马,鹰潭,1259
侯马,赣州,1498
侯马,济南,673
侯马,潍坊,833
侯马,烟台,1078
侯马,青岛,1019
侯马,济宁,598
侯马,临沂,784
侯马,郑州,301
侯马,漯河,435
侯马,信阳,585
侯马,洛阳,222
侯马,武汉,775
侯马,荆州,777
侯马,襄阳,559
侯马,长沙,1038
侯马,常德,921
侯马,衡阳,1195
侯马,广州,1675
侯马,汕头,1882
侯马,深圳,1781
侯马,东莞,1715
侯马,湛江,2008
侯马,中山,1754
侯马,南宁,1881
侯马,柳州,1662
侯马,海口,2179
侯马,重庆,999
侯马,成都,1091
侯马,南充,923
侯马,内江,1099
侯马,贵阳,1383
侯马,昆明,1799
侯马,大理州,2115
侯马,拉萨,3081
侯马,西安,322
侯马,宝鸡,487
侯马,兰州,917
侯马,西宁,1136
侯马,银川,757
侯马,乌鲁木齐,2802
侯马,阿克苏,3514
侯马,喀什,3987
呼和浩特,北京,518
呼和浩特,天津,633
呼和浩特,石家庄,594
呼和浩特,唐山,675
呼和浩特,廊坊,571
呼和浩特,保定,521
呼和浩特,太原,453
呼和浩特,侯马,795
呼和浩特,呼和浩特,0
呼和浩特,包头,188
呼和浩特,沈阳,1191
呼和浩特,大连,1337
呼和浩特,锦州,971
呼和浩特,长春,1446
呼和浩特,哈尔滨,1698
呼和浩特,上海,1691
呼和浩特,南京,1454
呼和浩特,常州,1538
呼和浩特,无锡,1558
呼和浩特,苏州,1601
呼和浩特,徐州,1139
呼和浩特,连云港,1213
呼和浩特,淮安,1314
呼和浩特,盐城,1393
呼和浩特,扬州,1454
呼和浩特,南通,1568
呼和浩特,杭州,1735
呼和浩特,湖州,1652
呼和浩特,嘉兴,1684
呼和浩特,宁波,1852
呼和浩特,台州,1966
呼和浩特,金华,1900
呼和浩特,义乌,1857
呼和浩特,温州,2026
呼和浩特,合肥,1462
呼和浩特,蚌埠,1327
呼和浩特,芜湖,1542
呼和浩特,安庆,1631
呼和浩特,福州,2271
呼和浩特,厦门,2362
呼和浩特,泉州,2344
呼和浩特,南昌,1737
呼和浩特,鹰潭,1868
呼和浩特,赣州,2126
呼和浩特,济南,882
呼和浩特,潍坊,1022
呼和浩特,烟台,1232
呼和浩特,青岛,1188
呼和浩特,济宁,1016
呼和浩特,临沂,1092
呼和浩特,郑州,882
呼和浩特,漯河,1039
呼和浩特,信阳,1212
呼和浩特,洛阳,872
呼和浩特,武汉,1396
呼和浩特,荆州,1427
呼和浩特,襄阳,1209
呼和浩特,长沙,1688
呼和浩特,常德,1571
呼和浩特,衡阳,1845
呼和浩特,广州,2325
呼和浩特,汕头,2497
呼和浩特,深圳,2431
呼和浩特,东莞,2365
呼和浩特,湛江,2658
呼和浩特,中山,2405
呼和浩特,南宁,2531
呼和浩特,柳州,2312
呼和浩特,海口,2829
呼和浩特,重庆,1670
呼和浩特,成都,1743
呼和浩特,南充,1575
呼和浩特,内江,1752
呼和浩特,贵阳,2054
呼和浩特,昆明,2451
呼和浩特,大理州,2767
呼和浩特,拉萨,3229
呼和浩特,西安,967
呼和浩特,宝鸡,1125
呼和浩特,兰州,1102
呼和浩特,西宁,1285
呼和浩特,银川,663
呼和浩特,乌鲁木齐,2347
呼和浩特,阿克苏,3059
呼和浩特,喀什,3531
包头,北京,697
包头,天津,812
包头,石家庄,771
包头,唐山,854
包头,廊坊,750
包头,保定,698
包头,太原,630
包头,侯马,833
包头,呼和浩特,187
包头,包头,0
包头,沈阳,1371
包头,大连,1517
包头,锦州,1150
包头,长春,1625
包头,哈尔滨,1878
包头,上海,1867
包头,南京,1630
包头,常州,1715
包头,无锡,1735
包头,苏州,1778
包头,徐州,1316
包头,连云港,1390
包头,淮安,1490
包头,盐城,1570
包头,扬州,1631
包头,南通,1744
包头,杭州,1912
包头,湖州,1828
包头,嘉兴,1861
包头,宁波,2029
包头,台州,2143
包头,金华,2077
包头,义乌,2034
包头,温州,2203
包头,合肥,1639
包头,蚌埠,1504
包头,芜湖,1719
包头,安庆,1808
包头,福州,2448
包头,厦门,2539
包头,泉州,2521
包头,南昌,1914
包头,鹰潭,2044
包头,赣州,2302
包头,济南,1059
包头,潍坊,1201
包头,烟台,1411
包头,青岛,1367
包头,济宁,1193
包头,临沂,1268
包头,郑州,1059
包头,漯河,1215
包头,信阳,1388
包头,洛阳,1049
包头,武汉,1573
包头,荆州,1520
包头,襄阳,1302
包头,长沙,1864
包头,常德,1664
包头,衡阳,2022
包头,广州,2501
包头,汕头,2674
包头,深圳,2608
包头,东莞,2542
包头,湛江,2834
包头,中山,2581
包头,南宁,2480
包头,柳州,2371
包头,海口,3005
包头,重庆,1547
包头,成都,1620
包头,南充,1453
包头,内江,1629
包头,贵阳,1931
包头,昆明,2328
包头,大理州,2645
包头,拉萨,3101
包头,西安,844
包头,宝鸡,1003
包头,兰州,974
包头,西宁,1156
包头,银川,561
包头,乌鲁木齐,2175
包头,阿克苏,2887
包头,喀什,3360
沈阳,北京,686
沈阳,天津,676
沈阳,石家庄,979
沈阳,唐山,562
沈阳,廊坊,697
沈阳,保定,831
沈阳,太原,1186
沈阳,侯马,1482
沈阳,呼和浩特,1184
沈阳,包头,1361
沈阳,沈阳,0
沈阳,大连,382
沈阳,锦州,234
沈阳,长春,322
沈阳,哈尔滨,582
沈阳,上海,1762
沈阳,南京,1592
沈阳,常州,1657
沈阳,无锡,1676
沈阳,苏州,1719
沈阳,徐州,1277
沈阳,连云港,1285
沈阳,淮安,1418
沈阳,盐城,1483
沈阳,扬州,1571
沈阳,南通,1639
沈阳,杭州,1884
沈阳,湖州,1784
沈阳,嘉兴,1803
沈阳,宁波,1951
沈阳,台州,2088
沈阳,金华,2037
沈阳,义乌,1995
沈阳,温州,2163
沈阳,合肥,1597
沈阳,蚌埠,1465
沈阳,芜湖,1680
沈阳,安庆,1766
沈阳,福州,2464
沈阳,厦门,2607
沈阳,泉州,2589
沈阳,南昌,1990
沈阳,鹰潭,2061
沈阳,赣州,2379
沈阳,济南,992
沈阳,潍坊,1054
沈阳,烟台,1265
沈阳,青岛,1220
沈阳,济宁,1154
沈阳,临沂,1234
沈阳,郑州,1362
沈阳,漯河,1465
沈阳,信阳,1638
沈阳,洛阳,1466
沈阳,武汉,1809
沈阳,荆州,1933
沈阳,襄阳,1715
沈阳,长沙,2155
沈阳,常德,2077
沈阳,衡阳,2312
沈阳,广州,2785
沈阳,汕头,2742
沈阳,深圳,2803
沈阳,东莞,2824
沈阳,湛江,3125
沈阳,中山,2865
沈阳,南宁,2999
沈阳,柳州,2779
沈阳,海口,3298
沈阳,重庆,2489
沈阳,成都,2581
沈阳,南充,2413
沈阳,内江,2589
沈阳,贵阳,2735
沈阳,昆明,3256
沈阳,大理州,3572
沈阳,拉萨,4281
沈阳,西安,1763
沈阳,宝鸡,1928
沈阳,兰州,2148
沈阳,西宁,2330
沈阳,银川,1768
沈阳,乌鲁木齐,3521
沈阳,阿克苏,4234
沈阳,喀什,4706
大连,北京,834
大连,天津,823
大连,石家庄,1145
大连,唐山,710
大连,廊坊,845
大连,保定,978
大连,太原,1334
大连,侯马,1630
大连,呼和浩特,1332
大连,包头,1508
大连,沈阳,383
大连,大连,0
大连,锦州,381
大连,长春,695
大连,哈尔滨,955
大连,上海,1897
大连,南京,1743
大连,常州,1792
大连,无锡,1811
大连,苏州,1854
大连,徐州,1425
大连,连云港,1420
大连,淮安,1553
大连,盐城,1618
大连,扬州,1706
大连,南通,1774
大连,杭州,2019
大连,湖州,1919
大连,嘉兴,1938
大连,宁波,2086
大连,台州,2223
大连,金华,2172
大连,义乌,2129
大连,温州,2298
大连,合肥,1745
大连,蚌埠,1612
大连,芜湖,1828
大连,安庆,1914
大连,福州,2612
大连,厦门,2754
大连,泉州,2736
大连,南昌,2138
大连,鹰潭,2208
大连,赣州,2526
大连,济南,1140
大连,潍坊,1193
大连,烟台,1412
大连,青岛,1368
大连,济宁,1302
大连,临沂,1369
大连,郑州,1510
大连,漯河,1612
大连,信阳,1785
大连,洛阳,1614
大连,武汉,1957
大连,荆州,2080
大连,襄阳,1863
大连,长沙,2303
大连,常德,2225
大连,衡阳,2460
大连,广州,2932
大连,汕头,2889
大连,深圳,2950
大连,东莞,2972
大连,湛江,3273
大连,中山,3012
大连,南宁,3146
大连,柳州,2926
大连,海口,3445
大连,重庆,2637
大连,成都,2726
大连,南充,2560
大连,内江,2736
大连,贵阳,2883
大连,昆明,3403
大连,大理州,3720
大连,拉萨,4422
大连,西安,1910
大连,宝鸡,2079
大连,兰州,2295
大连,西宁,2478
大连,银川,1916
大连,乌鲁木齐,3666
大连,阿克苏,4381
大连,喀什,4854
锦州,北京,465
锦州,天津,455
锦州,石家庄,776
锦州,唐山,341
锦州,廊坊,476
锦州,保定,610
锦州,太原,965
锦州,侯马,1261
锦州,呼和浩特,963
锦州,包头,1140
锦州,沈阳,234
锦州,大连,380
锦州,锦州,0
锦州,长春,525
锦州,哈尔滨,784
锦州,上海,1528
锦州,南京,1374
锦州,常州,1423
锦州,无锡,1443
锦州,苏州,1485
锦州,徐州,1056
锦州,连云港,1051
锦州,淮安,1184
锦州,盐城,1249
锦州,扬州,1337
锦州,南通,1405
锦州,杭州,1651
锦州,湖州,1550
锦州,嘉兴,1569
锦州,宁波,1717
锦州,台州,1851
锦州,金华,1803
锦州,义乌,1760
锦州,温州,1929
锦州,合肥,1376
锦州,蚌埠,1244
锦州,芜湖,1459
锦州,安庆,1545
锦州,福州,2243
锦州,厦门,2385
锦州,泉州,2367
锦州,南昌,1769
锦州,鹰潭,1840
锦州,赣州,2158
锦州,济南,771
锦州,潍坊,824
锦州,烟台,1043
锦州,青岛,999
锦州,济宁,933
锦州,临沂,1001
锦州,郑州,1141
锦州,漯河,1244
锦州,信阳,1417
锦州,洛阳,1245
锦州,武汉,1588
锦州,荆州,1712
锦州,襄阳,1494
锦州,长沙,1934
锦州,常德,1856
锦州,衡阳,2091
锦州,广州,2564
锦州,汕头,2521
锦州,深圳,2581
锦州,东莞,2603
锦州,湛江,2904
锦州,中山,2643
锦州,南宁,2778
锦州,柳州,2558
锦州,海口,3076
锦州,重庆,2268
锦州,成都,2357
锦州,南充,2191
锦州,内江,2367
锦州,贵阳,2514
锦州,昆明,3034
锦州,大理州,3351
锦州,拉萨,4054
锦州,西安,1541
锦州,宝鸡,1706
锦州,兰州,1927
锦州,西宁,2109
锦州,银川,1547
锦州,乌鲁木齐,3297
锦州,阿克苏,4012
锦州,喀什,4485
长春,北京,962
长春,天津,952
长春,石家庄,1264
长春,唐山,836
长春,廊坊,973
长春,保定,1107
长春,太原,1462
长春,侯马,1758
长春,呼和浩特,1412
长春,包头,1588
长春,沈阳,310
长春,大连,680
长春,锦州,510
长春,长春,0
长春,哈尔滨,276
长春,上海,2025
长春,南京,1871
长春,常州,1919
长春,无锡,1940
长春,苏州,1982
长春,徐州,1553
长春,连云港,1548
长春,淮安,1681
长春,盐城,1746
长春,扬州,1834
长春,南通,1900
长春,杭州,2148
长春,湖州,2047
长春,嘉兴,2066
长春,宁波,2214
长春,台州,2348
长春,金华,2300
长春,义乌,2257
长春,温州,2426
长春,合肥,1873
长春,蚌埠,1741
长春,芜湖,1956
长春,安庆,2042
长春,福州,2740
长春,厦门,2882
长春,泉州,2864
长春,南昌,2266
长春,鹰潭,2337
长春,赣州,2655
长春,济南,1268
长春,潍坊,1321
长春,烟台,1540
长春,青岛,1496
长春,济宁,1430
长春,临沂,1498
长春,郑州,1638
长春,漯河,1741
长春,信阳,1914
长春,洛阳,1742
长春,武汉,2085
长春,荆州,2209
长春,襄阳,1991
长春,长沙,2431
长春,常德,2353
长春,衡阳,2585
长春,广州,3061
长春,汕头,3018
长春,深圳,3078
长春,东莞,3101
长春,湛江,3401
长春,中山,3140
长春,南宁,3275
长春,柳州,3055
长春,海口,3572
长春,重庆,2765
长春,成都,2856
长春,南充,2688
长春,内江,2864
长春,贵阳,3011
长春,昆明,3531
长春,大理州,3848
长春,拉萨,4551
长春,西安,2038
长春,宝鸡,2203
长春,兰州,2424
长春,西宁,2606
长春,银川,2035
长春,乌鲁木齐,3745
长春,阿克苏,4461
长春,喀什,4934
哈尔滨,北京,1260
哈尔滨,天津,1250
哈尔滨,石家庄,1562
哈尔滨,唐山,1135
哈尔滨,廊坊,1271
哈尔滨,保定,1405
哈尔滨,太原,1760
哈尔滨,侯马,2056
哈尔滨,呼和浩特,1712
哈尔滨,包头,1888
哈尔滨,沈阳,608
哈尔滨,大连,979
哈尔滨,锦州,808
哈尔滨,长春,296
哈尔滨,哈尔滨,0
哈尔滨,上海,2324
哈尔滨,南京,2169
哈尔滨,常州,2217
哈尔滨,无锡,2238
哈尔滨,苏州,2281
哈尔滨,徐州,1849
哈尔滨,连云港,1846
哈尔滨,淮安,1977
哈尔滨,盐城,2041
哈尔滨,扬州,2133
哈尔滨,南通,2199
哈尔滨,杭州,2446
哈尔滨,湖州,2345
哈尔滨,嘉兴,2364
哈尔滨,宁波,2512
哈尔滨,台州,2646
哈尔滨,金华,2598
哈尔滨,义乌,2555
哈尔滨,温州,2724
哈尔滨,合肥,2171
哈尔滨,蚌埠,2039
哈尔滨,芜湖,2254
哈尔滨,安庆,2340
哈尔滨,福州,3038
哈尔滨,厦门,3180
哈尔滨,泉州,3162
哈尔滨,南昌,2564
哈尔滨,鹰潭,2635
哈尔滨,赣州,2953
哈尔滨,济南,1566
哈尔滨,潍坊,1620
哈尔滨,烟台,1839
哈尔滨,青岛,1794
哈尔滨,济宁,1728
哈尔滨,临沂,1796
哈尔滨,郑州,1936
哈尔滨,漯河,2039
哈尔滨,信阳,2212
哈尔滨,洛阳,2040
哈尔滨,武汉,2383
哈尔滨,荆州,2507
哈尔滨,襄阳,2290
哈尔滨,长沙,2729
哈尔滨,常德,2651
哈尔滨,衡阳,2883
哈尔滨,广州,3352
哈尔滨,汕头,3316
哈尔滨,深圳,3376
哈尔滨,东莞,3399
哈尔滨,湛江,3699
哈尔滨,中山,3439
哈尔滨,南宁,3573
哈尔滨,柳州,3353
哈尔滨,海口,3870
哈尔滨,重庆,3062
哈尔滨,成都,3154
哈尔滨,南充,2984
哈尔滨,内江,3163
哈尔滨,贵阳,3348
哈尔滨,昆明,3854
哈尔滨,大理州,4170
哈尔滨,拉萨,4892
哈尔滨,西安,2323
哈尔滨,宝鸡,2488
哈尔滨,兰州,2763
哈尔滨,西宁,2944
哈尔滨,银川,2333
哈尔滨,乌鲁木齐,4047
哈尔滨,阿克苏,4759
哈尔滨,喀什,5232
上海,北京,1201
上海,天津,1093
上海,石家庄,1138
上海,唐山,1202
上海,廊坊,1164
上海,保定,1175
上海,太原,1347
上海,侯马,1227
上海,呼和浩特,1701
上海,包头,1877
上海,沈阳,1747
上海,大连,1075
上海,锦州,1527
上海,长春,2038
上海,哈尔滨,2297
上海,上海,0
上海,南京,299
上海,常州,177
上海,无锡,134
上海,苏州,106
上海,徐州,597
上海,连云港,485
上海,淮安,409
上海,盐城,319
上海,扬州,279
上海,南通,133
上海,杭州,179
上海,湖州,150
上海,嘉兴,104
上海,宁波,232
上海,台州,382
上海,金华,332
上海,义乌,289
上海,温州,458
上海,合肥,464
上海,蚌埠,481
上海,芜湖,357
上海,安庆,489
上海,福州,778
上海,厦门,1020
上海,泉州,945
上海,南昌,730
上海,鹰潭,625
上海,赣州,1049
上海,济南,855
上海,潍坊,751
上海,烟台,906
上海,青岛,800
上海,济宁,767
上海,临沂,587
上海,郑州,971
上海,漯河,812
上海,信阳,783
上海,洛阳,1031
上海,武汉,827
上海,荆州,1056
上海,襄阳,1078
上海,长沙,1098
上海,常德,1150
上海,衡阳,1203
上海,广州,1438
上海,汕头,1273
上海,深圳,1461
上海,东莞,1446
上海,湛江,1857
上海,中山,1513
上海,南宁,1902
上海,柳州,1682
上海,海口,2043
上海,重庆,1703
上海,成都,1972
上海,南充,1760
上海,内江,1927
上海,贵阳,1807
上海,昆明,2323
上海,大理州,2644
上海,拉萨,4161
上海,西安,1383
上海,宝鸡,1554
上海,兰州,2006
上海,西宁,2224
上海,银川,1962
上海,乌鲁木齐,3966
上海,阿克苏,4692
上海,喀什,5164
南京,北京,1007
南京,天津,935
南京,石家庄,901
南京,唐山,1044
南京,廊坊,971
南京,保定,938
南京,太原,1093
南京,侯马,951
南京,呼和浩特,1454
南京,包头,1631
南京,沈阳,1589
南京,大连,920
南京,锦州,1369
南京,长春,1880
南京,哈尔滨,2139
南京,上海,298
南京,南京,0
南京,常州,132
南京,无锡,173
南京,苏州,217
南京,徐州,340
南京,连云港,330
南京,淮安,195
南京,盐城,264
南京,扬州,101
南京,南通,236
南京,杭州,292
南京,湖州,209
南京,嘉兴,286
南京,宁波,437
南京,台州,552
南京,金华,457
南京,义乌,414
南京,温州,583
南京,合肥,172
南京,蚌埠,205
南京,芜湖,107
南京,安庆,284
南京,福州,917
南京,厦门,1107
南京,泉州,1085
南京,南昌,577
南京,鹰潭,561
南京,赣州,966
南京,济南,639
南京,潍坊,597
南京,烟台,751
南京,青岛,645
南京,济宁,510
南京,临沂,433
南京,郑州,688
南京,漯河,536
南京,信阳,492
南京,洛阳,755
南京,武汉,535
南京,荆州,753
南京,襄阳,802
南京,长沙,909
南京,常德,918
南京,衡阳,1063
南京,广州,1355
南京,汕头,1242
南京,深圳,1379
南京,东莞,1364
南京,湛江,1774
南京,中山,1430
南京,南宁,1753
南京,柳州,1532
南京,海口,1961
南京,重庆,1394
南京,成都,1669
南京,南充,1456
南京,内江,1624
南京,贵阳,1576
南京,昆明,2091
南京,大理州,2413
南京,拉萨,3885
南京,西安,1107
南京,宝鸡,1278
南京,兰州,1730
南京,西宁,1948
南京,银川,1686
南京,乌鲁木齐,3690
南京,阿克苏,4416
南京,喀什,4888
常州,北京,1094
常州,天津,986
常州,石家庄,1006
常州,唐山,1095
常州,廊坊,1076
常州,保定,1043
常州,太原,1210
常州,侯马,1061
常州,呼和浩特,1560
常州,包头,1737
常州,沈阳,1640
常州,大连,967
常州,锦州,1420
常州,长春,1931
常州,哈尔滨,2190
常州,上海,183
常州,南京,133
常州,常州,0
常州,无锡,59
常州,苏州,103
常州,徐州,445
常州,连云港,378
常州,淮安,274
常州,盐城,212
常州,扬州,114
常州,南通,152
常州,杭州,214
常州,湖州,131
常州,嘉兴,185
常州,宁波,354
常州,台州,468
常州,金华,420
常州,义乌,376
常州,温州,545
常州,合肥,305
常州,蚌埠,316
常州,芜湖,203
常州,安庆,380
常州,福州,863
常州,厦门,1106
常州,泉州,1030
常州,南昌,672
常州,鹰潭,657
常州,赣州,1062
常州,济南,745
常州,潍坊,644
常州,烟台,799
常州,青岛,693
常州,济宁,615
常州,临沂,480
常州,郑州,805
常州,漯河,647
常州,信阳,625
常州,洛阳,865
常州,武汉,667
常州,荆州,886
常州,襄阳,913
常州,长沙,1005
常州,常德,1041
常州,衡阳,1159
常州,广州,1451
常州,汕头,1338
常州,深圳,1474
常州,东莞,1459
常州,湛江,1869
常州,中山,1525
常州,南宁,1848
常州,柳州,1628
常州,海口,2056
常州,重庆,1527
常州,成都,1802
常州,南充,1589
常州,内江,1757
常州,贵阳,1698
常州,昆明,2213
常州,大理州,2535
常州,拉萨,3996
常州,西安,1218
常州,宝鸡,1389
常州,兰州,1841
常州,西宁,2059
常州,银川,1797
常州,乌鲁木齐,3801
常州,阿克苏,4527
常州,喀什,4999
无锡,北京,1114
无锡,天津,1005
无锡,石家庄,1042
无锡,唐山,1114
无锡,廊坊,1076
无锡,保定,1079
无锡,太原,1254
无锡,侯马,1104
无锡,呼和浩特,1596
无锡,包头,1773
无锡,沈阳,1660
无锡,大连,987
无锡,锦州,1439
无锡,长春,1951
无锡,哈尔滨,2209
无锡,上海,141
无锡,南京,176
无锡,常州,54
无锡,无锡,0
无锡,苏州,60
无锡,徐州,481
无锡,连云港,398
无锡,淮安,294
无锡,盐城,212
无锡,扬州,156
无锡,南通,133
无锡,杭州,225
无锡,湖州,153
无锡,嘉兴,143
无锡,宁波,311
无锡,台州,425
无锡,金华,377
无锡,义乌,334
无锡,温州,503
无锡,合肥,340
无锡,蚌埠,358
无锡,芜湖,238
无锡,安庆,415
无锡,福州,821
无锡,厦门,1063
无锡,泉州,988
无锡,南昌,708
无锡,鹰潭,658
无锡,赣州,1067
无锡,济南,780
无锡,潍坊,664
无锡,烟台,819
无锡,青岛,712
无锡,济宁,651
无锡,临沂,500
无锡,郑州,849
无锡,漯河,689
无锡,信阳,660
无锡,洛阳,907
无锡,武汉,703
无锡,荆州,921
无锡,襄阳,955
无锡,长沙,1040
无锡,常德,1076
无锡,衡阳,1194
无锡,广州,1456
无锡,汕头,1342
无锡,深圳,1479
无锡,东莞,1464
无锡,湛江,1874
无锡,中山,1530
无锡,南宁,1884
无锡,柳州,1663
无锡,海口,2061
无锡,重庆,1563
无锡,成都,1838
无锡,南充,1625
无锡,内江,1792
无锡,贵阳,1733
无锡,昆明,2249
无锡,大理州,2570
无锡,拉萨,4038
无锡,西安,1260
无锡,宝鸡,1431
无锡,兰州,1883
无锡,西宁,2101
无锡,银川,1839
无锡,乌鲁木齐,3843
无锡,阿克苏,4569
无锡,喀什,5041
苏州,北京,1179
苏州,天津,1070
苏州,石家庄,1088
苏州,唐山,1179
苏州,廊坊,1141
苏州,保定,1126
苏州,太原,1299
苏州,侯马,1150
苏州,呼和浩特,1642
苏州,包头,1819
苏州,沈阳,1724
苏州,大连,1052
苏州,锦州,1504
苏州,长春,2015
苏州,哈尔滨,2274
苏州,上海,99
苏州,南京,222
苏州,常州,100
苏州,无锡,57
苏州,苏州,0
苏州,徐州,528
苏州,连云港,462
苏州,淮安,340
苏州,盐城,259
苏州,扬州,203
苏州,南通,111
苏州,杭州,154
苏州,湖州,100
苏州,嘉兴,72
苏州,宁波,240
苏州,台州,355
苏州,金华,307
苏州,义乌,263
苏州,温州,432
苏州,合肥,387
苏州,蚌埠,404
苏州,芜湖,285
苏州,安庆,439
苏州,福州,750
苏州,厦门,993
苏州,泉州,917
苏州,南昌,692
苏州,鹰潭,588
苏州,赣州,1012
苏州,济南,832
苏州,潍坊,729
苏州,烟台,883
苏州,青岛,777
苏州,济宁,698
苏州,临沂,565
苏州,郑州,894
苏州,漯河,735
苏州,信阳,706
苏州,洛阳,954
苏州,武汉,749
苏州,荆州,967
苏州,襄阳,1001
苏州,长沙,1064
苏州,常德,1101
苏州,衡阳,1166
苏州,广州,1400
苏州,汕头,1247
苏州,深圳,1424
苏州,东莞,1409
苏州,湛江,1819
苏州,中山,1475
苏州,南宁,1865
苏州,柳州,1644
苏州,海口,2006
苏州,重庆,1609
苏州,成都,1884
苏州,南充,1671
苏州,内江,1838
苏州,贵阳,1758
苏州,昆明,2273
苏州,大理州,2594
苏州,拉萨,4084
苏州,西安,1306
苏州,宝鸡,1477
苏州,兰州,1930
苏州,西宁,2148
苏州,银川,1885
苏州,乌鲁木齐,3889
苏州,阿克苏,4616
苏州,喀什,5087
徐州,北京,697
徐州,天津,625
徐州,石家庄,590
徐州,唐山,734
徐州,廊坊,661
徐州,保定,627
徐州,太原,793
徐州,侯马,669
徐州,呼和浩特,1144
徐州,包头,1321
徐州,沈阳,1279
徐州,大连,809
徐州,锦州,1058
徐州,长春,1570
徐州,哈尔滨,1828
徐州,上海,609
徐州,南京,337
徐州,常州,443
徐州,无锡,485
徐州,苏州,529
徐州,徐州,0
徐州,连云港,220
徐州,淮安,195
徐州,盐城,330
徐州,扬州,339
徐州,南通,506
徐州,杭州,620
徐州,湖州,536
徐州,嘉兴,611
徐州,宁波,780
徐州,台州,894
徐州,金华,785
徐州,义乌,742
徐州,温州,911
徐州,合肥,322
徐州,蚌埠,190
徐州,芜湖,427
徐州,安庆,488
徐州,福州,1189
徐州,厦门,1331
徐州,泉州,1313
徐州,南昌,748
徐州,鹰潭,786
徐州,赣州,1135
徐州,济南,329
徐州,潍坊,426
徐州,烟台,641
徐州,青岛,535
徐州,济宁,174
徐州,临沂,184
徐州,郑州,388
徐州,漯河,364
徐州,信阳,519
徐州,洛阳,502
徐州,武汉,645
徐州,荆州,852
徐州,襄阳,655
徐州,长沙,1037
徐州,常德,1017
徐州,衡阳,1191
徐州,广州,1525
徐州,汕头,1467
徐州,深圳,1559
徐州,东莞,1543
徐州,湛江,1943
徐州,中山,1610
徐州,南宁,1880
徐州,柳州,1660
徐州,海口,2130
徐州,重庆,1452
徐州,成都,1616
徐州,南充,1445
徐州,内江,1624
徐州,贵阳,1675
徐州,昆明,2190
徐州,大理州,2512
徐州,拉萨,3619
徐州,西安,850
徐州,宝鸡,1021
徐州,兰州,1465
徐州,西宁,1683
徐州,银川,1405
徐州,乌鲁木齐,3467
徐州,阿克苏,4193
徐州,喀什,4665
连云港,北京,729
连云港,天津,620
连云港,石家庄,665
连云港,唐山,729
连云港,廊坊,691
连云港,保定,703
连云港,太原,874
连云港,侯马,864
连云港,呼和浩特,1228
连云港,包头,1404
连云港,沈阳,1274
连云港,大连,602
连云港,锦州,1054
连云港,长春,1565
连云港,哈尔滨,1824
连云港,上海,480
连云港,南京,324
连云港,常州,374
连云港,无锡,393
连云港,苏州,437
连云港,徐州,216
连云港,连云港,0
连云港,淮安,133
连云港,盐城,200
连云港,扬州,289
连云港,南通,355
连云港,杭州,602
连云港,湖州,502
连云港,嘉兴,520
连云港,宁波,669
连云港,台州,803
连云港,金华,755
连云港,义乌,712
连云港,温州,881
连云港,合肥,466
连云港,蚌埠,351
连云港,芜湖,426
连云港,安庆,602
连云港,福州,1199
连云港,厦门,1425
连云港,泉州,1366
连云港,南昌,879
连云港,鹰潭,879
连云港,赣州,1285
连云港,济南,382
连云港,潍坊,278
连云港,烟台,433
连云港,青岛,327
连云港,济宁,334
连云港,临沂,114
连云港,郑州,583
连云港,漯河,559
连云港,信阳,714
连云港,洛阳,696
连云港,武汉,838
连云港,荆州,1047
连云港,襄阳,850
连云港,长沙,1206
连云港,常德,1212
连云港,衡阳,1361
连云港,广州,1656
连云港,汕头,1560
连云港,深圳,1697
连云港,东莞,1682
连云港,湛江,2075
连云港,中山,1748
连云港,南宁,2050
连云港,柳州,1829
连云港,海口,2262
连云港,重庆,1647
连云港,成都,1811
连云港,南充,1640
连云港,内江,1819
连云港,贵阳,1870
连云港,昆明,2385
连云港,大理州,2707
连云港,拉萨,3814
连云港,西安,1045
连云港,宝鸡,1216
连云港,兰州,1660
连云港,西宁,1878
连云港,银川,1490
连云港,乌鲁木齐,3551
连云港,阿克苏,4277
连云港,喀什,4749
淮安,北京,856
淮安,天津,747
淮安,石家庄,771
淮安,唐山,856
淮安,廊坊,842
淮安,保定,808
淮安,太原,983
淮安,侯马,859
淮安,呼和浩特,1325
淮安,包头,1502
淮安,沈阳,1401
淮安,大连,729
淮安,锦州,1181
淮安,长春,1692
淮安,哈尔滨,1951
淮安,上海,420
淮安,南京,195
淮安,常州,276
淮安,无锡,295
淮安,苏州,339
淮安,徐州,210
淮安,连云港,139
淮安,淮安,0
淮安,盐城,131
淮安,扬州,182
淮安,南通,307
淮安,杭州,482
淮安,湖州,399
淮安,嘉兴,421
淮安,宁波,590
淮安,台州,704
淮安,金华,647
淮安,义乌,604
淮安,温州,773
淮安,合肥,337
淮安,蚌埠,290
淮安,芜湖,297
淮安,安庆,474
淮安,福州,1116
淮安,厦门,1296
淮安,泉州,1284
淮安,南昌,751
淮安,鹰潭,751
淮安,赣州,1156
淮安,济南,510
淮安,潍坊,406
淮安,烟台,560
淮安,青岛,454
淮安,济宁,381
淮安,临沂,242
淮安,郑州,578
淮安,漯河,554
淮安,信阳,685
淮安,洛阳,691
淮安,武汉,727
淮安,荆州,946
淮安,襄阳,845
淮安,长沙,1096
淮安,常德,1111
淮安,衡阳,1251
淮安,广州,1528
淮安,汕头,1432
淮安,深圳,1569
淮安,东莞,1553
淮安,湛江,1946
淮安,中山,1620
淮安,南宁,1940
淮安,柳州,1719
淮安,海口,2133
淮安,重庆,1587
淮安,成都,1805
淮安,南充,1635
淮安,内江,1814
淮安,贵阳,1769
淮安,昆明,2284
淮安,大理州,2605
淮安,拉萨,3809
淮安,西安,1039
淮安,宝鸡,1211
淮安,兰州,1655
淮安,西宁,1873
淮安,银川,1595
淮安,乌鲁木齐,3648
淮安,阿克苏,4374
淮安,喀什,4846
盐城,北京,922
盐城,天津,813
盐城,石家庄,859
盐城,唐山,923
盐城,廊坊,884
盐城,保定,896
盐城,太原,1090
盐城,侯马,966
盐城,呼和浩特,1421
盐城,包头,1598
盐城,沈阳,1468
盐城,大连,795
盐城,锦州,1247
盐城,长春,1759
盐城,哈尔滨,2017
盐城,上海,318
盐城,南京,267
盐城,常州,214
盐城,无锡,214
盐城,苏州,258
盐城,徐州,318
盐城,连云港,206
盐城,淮安,130
盐城,盐城,0
盐城,扬州,182
盐城,南通,193
盐城,杭州,422
盐城,湖州,350
盐城,嘉兴,340
盐城,宁波,507
盐城,台州,623
盐城,金华,575
盐城,义乌,531
盐城,温州,700
盐城,合肥,421
盐城,蚌埠,349
盐城,芜湖,376
盐城,安庆,553
盐城,福州,1018
盐城,厦门,1261
盐城,泉州,1185
盐城,南昌,846
盐城,鹰潭,830
盐城,赣州,1235
盐城,济南,575
盐城,潍坊,472
盐城,烟台,627
盐城,青岛,521
盐城,济宁,488
盐城,临沂,308
盐城,郑州,685
盐城,漯河,661
盐城,信阳,768
盐城,洛阳,798
盐城,武汉,811
盐城,荆州,1029
盐城,襄阳,952
盐城,长沙,1180
盐城,常德,1194
盐城,衡阳,1334
盐城,广州,1624
盐城,汕头,1511
盐城,深圳,1648
盐城,东莞,1632
盐城,湛江,2043
盐城,中山,1699
盐城,南宁,2023
盐城,柳州,1803
盐城,海口,2230
盐城,重庆,1671
盐城,成都,1912
盐城,南充,1742
盐城,内江,1921
盐城,贵阳,1852
盐城,昆明,2368
盐城,大理州,2689
盐城,拉萨,3916
盐城,西安,1147
盐城,宝鸡,1318
盐城,兰州,1762
盐城,西宁,1980
盐城,银川,1702
盐城,乌鲁木齐,3744
盐城,阿克苏,4470
盐城,喀什,4942
扬州,北京,1010
扬州,天津,895
扬州,石家庄,904
扬州,唐山,1004
扬州,廊坊,974
扬州,保定,941
扬州,太原,1108
扬州,侯马,984
扬州,呼和浩特,1457
扬州,包头,1634
扬州,沈阳,1549
扬州,大连,876
扬州,锦州,1329
扬州,长春,1840
扬州,哈尔滨,2099
扬州,上海,283
扬州,南京,105
扬州,常州,117
扬州,无锡,158
扬州,苏州,202
扬州,徐州,343
扬州,连云港,287
扬州,淮安,183
扬州,盐城,174
扬州,扬州,0
扬州,南通,165
扬州,杭州,312
扬州,湖州,229
扬州,嘉兴,285
扬州,宁波,453
扬州,台州,567
扬州,金华,477
扬州,义乌,434
扬州,温州,603
扬州,合肥,254
扬州,蚌埠,247
扬州,芜湖,219
扬州,安庆,396
扬州,福州,964
扬州,厦门,1161
扬州,泉州,1132
扬州,南昌,688
扬州,鹰潭,673
扬州,赣州,1078
扬州,济南,642
扬州,潍坊,553
扬州,烟台,708
扬州,青岛,602
扬州,济宁,513
扬州,临沂,389
扬州,郑州,703
扬州,漯河,578
扬州,信阳,602
扬州,洛阳,796
扬州,武汉,645
扬州,荆州,863
扬州,襄阳,844
扬州,长沙,1014
扬州,常德,1028
扬州,衡阳,1168
扬州,广州,1467
扬州,汕头,1354
扬州,深圳,1490
扬州,东莞,1475
扬州,湛江,1886
扬州,中山,1542
扬州,南宁,1857
扬州,柳州,1637
扬州,海口,2072
扬州,重庆,1504
扬州,成都,1779
扬州,南充,1567
扬州,内江,1734
扬州,贵阳,1686
扬州,昆明,2202
扬州,大理州,2523
扬州,拉萨,3924
扬州,西安,1148
扬州,宝鸡,1320
扬州,兰州,1769
扬州,西宁,1987
扬州,银川,1720
扬州,乌鲁木齐,3732
扬州,阿克苏,4458
扬州,喀什,4929
南通,北京,1079
南通,天津,970
南通,石家庄,1015
南通,唐山,1079
南通,廊坊,1041
南通,保定,1053
南通,太原,1224
南通,侯马,1142
南通,呼和浩特,1578
南通,包头,1754
南通,沈阳,1624
南通,大连,952
南通,锦州,1404
南通,长春,1915
南通,哈尔滨,2174
南通,上海,142
南通,南京,239
南通,常州,147
南通,无锡,135
南通,苏州,117
南通,徐州,493
南通,连云港,362
南通,淮安,306
南通,盐城,196
南通,扬州,166
南通,南通,0
南通,杭州,264
南通,湖州,210
南通,嘉兴,182
南通,宁波,330
南通,台州,464
南通,金华,416
南通,义乌,373
南通,温州,542
南通,合肥,406
南通,蚌埠,398
南通,芜湖,332
南通,安庆,509
南通,福州,860
南通,厦门,1102
南通,泉州,1027
南通,南昌,802
南通,鹰潭,698
南通,赣州,1121
南通,济南,732
南通,潍坊,629
南通,烟台,783
南通,青岛,677
南通,济宁,664
南通,临沂,465
南通,郑州,861
南通,漯河,729
南通,信阳,753
南通,洛阳,947
南通,武汉,796
南通,荆州,1014
南通,襄阳,995
南通,长沙,1134
南通,常德,1170
南通,衡阳,1276
南通,广州,1510
南通,汕头,1357
南通,深圳,1534
南通,东莞,1519
南通,湛江,1929
南通,中山,1585
南通,南宁,1975
南通,柳州,1754
南通,海口,2111
南通,重庆,1656
南通,成都,1931
南通,南充,1718
南通,内江,1885
南通,贵阳,1827
南通,昆明,2342
南通,大理州,2664
南通,拉萨,4074
南通,西安,1300
南通,宝鸡,1471
南通,兰州,1920
南通,西宁,2138
南通,银川,1878
南通,乌鲁木齐,3901
南通,阿克苏,4627
南通,喀什,5099
杭州,北京,1279
杭州,天津,1187
杭州,石家庄,1172
杭州,唐山,1297
杭州,廊坊,1243
杭州,保定,1210
杭州,太原,1365
杭州,侯马,1222
杭州,呼和浩特,1726
杭州,包头,1903
杭州,沈阳,1842
杭州,大连,1169
杭州,锦州,1621
杭州,长春,2133
杭州,哈尔滨,2392
杭州,上海,177
杭州,南京,281
杭州,常州,207
杭州,无锡,215
杭州,苏州,157
杭州,徐州,612
杭州,连云港,580
杭州,淮安,471
杭州,盐城,422
杭州,扬州,300
杭州,南通,261
杭州,杭州,0
杭州,湖州,87
杭州,嘉兴,90
杭州,宁波,161
杭州,台州,275
杭州,金华,181
杭州,义乌,137
杭州,温州,306
杭州,合肥,418
杭州,蚌埠,477
杭州,芜湖,281
杭州,安庆,413
杭州,福州,635
杭州,厦门,878
杭州,泉州,803
杭州,南昌,539
杭州,鹰潭,435
杭州,赣州,859
杭州,济南,911
杭州,潍坊,846
杭州,烟台,1001
杭州,青岛,895
杭州,济宁,782
杭州,临沂,682
杭州,郑州,960
杭州,漯河,808
杭州,信阳,738
杭州,洛阳,1026
杭州,武汉,752
杭州,荆州,980
杭州,襄阳,1026
杭州,长沙,899
杭州,常德,1015
杭州,衡阳,1013
杭州,广州,1248
杭州,汕头,1134
杭州,深圳,1271
杭州,东莞,1256
杭州,湛江,1666
杭州,中山,1322
杭州,南宁,1712
杭州,柳州,1491
杭州,海口,1849
杭州,重庆,1627
杭州,成都,1897
杭州,南充,1684
杭州,内江,1851
杭州,贵阳,1676
杭州,昆明,2171
杭州,大理州,2492
杭州,拉萨,4105
杭州,西安,1330
杭州,宝鸡,1502
杭州,兰州,1950
杭州,西宁,2169
杭州,银川,1958
杭州,乌鲁木齐,3914
杭州,阿克苏,4640
杭州,喀什,5111
湖州,北京,1201
湖州,天津,1109
湖州,石家庄,1094
湖州,唐山,1218
湖州,廊坊,1164
湖州,保定,1131
湖州,太原,1286
湖州,侯马,1144
湖州,呼和浩特,1648
湖州,包头,1824
湖州,沈阳,1763
湖州,大连,1091
湖州,锦州,1543
湖州,长春,2054
湖州,哈尔滨,2313
湖州,上海,154
湖州,南京,202
湖州,常州,128
湖州,无锡,137
湖州,苏州,103
湖州,徐州,533
湖州,连云港,501
湖州,淮安,392
湖州,盐城,344
湖州,扬州,221
湖州,南通,206
湖州,杭州,96
湖州,湖州,0
湖州,嘉兴,82
湖州,宁波,251
湖州,台州,365
湖州,金华,261
湖州,义乌,218
湖州,温州,387
湖州,合肥,355
湖州,蚌埠,399
湖州,芜湖,216
湖州,安庆,348
湖州,福州,714
湖州,厦门,987
湖州,泉州,881
湖州,南昌,618
湖州,鹰潭,514
湖州,赣州,938
湖州,济南,832
湖州,潍坊,767
湖州,烟台,922
湖州,青岛,816
湖州,济宁,703
湖州,临沂,603
湖州,郑州,881
湖州,漯河,729
湖州,信阳,674
湖州,洛阳,948
湖州,武汉,686
湖州,荆州,914
湖州,襄阳,962
湖州,长沙,973
湖州,常德,1009
湖州,衡阳,1093
湖州,广州,1327
湖州,汕头,1214
湖州,深圳,1351
湖州,东莞,1335
湖州,湛江,1746
湖州,中山,1402
湖州,南宁,1791
湖州,柳州,1571
湖州,海口,1928
湖州,重庆,1562
湖州,成都,1831
湖州,南充,1618
湖州,内江,1786
湖州,贵阳,1666
湖州,昆明,2182
湖州,大理州,2503
湖州,拉萨,4042
湖州,西安,1267
湖州,宝鸡,1438
湖州,兰州,1888
湖州,西宁,2106
湖州,银川,1884
湖州,乌鲁木齐,3850
湖州,阿克苏,4576
湖州,喀什,5048
嘉兴,北京,1243
嘉兴,天津,1135
嘉兴,石家庄,1155
嘉兴,唐山,1244
嘉兴,廊坊,1206
嘉兴,保定,1192
嘉兴,太原,1366
嘉兴,侯马,1223
嘉兴,呼和浩特,1708
嘉兴,包头,1885
嘉兴,沈阳,1789
嘉兴,大连,1116
嘉兴,锦州,1569
嘉兴,长春,2080
嘉兴,哈尔滨,2339
嘉兴,上海,108
嘉兴,南京,282
嘉兴,常州,166
嘉兴,无锡,132
嘉兴,苏州,72
嘉兴,徐州,594
嘉兴,连云港,527
嘉兴,淮安,406
嘉兴,盐城,325
嘉兴,扬州,269
嘉兴,南通,175
嘉兴,杭州,87
嘉兴,湖州,83
嘉兴,嘉兴,0
嘉兴,宁波,174
嘉兴,台州,288
嘉兴,金华,240
嘉兴,义乌,196
嘉兴,温州,365
嘉兴,合肥,434
嘉兴,蚌埠,478
嘉兴,芜湖,296
嘉兴,安庆,428
嘉兴,福州,683
嘉兴,厦门,926
嘉兴,泉州,851
嘉兴,南昌,638
嘉兴,鹰潭,533
嘉兴,赣州,957
嘉兴,济南,897
嘉兴,潍坊,793
嘉兴,烟台,948
嘉兴,青岛,842
嘉兴,济宁,764
嘉兴,临沂,629
嘉兴,郑州,961
嘉兴,漯河,809
嘉兴,信阳,754
嘉兴,洛阳,1027
嘉兴,武汉,766
嘉兴,荆州,994
嘉兴,襄阳,1042
嘉兴,长沙,1006
嘉兴,常德,1089
嘉兴,衡阳,1111
嘉兴,广州,1346
嘉兴,汕头,1180
嘉兴,深圳,1369
嘉兴,东莞,1354
嘉兴,湛江,1764
嘉兴,中山,1420
嘉兴,南宁,1810
嘉兴,柳州,1589
嘉兴,海口,1947
嘉兴,重庆,1641
嘉兴,成都,1911
嘉兴,南充,1698
嘉兴,内江,1865
嘉兴,贵阳,1746
嘉兴,昆明,2269
嘉兴,大理州,2590
嘉兴,拉萨,4123
嘉兴,西安,1346
嘉兴,宝鸡,1518
嘉兴,兰州,1968
嘉兴,西宁,2186
嘉兴,银川,1964
嘉兴,乌鲁木齐,3931
嘉兴,阿克苏,4657
嘉兴,喀什,5128
宁波,北京,1392
宁波,天津,1283
宁波,石家庄,1323
宁波,唐山,1393
宁波,廊坊,1354
宁波,保定,1361
宁波,太原,1516
宁波,侯马,1373
宁波,呼和浩特,1877
宁波,包头,2054
宁波,沈阳,1938
宁波,大连,1265
宁波,锦州,1717
宁波,长春,2229
宁波,哈尔滨,2487
宁波,上海,226
宁波,南京,432
宁波,常州,334
宁波,无锡,299
宁波,苏州,240
宁波,徐州,763
宁波,连云港,676
宁波,淮安,574
宁波,盐城,509
宁波,扬州,451
宁波,南通,324
宁波,杭州,160
宁波,湖州,238
宁波,嘉兴,172
宁波,宁波,0
宁波,台州,177
宁波,金华,243
宁波,义乌,190
宁波,温州,270
宁波,合肥,584
宁波,蚌埠,628
宁波,芜湖,439
宁波,安庆,571
宁波,福州,572
宁波,厦门,814
宁波,泉州,739
宁波,南昌,669
宁波,鹰潭,536
宁波,赣州,960
宁波,济南,1045
宁波,潍坊,942
宁波,烟台,1097
宁波,青岛,990
宁波,济宁,933
宁波,临沂,778
宁波,郑州,1111
宁波,漯河,959
宁波,信阳,904
宁波,洛阳,1177
宁波,武汉,909
宁波,荆州,1086
宁波,襄阳,1192
宁波,长沙,1008
宁波,常德,1183
宁波,衡阳,1114
宁波,广州,1348
宁波,汕头,1049
宁波,深圳,1372
宁波,东莞,1357
宁波,湛江,1767
宁波,中山,1423
宁波,南宁,1813
宁波,柳州,1592
宁波,海口,1950
宁波,重庆,1734
宁波,成都,2054
宁波,南充,1841
宁波,内江,2009
宁波,贵阳,1777
宁波,昆明,2272
宁波,大理州,2593
宁波,拉萨,4273
宁波,西安,1496
宁波,宝鸡,1668
宁波,兰州,2118
宁波,西宁,2337
宁波,银川,2114
宁波,乌鲁木齐,4081
宁波,阿克苏,4807
宁波,喀什,5278
台州,北京,1526
台州,天津,1418
台州,石家庄,1439
台州,唐山,1527
台州,廊坊,1489
台州,保定,1476
台州,太原,1631
台州,侯马,1489
台州,呼和浩特,1993
台州,包头,2169
台州,沈阳,2072
台州,大连,1399
台州,锦州,1852
台州,长春,2363
台州,哈尔滨,2622
台州,上海,375
台州,南京,547
台州,常州,449
台州,无锡,415
台州,苏州,355
台州,徐州,878
台州,连云港,810
台州,淮安,689
台州,盐城,608
台州,扬州,566
台州,南通,458
台州,杭州,275
台州,湖州,354
台州,嘉兴,288
台州,宁波,176
台州,台州,0
台州,金华,219
台州,义乌,215
台州,温州,138
台州,合肥,699
台州,蚌埠,743
台州,芜湖,555
台州,安庆,649
台州,福州,440
台州,厦门,683
台州,泉州,608
台州,南昌,659
台州,鹰潭,525
台州,赣州,949
台州,济南,1180
台州,潍坊,1076
台州,烟台,1231
台州,青岛,1125
台州,济宁,1048
台州,临沂,912
台州,郑州,1226
台州,漯河,1074
台州,信阳,1019
台州,洛阳,1293
台州,武汉,865
台州,荆州,1076
台州,襄阳,1173
台州,长沙,998
台州,常德,1173
台州,衡阳,1104
台州,广州,1322
台州,汕头,918
台州,深圳,1253
台州,东莞,1265
台州,湛江,1692
台州,中山,1318
台州,南宁,1803
台州,柳州,1582
台州,海口,1874
台州,重庆,1723
台州,成都,1999
台州,南充,1794
台州,内江,1937
台州,贵阳,1766
台州,昆明,2262
台州,大理州,2583
台州,拉萨,4389
台州,西安,1612
台州,宝鸡,1783
台州,兰州,2234
台州,西宁,2452
台州,银川,2229
台州,乌鲁木齐,4196
台州,阿克苏,4922
台州,喀什,5394
金华,北京,1450
金华,天津,1368
金华,石家庄,1343
金华,唐山,1478
金华,廊坊,1413
金华,保定,1380
金华,太原,1535
金华,侯马,1393
金华,呼和浩特,1897
金华,包头,2074
金华,沈阳,2023
金华,大连,1350
金华,锦州,1802
金华,长春,2314
金华,哈尔滨,2573
金华,上海,326
金华,南京,452
金华,常州,378
金华,无锡,365
金华,苏州,306
金华,徐州,782
金华,连云港,761
金华,淮安,642
金华,盐城,559
金华,扬州,471
金华,南通,409
金华,杭州,179
金华,湖州,258
金华,嘉兴,238
金华,宁波,240
金华,台州,219
金华,金华,0
金华,义乌,63
金华,温州,214
金华,合肥,531
金华,蚌埠,648
金华,芜湖,441
金华,安庆,431
金华,福州,542
金华,厦门,756
金华,泉州,710
金华,南昌,441
金华,鹰潭,308
金华,赣州,732
金华,济南,1082
金华,潍坊,1027
金华,烟台,1182
金华,青岛,1076
金华,济宁,953
金华,临沂,863
金华,郑州,1131
金华,漯河,979
金华,信阳,858
金华,洛阳,1197
金华,武汉,647
金华,荆州,859
金华,襄阳,956
金华,长沙,781
金华,常德,956
金华,衡阳,886
金华,广州,1121
金华,汕头,1008
金华,深圳,1144
金华,东莞,1129
金华,湛江,1539
金华,中山,1196
金华,南宁,1585
金华,柳州,1365
金华,海口,1722
金华,重庆,1506
金华,成都,1782
金华,南充,1577
金华,内江,1719
金华,贵阳,1549
金华,昆明,2044
金华,大理州,2366
金华,拉萨,4168
金华,西安,1391
金华,宝鸡,1562
金华,兰州,2013
金华,西宁,2231
金华,银川,2089
金华,乌鲁木齐,3975
金华,阿克苏,4701
金华,喀什,5173
义乌,北京,1408
义乌,天津,1326
义乌,石家庄,1301
义乌,唐山,1435
义乌,廊坊,1371
义乌,保定,1338
义乌,太原,1493
义乌,侯马,1351
义乌,呼和浩特,1855
义乌,包头,2031
义乌,沈阳,1981
义乌,大连,1308
义乌,锦州,1760
义乌,长春,2272
义乌,哈尔滨,2530
义乌,上海,284
义乌,南京,409
义乌,常州,336
义乌,无锡,323
义乌,苏州,264
义乌,徐州,740
义乌,连云港,719
义乌,淮安,599
义乌,盐城,517
义乌,扬州,428
义乌,南通,367
义乌,杭州,137
义乌,湖州,216
义乌,嘉兴,196
义乌,宁波,190
义乌,台州,215
义乌,金华,59
义乌,义乌,0
义乌,温州,210
义乌,合肥,536
义乌,蚌埠,606
义乌,芜湖,399
义乌,安庆,476
义乌,福州,537
义乌,厦门,799
义乌,泉州,704
义乌,南昌,486
义乌,鹰潭,352
义乌,赣州,776
义乌,济南,1039
义乌,潍坊,985
义乌,烟台,1140
义乌,青岛,1033
义乌,济宁,910
义乌,临沂,821
义乌,郑州,1088
义乌,漯河,937
义乌,信阳,856
义乌,洛阳,1155
义乌,武汉,692
义乌,荆州,903
义乌,襄阳,1000
义乌,长沙,825
义乌,常德,1000
义乌,衡阳,931
义乌,广州,1165
义乌,汕头,1017
义乌,深圳,1189
义乌,东莞,1174
义乌,湛江,1584
义乌,中山,1240
义乌,南宁,1630
义乌,柳州,1409
义乌,海口,1766
义乌,重庆,1550
义乌,成都,1826
义乌,南充,1621
义乌,内江,1764
义乌,贵阳,1593
义乌,昆明,2089
义乌,大理州,2410
义乌,拉萨,4225
义乌,西安,1448
义乌,宝鸡,1619
义乌,兰州,2070
义乌,西宁,2288
义乌,银川,2091
义乌,乌鲁木齐,4033
义乌,阿克苏,4759
义乌,喀什,5230
温州,北京,1577
温州,天津,1500
温州,石家庄,1470
温州,唐山,1609
温州,廊坊,1541
温州,保定,1508
温州,太原,1663
温州,侯马,1520
温州,呼和浩特,2024
温州,包头,2201
温州,沈阳,2161
温州,大连,1482
温州,锦州,1941
温州,长春,2452
温州,哈尔滨,2711
温州,上海,453
温州,南京,579
温州,常州,506
温州,无锡,497
温州,苏州,437
温州,徐州,910
温州,连云港,892
温州,淮安,769
温州,盐城,690
温州,扬州,598
温州,南通,540
温州,杭州,306
温州,湖州,385
温州,嘉兴,370
温州,宁波,270
温州,台州,128
温州,金华,215
温州,义乌,211
温州,温州,0
温州,合肥,705
温州,蚌埠,775
温州,芜湖,569
温州,安庆,631
温州,福州,319
温州,厦门,562
温州,泉州,486
温州,南昌,640
温州,鹰潭,507
温州,赣州,828
温州,济南,1209
温州,潍坊,1158
温州,烟台,1313
温州,青岛,1207
温州,济宁,1080
温州,临沂,994
温州,郑州,1258
温州,漯河,1106
温州,信阳,1025
温州,洛阳,1324
温州,武汉,847
温州,荆州,1058
温州,襄阳,1155
温州,长沙,980
温州,常德,1155
温州,衡阳,1029
温州,广州,1188
温州,汕头,797
温州,深圳,1132
温州,东莞,1143
温州,湛江,1570
温州,中山,1196
温州,南宁,1727
温州,柳州,1507
温州,海口,1753
温州,重庆,1705
温州,成都,1981
温州,南充,1804
温州,内江,1918
温州,贵阳,1748
温州,昆明,2244
温州,大理州,2565
温州,拉萨,4394
温州,西安,1618
温州,宝鸡,1789
温州,兰州,2240
温州,西宁,2458
温州,银川,2261
温州,乌鲁木齐,4202
温州,阿克苏,4928
温州,喀什,5400
合肥,北京,1014
合肥,天津,942
合肥,石家庄,874
合肥,唐山,1051
合肥,廊坊,978
合肥,保定,947
合肥,太原,999
合肥,侯马,853
合肥,呼和浩特,1463
合肥,包头,1640
合肥,沈阳,1596
合肥,大连,1063
合肥,锦州,1375
合肥,长春,1887
合肥,哈尔滨,2145
合肥,上海,465
合肥,南京,171
合肥,常州,305
合肥,无锡,341
合肥,苏州,385
合肥,徐州,320
合肥,连云港,473
合肥,淮安,338
合肥,盐城,423
合肥,扬州,255
合肥,南通,406
合肥,杭州,412
合肥,湖州,349
合肥,嘉兴,429
合肥,宁波,580
合肥,台州,695
合肥,金华,533
合肥,义乌,532
合肥,温州,702
合肥,合肥,0
合肥,蚌埠,149
合肥,芜湖,151
合肥,安庆,172
合肥,福州,873
合肥,厦门,1015
合肥,泉州,997
合肥,南昌,431
合肥,鹰潭,469
合肥,赣州,819
合肥,济南,646
合肥,潍坊,743
合肥,烟台,894
合肥,青岛,788
合肥,济宁,484
合肥,临沂,512
合肥,郑州,595
合肥,漯河,439
合肥,信阳,336
合肥,洛阳,657
合肥,武汉,379
合肥,荆州,597
合肥,襄阳,624
合肥,长沙,745
合肥,常德,762
合肥,衡阳,899
合肥,广州,1208
合肥,汕头,1150
合肥,深圳,1242
合肥,东莞,1227
合肥,湛江,1627
合肥,中山,1294
合肥,南宁,1588
合肥,柳州,1368
合肥,海口,1809
合肥,重庆,1238
合肥,成都,1513
合肥,南充,1300
合肥,内江,1468
合肥,贵阳,1420
合肥,昆明,1935
合肥,大理州,2256
合肥,拉萨,3705
合肥,西安,928
合肥,宝鸡,1100
合肥,兰州,1550
合肥,西宁,1768
合肥,银川,1626
合肥,乌鲁木齐,3513
合肥,阿克苏,4239
合肥,喀什,4710
蚌埠,北京,876
蚌埠,天津,804
蚌埠,石家庄,762
蚌埠,唐山,913
蚌埠,廊坊,840
蚌埠,保定,806
蚌埠,太原,902
蚌埠,侯马,760
蚌埠,呼和浩特,1323
蚌埠,包头,1500
蚌埠,沈阳,1465
蚌埠,大连,974
蚌埠,锦州,1244
蚌埠,长春,1755
蚌埠,哈尔滨,2014
蚌埠,上海,484
蚌埠,南京,206
蚌埠,常州,318
蚌埠,无锡,359
蚌埠,苏州,404
蚌埠,徐州,182
蚌埠,连云港,385
蚌埠,淮安,275
蚌埠,盐城,345
蚌埠,扬州,247
蚌埠,南通,399
蚌埠,杭州,488
蚌埠,湖州,405
蚌埠,嘉兴,486
蚌埠,宁波,634
蚌埠,台州,769
蚌埠,金华,654
蚌埠,义乌,611
蚌埠,温州,780
蚌埠,合肥,149
蚌埠,蚌埠,0
蚌埠,芜湖,242
蚌埠,安庆,315
蚌埠,福州,1016
蚌埠,厦门,1159
蚌埠,泉州,1141
蚌埠,南昌,575
蚌埠,鹰潭,613
蚌埠,赣州,963
蚌埠,济南,508
蚌埠,潍坊,605
蚌埠,烟台,806
蚌埠,青岛,699
蚌埠,济宁,346
蚌埠,临沂,374
蚌埠,郑州,497
蚌埠,漯河,345
蚌埠,信阳,430
蚌埠,洛阳,564
蚌埠,武汉,473
蚌埠,荆州,691
蚌埠,襄阳,636
蚌埠,长沙,841
蚌埠,常德,856
蚌埠,衡阳,996
蚌埠,广州,1352
蚌埠,汕头,1294
蚌埠,深圳,1386
蚌埠,东莞,1371
蚌埠,湛江,1771
蚌埠,中山,1437
蚌埠,南宁,1685
蚌埠,柳州,1465
蚌埠,海口,1955
蚌埠,重庆,1332
蚌埠,成都,1607
蚌埠,南充,1394
蚌埠,内江,1562
蚌埠,贵阳,1514
蚌埠,昆明,2029
蚌埠,大理州,2351
蚌埠,拉萨,3686
蚌埠,西安,917
蚌埠,宝鸡,1089
蚌埠,兰州,1531
蚌埠,西宁,1749
蚌埠,银川,1500
蚌埠,乌鲁木齐,3493
蚌埠,阿克苏,4219
蚌埠,喀什,4691
芜湖,北京,1097
芜湖,天津,1024
芜湖,石家庄,990
芜湖,唐山,1133
芜湖,廊坊,1060
芜湖,保定,1027
芜湖,太原,1134
芜湖,侯马,987
芜湖,呼和浩特,1544
芜湖,包头,1721
芜湖,沈阳,1685
芜湖,大连,1026
芜湖,锦州,1465
芜湖,长春,1976
芜湖,哈尔滨,2236
芜湖,上海,355
芜湖,南京,109
芜湖,常州,203
芜湖,无锡,237
芜湖,苏州,280
芜湖,徐州,412
芜湖,连云港,431
芜湖,淮安,299
芜湖,盐城,374
芜湖,扬州,217
芜湖,南通,331
芜湖,杭州,275
芜湖,湖州,211
芜湖,嘉兴,292
芜湖,宁波,442
芜湖,台州,559
芜湖,金华,438
芜湖,义乌,394
芜湖,温州,563
芜湖,合肥,150
芜湖,蚌埠,240
芜湖,芜湖,0
芜湖,安庆,194
芜湖,福州,857
芜湖,厦门,1016
芜湖,泉州,998
芜湖,南昌,485
芜湖,鹰潭,470
芜湖,赣州,882
芜湖,济南,728
芜湖,潍坊,697
芜湖,烟台,852
芜湖,青岛,746
芜湖,济宁,576
芜湖,临沂,499
芜湖,郑州,729
芜湖,漯河,573
芜湖,信阳,470
芜湖,洛阳,791
芜湖,武汉,513
芜湖,荆州,733
芜湖,襄阳,757
芜湖,长沙,818
芜湖,常德,854
芜湖,衡阳,975
芜湖,广州,1261
芜湖,汕头,1151
芜湖,深圳,1289
芜湖,东莞,1272
芜湖,湛江,1683
芜湖,中山,1339
芜湖,南宁,1662
芜湖,柳州,1442
芜湖,海口,1867
芜湖,重庆,1419
芜湖,成都,1645
芜湖,南充,1435
芜湖,内江,1602
芜湖,贵阳,1511
芜湖,昆明,2032
芜湖,大理州,2348
芜湖,拉萨,3846
芜湖,西安,1064
芜湖,宝鸡,1234
芜湖,兰州,1682
芜湖,西宁,1908
芜湖,银川,1760
芜湖,乌鲁木齐,3646
芜湖,阿克苏,4372
芜湖,喀什,4843
安庆,北京,1180
安庆,天津,1107
安庆,石家庄,1040
安庆,唐山,1216
安庆,廊坊,1143
安庆,保定,1112
安庆,太原,1165
安庆,侯马,1019
安庆,呼和浩特,1629
安庆,包头,1806
安庆,沈阳,1761
安庆,大连,1204
安庆,锦州,1541
安庆,长春,2052
安庆,哈尔滨,2312
安庆,上海,488
安庆,南京,287
安庆,常州,381
安庆,无锡,415
安庆,苏州,437
安庆,徐州,488
安庆,连云港,609
安庆,淮安,477
安庆,盐城,552
安庆,扬州,394
安庆,南通,509
安庆,杭州,407
安庆,湖州,343
安庆,嘉兴,424
安庆,宁波,574
安庆,台州,651
安庆,金华,432
安庆,义乌,480
安庆,温州,629
安庆,合肥,171
安庆,蚌埠,314
安庆,芜湖,193
安庆,安庆,0
安庆,福州,705
安庆,厦门,847
安庆,泉州,829
安庆,南昌,317
安庆,鹰潭,302
安庆,赣州,713
安庆,济南,811
安庆,潍坊,875
安庆,烟台,1030
安庆,青岛,924
安庆,济宁,650
安庆,临沂,678
安庆,郑州,760
安庆,漯河,605
安庆,信阳,475
安庆,洛阳,823
安庆,武汉,343
安庆,荆州,573
安庆,襄阳,615
安庆,长沙,650
安庆,常德,687
安庆,衡阳,807
安庆,广州,1092
安庆,汕头,983
安庆,深圳,1120
安庆,东莞,1103
安庆,湛江,1514
安庆,中山,1170
安庆,南宁,1494
安庆,柳州,1274
安庆,海口,1698
安庆,重庆,1260
安庆,成都,1486
安庆,南充,1276
安庆,内江,1443
安庆,贵阳,1345
安庆,昆明,1865
安庆,大理州,2182
安庆,拉萨,3851
安庆,西安,1070
安庆,宝鸡,1243
安庆,兰州,1688
安庆,西宁,1907
安庆,银川,1766
安庆,乌鲁木齐,3665
安庆,阿克苏,4377
安庆,喀什,4850
福州,北京,1875
福州,天津,1809
福州,石家庄,1684
福州,唐山,1918
福州,廊坊,1854
福州,保定,1757
福州,太原,1809
福州,侯马,1663
福州,呼和浩特,2273
福州,包头,2450
福州,沈阳,2463
福州,大连,1809
福州,锦州,2243
福州,长春,2754
福州,哈尔滨,3014
福州,上海,771
福州,南京,894
福州,常州,886
福州,无锡,811
福州,苏州,751
福州,徐州,1189
福州,连云港,1214
福州,淮安,1091
福州,盐城,1004
福州,扬州,934
福州,南通,854
福州,杭州,681
福州,湖州,759
福州,嘉兴,690
福州,宁波,577
福州,台州,431
福州,金华,554
福州,义乌,602
福州,温州,318
福州,合肥,872
福州,蚌埠,1015
福州,芜湖,818
福州,安庆,707
福州,福州,0
福州,厦门,252
福州,泉州,176
福州,南昌,569
福州,鹰潭,451
福州,赣州,607
福州,济南,1512
福州,潍坊,1480
福州,烟台,1636
福州,青岛,1529
福州,济宁,1351
福州,临沂,1293
福州,郑州,1405
福州,漯河,1249
福州,信阳,1115
福州,洛阳,1469
福州,武汉,904
福州,荆州,1117
福州,襄阳,1212
福州,长沙,852
福州,常德,1030
福州,衡阳,828
福州,广州,874
福州,汕头,486
福州,深圳,822
福州,东莞,832
福州,湛江,1260
福州,中山,886
福州,南宁,1428
福州,柳州,1361
福州,海口,1444
福州,重庆,1781
福州,成都,2048
福州,南充,1844
福州,内江,1932
福州,贵阳,1574
福州,昆明,2068
福州,大理州,2384
福州,拉萨,4431
福州,西安,1650
福州,宝鸡,1819
福州,兰州,2267
福州,西宁,2486
福州,银川,2345
福州,乌鲁木齐,4244
福州,阿克苏,4957
福州,喀什,5429
厦门,北京,2014
厦门,天津,1949
厦门,石家庄,1850
厦门,唐山,2057
厦门,廊坊,1993
厦门,保定,1896
厦门,太原,1910
厦门,侯马,1745
厦门,呼和浩特,2412
厦门,包头,2589
厦门,沈阳,2603
厦门,大连,1998
厦门,锦州,2382
厦门,长春,2894
厦门,哈尔滨,3153
厦门,上海,1060
厦门,南京,1107
厦门,常州,1080
厦门,无锡,1086
厦门,苏州,992
厦门,徐州,1328
厦门,连云港,1409
厦门,淮安,1297
厦门,盐城,1289
厦门,扬州,1129
厦门,南通,1095
厦门,杭州,875
厦门,湖州,953
厦门,嘉兴,931
厦门,宁波,818
厦门,台州,672
厦门,金华,748
厦门,义乌,797
厦门,温州,559
厦门,合肥,1011
厦门,蚌埠,1155
厦门,芜湖,1014
厦门,安庆,847
厦门,福州,250
厦门,厦门,0
厦门,泉州,90
厦门,南昌,643
厦门,鹰潭,565
厦门,赣州,445
厦门,济南,1652
厦门,潍坊,1675
厦门,烟台,1830
厦门,青岛,1723
厦门,济宁,1490
厦门,临沂,1518
厦门,郑州,1505
厦门,漯河,1345
厦门,信阳,1189
厦门,洛阳,1543
厦门,武汉,979
厦门,荆州,1164
厦门,襄阳,1287
厦门,长沙,878
厦门,常德,1056
厦门,衡阳,793
厦门,广州,646
厦门,汕头,247
厦门,深圳,594
厦门,东莞,605
厦门,湛江,1032
厦门,中山,658
厦门,南宁,1200
厦门,柳州,1133
厦门,海口,1203
厦门,重庆,1770
厦门,成都,2051
厦门,南充,1870
厦门,内江,1898
厦门,贵阳,1470
厦门,昆明,1963
厦门,大理州,2280
厦门,拉萨,4505
厦门,西安,1724
厦门,宝鸡,1893
厦门,兰州,2341
厦门,西宁,2560
厦门,银川,2419
厦门,乌鲁木齐,4315
厦门,阿克苏,5031
厦门,喀什,5504
泉州,北京,2004
泉州,天津,1938
泉州,石家庄,1840
泉州,唐山,2046
泉州,廊坊,1982
泉州,保定,1885
泉州,太原,1900
泉州,侯马,1735
泉州,呼和浩特,2402
泉州,包头,2579
泉州,沈阳,2599
泉州,大连,1973
泉州,锦州,2379
泉州,长春,2890
泉州,哈尔滨,3150
泉州,上海,940
泉州,南京,1064
泉州,常州,1056
泉州,无锡,980
泉州,苏州,920
泉州,徐州,1317
泉州,连云港,1384
泉州,淮安,1261
泉州,盐城,1173
泉州,扬州,1104
泉州,南通,1022
泉州,杭州,850
泉州,湖州,929
泉州,嘉兴,859
泉州,宁波,746
泉州,台州,599
泉州,金华,724
泉州,义乌,772
泉州,温州,487
泉州,合肥,1001
泉州,蚌埠,1144
泉州,芜湖,987
泉州,安庆,836
泉州,福州,178
泉州,厦门,88
泉州,泉州,0
泉州,南昌,633
泉州,鹰潭,555
泉州,赣州,510
泉州,济南,1641
泉州,潍坊,1650
泉州,烟台,1805
泉州,青岛,1699
泉州,济宁,1480
泉州,临沂,1507
泉州,郑州,1495
泉州,漯河,1335
泉州,信阳,1179
泉州,洛阳,1533
泉州,武汉,968
泉州,荆州,1176
泉州,襄阳,1276
泉州,长沙,891
泉州,常德,1069
泉州,衡阳,806
泉州,广州,711
泉州,汕头,323
泉州,深圳,659
泉州,东莞,670
泉州,湛江,1097
泉州,中山,723
泉州,南宁,1265
泉州,柳州,1198
泉州,海口,1268
泉州,重庆,1762
泉州,成都,2064
泉州,南充,1882
泉州,内江,1910
泉州,贵阳,1534
泉州,昆明,2027
泉州,大理州,2344
泉州,拉萨,4495
泉州,西安,1713
泉州,宝鸡,1882
泉州,兰州,2331
泉州,西宁,2550
泉州,银川,2409
泉州,乌鲁木齐,4305
泉州,阿克苏,5020
泉州,喀什,5493
南昌,北京,1436
南昌,天津,1350
南昌,石家庄,1237
南昌,唐山,1458
南昌,廊坊,1415
南昌,保定,1318
南昌,太原,1296
南昌,侯马,1132
南昌,呼和浩特,1837
南昌,包头,2014
南昌,沈阳,2011
南昌,大连,1482
南昌,锦州,1791
南昌,长春,2302
南昌,哈尔滨,2562
南昌,上海,724
南昌,南京,616
南昌,常州,709
南昌,无锡,708
南昌,苏州,693
南昌,徐州,753
南昌,连云港,893
南昌,淮安,761
南昌,盐城,881
南昌,扬州,723
南昌,南通,795
南昌,杭州,539
南昌,湖州,617
南昌,嘉兴,644
南昌,宁波,694
南昌,台州,658
南昌,金华,442
南昌,义乌,490
南昌,温州,639
南昌,合肥,438
南昌,蚌埠,582
南昌,芜湖,522
南昌,安庆,355
南昌,福州,566
南昌,厦门,644
南昌,泉州,626
南昌,南昌,0
南昌,鹰潭,164
南昌,赣州,389
南昌,济南,1069
南昌,潍坊,1159
南昌,烟台,1315
南昌,青岛,1208
南昌,济宁,917
南昌,临沂,945
南昌,郑州,892
南昌,漯河,731
南昌,信阳,575
南昌,洛阳,929
南昌,武汉,365
南昌,荆州,578
南昌,襄阳,673
南昌,长沙,349
南昌,常德,536
南昌,衡阳,494
南昌,广州,786
南昌,汕头,763
南昌,深圳,813
南昌,东莞,797
南昌,湛江,1197
南昌,中山,863
南昌,南宁,1198
南昌,柳州,978
南昌,海口,1368
南昌,重庆,1240
南昌,成都,1495
南昌,南充,1323
南昌,内江,1430
南昌,贵阳,1161
南昌,昆明,1661
南昌,大理州,1978
南昌,拉萨,3892
南昌,西安,1110
南昌,宝鸡,1279
南昌,兰州,1728
南昌,西宁,1947
南昌,银川,1806
南昌,乌鲁木齐,3702
南昌,阿克苏,4417
南昌,喀什,4890
鹰潭,北京,1471
鹰潭,天津,1406
鹰潭,石家庄,1281
鹰潭,唐山,1514
鹰潭,廊坊,1450
鹰潭,保定,1353
鹰潭,太原,1406
鹰潭,侯马,1260
鹰潭,呼和浩特,1870
鹰潭,包头,2046
鹰潭,沈阳,2067
鹰潭,大连,1475
鹰潭,锦州,1846
鹰潭,长春,2358
鹰潭,哈尔滨,2617
鹰潭,上海,620
鹰潭,南京,565
鹰潭,常州,658
鹰潭,无锡,646
鹰潭,苏州,589
鹰潭,徐州,783
鹰潭,连云港,886
鹰潭,淮安,754
鹰潭,盐城,830
鹰潭,扬州,672
鹰潭,南通,692
鹰潭,杭州,435
鹰潭,湖州,514
鹰潭,嘉兴,540
鹰潭,宁波,547
鹰潭,台州,525
鹰潭,金华,309
鹰潭,义乌,357
鹰潭,温州,506
鹰潭,合肥,468
鹰潭,蚌埠,612
鹰潭,芜湖,471
鹰潭,安庆,304
鹰潭,福州,449
鹰潭,厦门,568
鹰潭,泉州,550
鹰潭,南昌,167
鹰潭,鹰潭,0
鹰潭,赣州,434
鹰潭,济南,1109
鹰潭,潍坊,1152
鹰潭,烟台,1308
鹰潭,青岛,1201
鹰潭,济宁,947
鹰潭,临沂,975
鹰潭,郑州,1001
鹰潭,漯河,845
鹰潭,信阳,715
鹰潭,洛阳,1064
鹰潭,武汉,504
鹰潭,荆州,717
鹰潭,襄阳,812
鹰潭,长沙,478
鹰潭,常德,667
鹰潭,衡阳,583
鹰潭,广州,812
鹰潭,汕头,703
鹰潭,深圳,840
鹰潭,东莞,825
鹰潭,湛江,1235
鹰潭,中山,891
鹰潭,南宁,1293
鹰潭,柳州,1073
鹰潭,海口,1406
鹰潭,重庆,1404
鹰潭,成都,1684
鹰潭,南充,1480
鹰潭,内江,1560
鹰潭,贵阳,1257
鹰潭,昆明,1757
鹰潭,大理州,2073
鹰潭,拉萨,4031
鹰潭,西安,1250
鹰潭,宝鸡,1419
鹰潭,兰州,1867
鹰潭,西宁,2086
鹰潭,银川,1945
鹰潭,乌鲁木齐,3844
鹰潭,阿克苏,4557
鹰潭,喀什,5029
赣州,北京,1748
赣州,天津,1733
赣州,石家庄,1549
赣州,唐山,1841
赣州,廊坊,1727
赣州,保定,1630
赣州,太原,1609
赣州,侯马,1444
赣州,呼和浩特,2150
赣州,包头,2326
赣州,沈阳,2394
赣州,大连,1862
赣州,锦州,2173
赣州,长春,2685
赣州,哈尔滨,2944
赣州,上海,1044
赣州,南京,970
赣州,常州,1064
赣州,无锡,1070
赣州,苏州,1013
赣州,徐州,1132
赣州,连云港,1273
赣州,淮安,1141
赣州,盐城,1235
赣州,扬州,1078
赣州,南通,1116
赣州,杭州,860
赣州,湖州,938
赣州,嘉兴,964
赣州,宁波,971
赣州,台州,949
赣州,金华,733
赣州,义乌,781
赣州,温州,828
赣州,合肥,818
赣州,蚌埠,961
赣州,芜湖,877
赣州,安庆,709
赣州,福州,602
赣州,厦门,447
赣州,泉州,514
赣州,南昌,388
赣州,鹰潭,428
赣州,赣州,0
赣州,济南,1446
赣州,潍坊,1539
赣州,烟台,1694
赣州,青岛,1587
赣州,济宁,1297
赣州,临沂,1324
赣州,郑州,1204
赣州,漯河,1044
赣州,信阳,875
赣州,洛阳,1242
赣州,武汉,657
赣州,荆州,788
赣州,襄阳,970
赣州,长沙,503
赣州,常德,681
赣州,衡阳,418
赣州,广州,427
赣州,汕头,491
赣州,深圳,454
赣州,东莞,439
赣州,湛江,838
赣州,中山,505
赣州,南宁,960
赣州,柳州,727
赣州,海口,1009
赣州,重庆,1374
赣州,成都,1676
赣州,南充,1495
赣州,内江,1523
赣州,贵阳,1035
赣州,昆明,1528
赣州,大理州,1845
赣州,拉萨,4194
赣州,西安,1407
赣州,宝鸡,1576
赣州,兰州,2024
赣州,西宁,2243
赣州,银川,2102
赣州,乌鲁木齐,4002
赣州,阿克苏,4715
赣州,喀什,5187
济南,北京,408
济南,天津,336
济南,石家庄,329
济南,唐山,444
济南,廊坊,371
济南,保定,364
济南,太原,537
济南,侯马,675
济南,呼和浩特,883
济南,包头,1060
济南,沈阳,997
济南,大连,615
济南,锦州,776
济南,长春,1288
济南,哈尔滨,1547
济南,上海,874
济南,南京,637
济南,常州,721
济南,无锡,742
济南,苏州,785
济南,徐州,323
济南,连云港,397
济南,淮安,497
济南,盐城,577
济南,扬州,638
济南,南通,751
济南,杭州,918
济南,湖州,835
济南,嘉兴,867
济南,宁波,1035
济南,台州,1150
济南,金华,1084
济南,义乌,1040
济南,温州,1209
济南,合肥,643
济南,蚌埠,510
济南,芜湖,726
济南,安庆,812
济南,福州,1510
济南,厦门,1652
济南,泉州,1634
济南,南昌,1058
济南,鹰潭,1106
济南,赣州,1447
济南,济南,0
济南,潍坊,202
济南,烟台,447
济南,青岛,389
济南,济宁,200
济南,临沂,275
济南,郑州,447
济南,漯河,520
济南,信阳,693
济南,洛阳,561
济南,武汉,850
济南,荆州,988
济南,襄阳,770
济南,长沙,1210
济南,常德,1132
济南,衡阳,1367
济南,广州,1840
济南,汕头,1787
济南,深圳,1870
济南,东莞,1855
济南,湛江,2180
济南,中山,1920
济南,南宁,2054
济南,柳州,1834
济南,海口,2351
济南,重庆,1569
济南,成都,1675
济南,南充,1507
济南,内江,1683
济南,贵阳,1790
济南,昆明,2311
济南,大理州,2627
济南,拉萨,3600
济南,西安,911
济南,宝鸡,1080
济南,兰州,1467
济南,西宁,1649
济南,银川,1154
济南,乌鲁木齐,3220
济南,阿克苏,3933
济南,喀什,4405
潍坊,北京,504
潍坊,天津,396
潍坊,石家庄,491
潍坊,唐山,504
潍坊,廊坊,467
潍坊,保定,496
潍坊,太原,699
潍坊,侯马,837
潍坊,呼和浩特,1006
潍坊,包头,1183
潍坊,沈阳,1050
潍坊,大连,418
潍坊,锦州,833
潍坊,长春,1341
潍坊,哈尔滨,1601
潍坊,上海,752
潍坊,南京,597
潍坊,常州,646
潍坊,无锡,666
潍坊,苏州,709
潍坊,徐州,423
潍坊,连云港,274
潍坊,淮安,408
潍坊,盐城,473
潍坊,扬州,561
潍坊,南通,629
潍坊,杭州,874
潍坊,湖州,773
潍坊,嘉兴,792
潍坊,宁波,941
潍坊,台州,1075
潍坊,金华,1027
潍坊,义乌,983
潍坊,温州,1152
潍坊,合肥,743
潍坊,蚌埠,611
潍坊,芜湖,697
潍坊,安庆,875
潍坊,福州,1470
潍坊,厦门,1697
潍坊,泉州,1637
潍坊,南昌,1150
潍坊,鹰潭,1151
潍坊,赣州,1539
潍坊,济南,208
潍坊,潍坊,0
潍坊,烟台,251
潍坊,青岛,192
潍坊,济宁,390
潍坊,临沂,256
潍坊,郑州,655
潍坊,漯河,723
潍坊,信阳,896
潍坊,洛阳,761
潍坊,武汉,1053
潍坊,荆州,1191
潍坊,襄阳,974
潍坊,长沙,1413
潍坊,常德,1336
潍坊,衡阳,1571
潍坊,广州,1943
潍坊,汕头,1832
潍坊,深圳,1969
潍坊,东莞,1954
潍坊,湛江,2383
潍坊,中山,2020
潍坊,南宁,2257
潍坊,柳州,2037
潍坊,海口,2554
潍坊,重庆,1772
潍坊,成都,1875
潍坊,南充,1707
潍坊,内江,1883
潍坊,贵阳,1994
潍坊,昆明,2514
潍坊,大理州,2831
潍坊,拉萨,3762
潍坊,西安,1111
潍坊,宝鸡,1280
潍坊,兰州,1629
潍坊,西宁,1811
潍坊,银川,1316
潍坊,乌鲁木齐,3336
潍坊,阿克苏,4055
潍坊,喀什,4528
烟台,北京,714
烟台,天津,606
烟台,石家庄,750
烟台,唐山,714
烟台,廊坊,677
烟台,保定,706
烟台,太原,959
烟台,侯马,1096
烟台,呼和浩特,1216
烟台,包头,1393
烟台,沈阳,555
烟台,大连,174
烟台,锦州,556
烟台,长春,867
烟台,哈尔滨,1126
烟台,上海,933
烟台,南京,778
烟台,常州,827
烟台,无锡,847
烟台,苏州,890
烟台,徐州,669
烟台,连云港,456
烟台,淮安,589
烟台,盐城,654
烟台,扬州,742
烟台,南通,810
烟台,杭州,1055
烟台,湖州,955
烟台,嘉兴,974
烟台,宁波,1122
烟台,台州,1256
烟台,金华,1208
烟台,义乌,1164
烟台,温州,1333
烟台,合肥,918
烟台,蚌埠,804
烟台,芜湖,878
烟台,安庆,1056
烟台,福州,1651
烟台,厦门,1878
烟台,泉州,1819
烟台,南昌,1331
烟台,鹰潭,1332
烟台,赣州,1720
烟台,济南,467
烟台,潍坊,260
烟台,烟台,0
烟台,青岛,152
烟台,济宁,649
烟台,临沂,516
烟台,郑州,914
烟台,漯河,982
烟台,信阳,1167
烟台,洛阳,1020
烟台,武汉,1290
烟台,荆州,1450
烟台,襄阳,1233
烟台,长沙,1659
烟台,常德,1595
烟台,衡阳,1816
烟台,广州,2124
烟台,汕头,2013
烟台,深圳,2151
烟台,东莞,2135
烟台,湛江,2528
烟台,中山,2201
烟台,南宁,2503
烟台,柳州,2283
烟台,海口,2698
烟台,重庆,2031
烟台,成都,2134
烟台,南充,1966
烟台,内江,2142
烟台,贵阳,2253
烟台,昆明,2773
烟台,大理州,3090
烟台,拉萨,4021
烟台,西安,1370
烟台,宝鸡,1539
烟台,兰州,1888
烟台,西宁,2070
烟台,银川,1575
烟台,乌鲁木齐,3546
烟台,阿克苏,4266
烟台,喀什,4738
青岛,北京,670
青岛,天津,562
青岛,石家庄,672
青岛,唐山,670
青岛,廊坊,633
青岛,保定,662
青岛,太原,885
青岛,侯马,1018
青岛,呼和浩特,1172
青岛,包头,1349
青岛,沈阳,713
青岛,大连,332
青岛,锦州,999
青岛,长春,1025
青岛,哈尔滨,1285
青岛,上海,800
青岛,南京,646
青岛,常州,694
青岛,无锡,715
青岛,苏州,757
青岛,徐州,536
青岛,连云港,323
青岛,淮安,457
青岛,盐城,521
青岛,扬州,610
青岛,南通,678
青岛,杭州,923
青岛,湖州,822
青岛,嘉兴,841
青岛,宁波,989
青岛,台州,1123
青岛,金华,1075
青岛,义乌,1032
青岛,温州,1201
青岛,合肥,786
青岛,蚌埠,671
青岛,芜湖,746
青岛,安庆,924
青岛,福州,1519
青岛,厦门,1745
青岛,泉州,1686
青岛,南昌,1199
青岛,鹰潭,1200
青岛,赣州,1587
青岛,济南,389
青岛,潍坊,196
青岛,烟台,154
青岛,青岛,0
青岛,济宁,517
青岛,临沂,383
青岛,郑州,812
青岛,漯河,879
青岛,信阳,1035
青岛,洛阳,925
青岛,武汉,1158
青岛,荆州,1353
青岛,襄阳,1135
青岛,长沙,1526
青岛,常德,1497
青岛,衡阳,1684
青岛,广州,1991
青岛,汕头,1880
青岛,深圳,2018
青岛,东莞,2002
青岛,湛江,2395
青岛,中山,2068
青岛,南宁,2370
青岛,柳州,2150
青岛,海口,2566
青岛,重庆,1934
青岛,成都,2039
青岛,南充,1872
青岛,内江,2048
青岛,贵阳,2155
青岛,昆明,2675
青岛,大理州,2992
青岛,拉萨,3943
青岛,西安,1276
青岛,宝鸡,1445
青岛,兰州,1885
青岛,西宁,1992
青岛,银川,1497
青岛,乌鲁木齐,3509
青岛,阿克苏,4222
青岛,喀什,4694
济宁,北京,569
济宁,天津,497
济宁,石家庄,463
济宁,唐山,605
济宁,廊坊,533
济宁,保定,500
济宁,太原,671
济宁,侯马,595
济宁,呼和浩特,1016
济宁,包头,1193
济宁,沈阳,1151
济宁,大连,774
济宁,锦州,934
济宁,长春,1442
济宁,哈尔滨,1702
济宁,上海,783
济宁,南京,512
济宁,常州,617
济宁,无锡,660
济宁,苏州,703
济宁,徐州,175
济宁,连云港,328
济宁,淮安,373
济宁,盐城,504
济宁,扬州,513
济宁,南通,682
济宁,杭州,794
济宁,湖州,710
济宁,嘉兴,786
济宁,宁波,954
济宁,台州,1068
济宁,金华,959
济宁,义乌,916
济宁,温州,1085
济宁,合肥,485
济宁,蚌埠,353
济宁,芜湖,578
济宁,安庆,654
济宁,福州,1352
济宁,厦门,1494
济宁,泉州,1476
济宁,南昌,910
济宁,鹰潭,949
济宁,赣州,1335
济宁,济南,201
济宁,潍坊,388
济宁,烟台,606
济宁,青岛,517
济宁,济宁,0
济宁,临沂,207
济宁,郑州,314
济宁,漯河,386
济宁,信阳,559
济宁,洛阳,427
济宁,武汉,716
济宁,荆州,854
济宁,襄阳,637
济宁,长沙,1076
济宁,常德,999
济宁,衡阳,1233
济宁,广州,1706
济宁,汕头,1630
济宁,深圳,1759
济宁,东莞,1743
济宁,湛江,2046
济宁,中山,1786
济宁,南宁,1920
济宁,柳州,1700
济宁,海口,2217
济宁,重庆,1435
济宁,成都,1541
济宁,南充,1373
济宁,内江,1549
济宁,贵阳,1657
济宁,昆明,2177
济宁,大理州,2494
济宁,拉萨,3556
济宁,西安,777
济宁,宝鸡,946
济宁,兰州,1387
济宁,西宁,1605
济宁,银川,1315
济宁,乌鲁木齐,3354
济宁,阿克苏,4066
济宁,喀什,4539
临沂,北京,636
临沂,天津,527
临沂,石家庄,555
临沂,唐山,636
临沂,廊坊,625
临沂,保定,592
临沂,太原,763
临沂,侯马,801
临沂,呼和浩特,1109
临沂,包头,1286
临沂,沈阳,1181
临沂,大连,653
临沂,锦州,964
临沂,长春,1472
临沂,哈尔滨,1732
临沂,上海,599
临沂,南京,418
临沂,常州,477
临沂,无锡,497
临沂,苏州,540
临沂,徐州,181
临沂,连云港,122
临沂,淮安,242
临沂,盐城,320
临沂,扬州,392
临沂,南通,476
临沂,杭州,722
临沂,湖州,604
临沂,嘉兴,640
临沂,宁波,788
临沂,台州,922
临沂,金华,874
临沂,义乌,831
临沂,温州,1000
临沂,合肥,501
临沂,蚌埠,368
临沂,芜湖,518
临沂,安庆,670
临沂,福州,1318
临沂,厦门,1510
临沂,泉州,1492
临沂,南昌,925
临沂,鹰潭,964
临沂,赣州,1351
临沂,济南,261
临沂,潍坊,250
临沂,烟台,486
临沂,青岛,379
临沂,济宁,224
临沂,临沂,0
临沂,郑州,520
临沂,漯河,543
临沂,信阳,698
临沂,洛阳,633
临沂,武汉,824
临沂,荆州,1041
临沂,襄阳,833
临沂,长沙,1215
临沂,常德,1195
临沂,衡阳,1372
临沂,广州,1747
临沂,汕头,1645
临沂,深圳,1774
临沂,东莞,1759
临沂,湛江,2185
临沂,中山,1825
临沂,南宁,2059
临沂,柳州,1839
临沂,海口,2356
临沂,重庆,1632
临沂,成都,1747
临沂,南充,1579
临沂,内江,1755
临沂,贵阳,1853
临沂,昆明,2374
临沂,大理州,2690
临沂,拉萨,3762
临沂,西安,983
临沂,宝鸡,1152
临沂,兰州,1593
临沂,西宁,1811
临沂,银川,1380
临沂,乌鲁木齐,3446
临沂,阿克苏,4159
临沂,喀什,4631
郑州,北京,703
郑州,天津,707
郑州,石家庄,419
郑州,唐山,815
郑州,廊坊,690
郑州,保定,544
郑州,太原,424
郑州,侯马,298
郑州,呼和浩特,888
郑州,包头,1064
郑州,沈阳,1361
郑州,大连,1061
郑州,锦州,1144
郑州,长春,1652
郑州,哈尔滨,1912
郑州,上海,954
郑州,南京,677
郑州,常州,788
郑州,无锡,831
郑州,苏州,874
郑州,徐州,375
郑州,连云港,578
郑州,淮安,556
郑州,盐城,688
郑州,扬州,689
郑州,南通,866
郑州,杭州,958
郑州,湖州,875
郑州,嘉兴,956
郑州,宁波,1104
郑州,台州,1239
郑州,金华,1124
郑州,义乌,1081
郑州,温州,1250
郑州,合肥,598
郑州,蚌埠,490
郑州,芜湖,716
郑州,安庆,767
郑州,福州,1407
郑州,厦门,1509
郑州,泉州,1491
郑州,南昌,884
郑州,鹰潭,1003
郑州,赣州,1272
郑州,济南,453
郑州,潍坊,649
郑州,烟台,894
郑州,青岛,816
郑州,济宁,320
郑州,临沂,506
郑州,郑州,0
郑州,漯河,180
郑州,信阳,353
郑州,洛阳,124
郑州,武汉,538
郑州,荆州,613
郑州,襄阳,396
郑州,长沙,821
郑州,常德,758
郑州,衡阳,978
郑州,广州,1458
郑州,汕头,1644
郑州,深圳,1573
郑州,东莞,1499
郑州,湛江,1791
郑州,中山,1538
郑州,南宁,1665
郑州,柳州,1445
郑州,海口,1962
郑州,重庆,1147
郑州,成都,1238
郑州,南充,1070
郑州,内江,1246
郑州,贵阳,1416
郑州,昆明,1936
郑州,大理州,2253
郑州,拉萨,3253
郑州,西安,475
郑州,宝鸡,644
郑州,兰州,1084
郑州,西宁,1303
郑州,银川,1033
郑州,乌鲁木齐,3061
郑州,阿克苏,3774
郑州,喀什,4246
漯河,北京,813
漯河,天津,797
漯河,石家庄,542
漯河,唐山,905
漯河,廊坊,791
漯河,保定,666
漯河,太原,585
漯河,侯马,434
漯河,呼和浩特,1049
漯河,包头,1226
漯河,沈阳,1451
漯河,大连,1152
漯河,锦州,1231
漯河,长春,1742
漯河,哈尔滨,2002
漯河,上海,806
漯河,南京,529
漯河,常州,641
漯河,无锡,683
漯河,苏州,726
漯河,徐州,357
漯河,连云港,557
漯河,淮安,536
漯河,盐城,652
漯河,扬州,569
漯河,南通,722
漯河,杭州,810
漯河,湖州,727
漯河,嘉兴,808
漯河,宁波,956
漯河,台州,1093
漯河,金华,958
漯河,义乌,933
漯河,温州,1101
漯河,合肥,431
漯河,蚌埠,342
漯河,芜湖,566
漯河,安庆,600
漯河,福州,1240
漯河,厦门,1339
漯河,泉州,1321
漯河,南昌,714
漯河,鹰潭,837
漯河,赣州,1103
漯河,济南,525
漯河,潍坊,720
漯河,烟台,979
漯河,青岛,872
漯河,济宁,391
漯河,临沂,546
漯河,郑州,180
漯河,漯河,0
漯河,信阳,186
漯河,洛阳,232
漯河,武汉,371
漯河,荆州,522
漯河,襄阳,304
漯河,长沙,703
漯河,常德,666
漯河,衡阳,860
漯河,广州,1333
漯河,汕头,1475
漯河,深圳,1405
漯河,东莞,1372
漯河,湛江,1673
漯河,中山,1413
漯河,南宁,1547
漯河,柳州,1327
漯河,海口,1846
漯河,重庆,1103
漯河,成都,1290
漯河,南充,1080
漯河,内江,1270
漯河,贵阳,1324
漯河,昆明,1845
漯河,大理州,2161
漯河,拉萨,3367
漯河,西安,588
漯河,宝鸡,757
漯河,兰州,1198
漯河,西宁,1417
漯河,银川,1172
漯河,乌鲁木齐,3173
漯河,阿克苏,3888
漯河,喀什,4360
信阳,北京,985
信阳,天津,969
信阳,石家庄,714
信阳,唐山,1077
信阳,廊坊,963
信阳,保定,838
信阳,太原,757
信阳,侯马,576
信阳,呼和浩特,1221
信阳,包头,1398
信阳,沈阳,1630
信阳,大连,1316
信阳,锦州,1410
信阳,长春,1921
信阳,哈尔滨,2181
信阳,上海,784
信阳,南京,497
信阳,常州,626
信阳,无锡,661
信阳,苏州,704
信阳,徐州,521
信阳,连云港,721
信阳,淮安,700
信阳,盐城,786
信阳,扬州,602
信阳,南通,755
信阳,杭州,732
信阳,湖州,679
信阳,嘉兴,749
信阳,宁波,899
信阳,台州,1016
信阳,金华,862
信阳,义乌,853
信阳,温州,1021
信阳,合肥,335
信阳,蚌埠,430
信阳,芜湖,470
信阳,安庆,478
信阳,福州,1115
信阳,厦门,1191
信阳,泉州,1173
信阳,南昌,566
信阳,鹰潭,713
信阳,赣州,955
信阳,济南,697
信阳,潍坊,892
信阳,烟台,1143
信阳,青岛,1036
信阳,济宁,563
信阳,临沂,710
信阳,郑州,352
信阳,漯河,195
信阳,信阳,0
信阳,洛阳,374
信阳,武汉,210
信阳,荆州,394
信阳,襄阳,307
信阳,长沙,543
信阳,常德,557
信阳,衡阳,700
信阳,广州,1173
信阳,汕头,1326
信阳,深圳,1245
信阳,东莞,1212
信阳,湛江,1513
信阳,中山,1252
信阳,南宁,1387
信阳,柳州,1167
信阳,海口,1685
信阳,重庆,1027
信阳,成都,1293
信阳,南充,1084
信阳,内江,1210
信阳,贵阳,1215
信阳,昆明,1736
信阳,大理州,2052
信阳,拉萨,3402
信阳,西安,615
信阳,宝鸡,788
信阳,兰州,1232
信阳,西宁,1451
信阳,银川,1313
信阳,乌鲁木齐,3208
信阳,阿克苏,3922
信阳,喀什,4395
洛阳,北京,804
洛阳,天津,808
洛阳,石家庄,520
洛阳,唐山,917
洛阳,廊坊,791
洛阳,保定,645
洛阳,太原,415
洛阳,侯马,223
洛阳,呼和浩特,879
洛阳,包头,1056
洛阳,沈阳,1463
洛阳,大连,1169
洛阳,锦州,1242
洛阳,长春,1754
洛阳,哈尔滨,2013
洛阳,上海,1026
洛阳,南京,749
洛阳,常州,861
洛阳,无锡,902
洛阳,苏州,946
洛阳,徐州,489
洛阳,连云港,689
洛阳,淮安,668
洛阳,盐城,784
洛阳,扬州,789
洛阳,南通,962
洛阳,杭州,1030
洛阳,湖州,947
洛阳,嘉兴,1028
洛阳,宁波,1175
洛阳,台州,1313
洛阳,金华,1178
洛阳,义乌,1153
洛阳,温州,1321
洛阳,合肥,651
洛阳,蚌埠,562
洛阳,芜湖,786
洛阳,安庆,820
洛阳,福州,1460
洛阳,厦门,1538
洛阳,泉州,1520
洛阳,南昌,913
洛阳,鹰潭,1057
洛阳,赣州,1312
洛阳,济南,565
洛阳,潍坊,750
洛阳,烟台,996
洛阳,青岛,928
洛阳,济宁,432
洛阳,临沂,618
洛阳,郑州,127
洛阳,漯河,227
洛阳,信阳,376
洛阳,洛阳,0
洛阳,武汉,566
洛阳,荆州,569
洛阳,襄阳,351
洛阳,长沙,829
洛阳,常德,713
洛阳,衡阳,986
洛阳,广州,1466
洛阳,汕头,1674
洛阳,深圳,1572
洛阳,东莞,1505
洛阳,湛江,1799
洛阳,中山,1546
洛阳,南宁,1673
洛阳,柳州,1453
洛阳,海口,1972
洛阳,重庆,1044
洛阳,成都,1133
洛阳,南充,968
洛阳,内江,1144
洛阳,贵阳,1371
洛阳,昆明,1843
洛阳,大理州,2160
洛阳,拉萨,3152
洛阳,西安,372
洛阳,宝鸡,545
洛阳,兰州,982
洛阳,西宁,1201
洛阳,银川,964
洛阳,乌鲁木齐,2958
洛阳,阿克苏,3672
洛阳,喀什,4144
武汉,北京,1156
武汉,天津,1140
武汉,石家庄,899
武汉,唐山,1248
武汉,廊坊,1134
武汉,保定,1023
武汉,太原,942
武汉,侯马,774
武汉,呼和浩特,1406
武汉,包头,1583
武汉,沈阳,1801
武汉,大连,1434
武汉,锦州,1581
武汉,长春,2092
武汉,哈尔滨,2352
武汉,上海,827
武汉,南京,538
武汉,常州,669
武汉,无锡,704
武汉,苏州,747
武汉,徐州,646
武汉,连云港,844
武汉,淮安,732
武汉,盐城,829
武汉,扬州,645
武汉,南通,798
武汉,杭州,745
武汉,湖州,687
武汉,嘉兴,762
武汉,宁波,912
武汉,台州,866
武汉,金华,650
武汉,义乌,698
武汉,温州,847
武汉,合肥,378
武汉,蚌埠,473
武汉,芜湖,513
武汉,安庆,345
武汉,福州,903
武汉,厦门,979
武汉,泉州,961
武汉,南昌,354
武汉,鹰潭,501
武汉,赣州,783
武汉,济南,853
武汉,潍坊,1048
武汉,烟台,1266
武汉,青岛,1159
武汉,济宁,719
武汉,临沂,836
武汉,郑州,537
武汉,漯河,380
武汉,信阳,213
武汉,洛阳,572
武汉,武汉,0
武汉,荆州,224
武汉,襄阳,307
武汉,长沙,355
武汉,常德,393
武汉,衡阳,512
武汉,广州,985
武汉,汕头,1114
武汉,深圳,1057
武汉,东莞,1024
武汉,湛江,1325
武汉,中山,1065
武汉,南宁,1199
武汉,柳州,979
武汉,海口,1498
武汉,重庆,940
武汉,成都,1167
武汉,南充,957
武汉,内江,1123
武汉,贵阳,1050
武汉,昆明,1570
武汉,大理州,1887
武汉,拉萨,3532
武汉,西安,744
武汉,宝鸡,913
武汉,兰州,1363
武汉,西宁,1582
武汉,银川,1440
武汉,乌鲁木齐,3337
武汉,阿克苏,4053
武汉,喀什,4525
荆州,北京,1258
荆州,天津,1243
荆州,石家庄,987
荆州,唐山,1352
荆州,廊坊,1238
荆州,保定,1112
荆州,太原,950
荆州,侯马,757
荆州,呼和浩特,1414
荆州,包头,1532
荆州,沈阳,1897
荆州,大连,1578
荆州,锦州,1677
荆州,长春,2188
荆州,哈尔滨,2448
荆州,上海,1053
荆州,南京,751
荆州,常州,885
荆州,无锡,922
荆州,苏州,965
荆州,徐州,850
荆州,连云港,1053
荆州,淮安,950
荆州,盐城,1047
荆州,扬州,863
荆州,南通,1016
荆州,杭州,971
荆州,湖州,914
荆州,嘉兴,989
荆州,宁波,1139
荆州,台州,1077
荆州,金华,861
荆州,义乌,909
荆州,温州,1058
荆州,合肥,596
荆州,蚌埠,691
荆州,芜湖,731
荆州,安庆,572
荆州,福州,1114
荆州,厦门,1172
荆州,泉州,1172
荆州,南昌,565
荆州,鹰潭,712
荆州,赣州,788
荆州,济南,970
荆州,潍坊,1166
荆州,烟台,1411
荆州,青岛,1333
荆州,济宁,837
荆州,临沂,1042
荆州,郑州,595
荆州,漯河,502
荆州,信阳,396
荆州,洛阳,555
荆州,武汉,225
荆州,荆州,0
荆州,襄阳,213
荆州,长沙,331
荆州,常德,168
荆州,衡阳,488
荆州,广州,965
荆州,汕头,1221
荆州,深圳,1071
荆州,东莞,1004
荆州,湛江,1259
荆州,中山,1074
荆州,南宁,1095
荆州,柳州,875
荆州,海口,1430
荆州,重庆,684
荆州,成都,940
荆州,南充,766
荆州,内江,877
荆州,贵阳,826
荆州,昆明,1346
荆州,大理州,1663
荆州,拉萨,3455
荆州,西安,667
荆州,宝鸡,836
荆州,兰州,1285
荆州,西宁,1504
荆州,银川,1363
荆州,乌鲁木齐,3259
荆州,阿克苏,3975
荆州,喀什,4447
襄阳,北京,1060
襄阳,天津,1044
襄阳,石家庄,789
襄阳,唐山,1153
襄阳,廊坊,1040
襄阳,保定,913
襄阳,太原,751
襄阳,侯马,559
襄阳,呼和浩特,1215
襄阳,包头,1334
襄阳,沈阳,1698
襄阳,大连,1380
襄阳,锦州,1478
襄阳,长春,1989
襄阳,哈尔滨,2248
襄阳,上海,1078
襄阳,南京,801
襄阳,常州,912
襄阳,无锡,955
襄阳,苏州,998
襄阳,徐州,651
襄阳,连云港,854
襄阳,淮安,833
襄阳,盐城,949
襄阳,扬州,841
襄阳,南通,994
襄阳,杭州,1016
襄阳,湖州,965
襄阳,嘉兴,1034
襄阳,宁波,1184
襄阳,台州,1177
襄阳,金华,960
襄阳,义乌,1009
襄阳,温州,1157
襄阳,合肥,620
襄阳,蚌埠,639
襄阳,芜湖,755
襄阳,安庆,619
襄阳,福州,1213
襄阳,厦门,1290
襄阳,泉州,1272
襄阳,南昌,665
襄阳,鹰潭,811
襄阳,赣州,1013
襄阳,济南,772
襄阳,潍坊,967
襄阳,烟台,1212
襄阳,青岛,1135
襄阳,济宁,639
襄阳,临沂,843
襄阳,郑州,396
襄阳,漯河,304
襄阳,信阳,314
襄阳,洛阳,356
襄阳,武汉,308
襄阳,荆州,233
襄阳,襄阳,0
襄阳,长沙,552
襄阳,常德,377
襄阳,衡阳,707
襄阳,广州,1189
襄阳,汕头,1425
襄阳,深圳,1295
襄阳,东莞,1230
襄阳,湛江,1468
襄阳,中山,1269
襄阳,南宁,1304
襄阳,柳州,1084
襄阳,海口,1639
襄阳,重庆,851
襄阳,成都,1037
襄阳,南充,825
襄阳,内江,1015
襄阳,贵阳,1035
襄阳,昆明,1556
襄阳,大理州,1872
襄阳,拉萨,3256
襄阳,西安,469
襄阳,宝鸡,638
襄阳,兰州,1086
襄阳,西宁,1312
襄阳,银川,1164
襄阳,乌鲁木齐,3062
襄阳,阿克苏,3776
襄阳,喀什,4249
长沙,北京,1491
长沙,天津,1475
长沙,石家庄,1218
长沙,唐山,1583
长沙,廊坊,1469
长沙,保定,1344
长沙,太原,1230
长沙,侯马,1038
长沙,呼和浩特,1694
长沙,包头,1871
长沙,沈阳,2129
长沙,大连,1816
长沙,锦州,1909
长沙,长春,2420
长沙,哈尔滨,2680
长沙,上海,1085
长沙,南京,888
长沙,常州,1011
长沙,无锡,1046
长沙,苏州,1036
长沙,徐州,1024
长沙,连云港,1227
长沙,淮安,1088
长沙,盐城,1185
长沙,扬州,1000
长沙,南通,1139
长沙,杭州,882
长沙,湖州,974
长沙,嘉兴,1005
长沙,宁波,1012
长沙,台州,990
长沙,金华,774
长沙,义乌,822
长沙,温州,971
长沙,合肥,733
长沙,蚌埠,828
长沙,芜湖,824
长沙,安庆,638
长沙,福州,855
长沙,厦门,888
长沙,泉州,889
长沙,南昌,352
长沙,鹰潭,480
长沙,赣州,506
长沙,济南,1197
长沙,潍坊,1398
长沙,烟台,1649
长沙,青岛,1542
长沙,济宁,1069
长沙,临沂,1216
长沙,郑州,822
长沙,漯河,701
长沙,信阳,534
长沙,洛阳,836
长沙,武汉,348
长沙,荆州,328
长沙,襄阳,552
长沙,长沙,0
长沙,常德,175
长沙,衡阳,191
长沙,广州,683
长沙,汕头,941
长沙,深圳,789
长沙,东莞,723
长沙,湛江,1004
长沙,中山,763
长沙,南宁,877
长沙,柳州,657
长沙,海口,1175
长沙,重庆,924
长沙,成都,1193
长沙,南充,989
长沙,内江,1080
长沙,贵阳,795
长沙,昆明,1315
长沙,大理州,1632
长沙,拉萨,3212
长沙,西安,1008
长沙,宝鸡,1177
长沙,兰州,1625
长沙,西宁,1844
长沙,银川,1704
长沙,乌鲁木齐,3599
长沙,阿克苏,4315
长沙,喀什,4788
常德,北京,1424
常德,天津,1409
常德,石家庄,1151
常德,唐山,1517
常德,廊坊,1403
常德,保定,1277
常德,太原,1115
常德,侯马,923
常德,呼和浩特,1581
常德,包头,1698
常德,沈阳,2063
常德,大连,1750
常德,锦州,1842
常德,长春,2354
常德,哈尔滨,2613
常德,上海,1167
常德,南京,916
常德,常州,1064
常德,无锡,1098
常德,苏州,1120
常德,徐州,1015
常德,连云港,1218
常德,淮安,1116
常德,盐城,1213
常德,扬州,1029
常德,南通,1192
常德,杭州,1022
常德,湖州,1026
常德,嘉兴,1107
常德,宁波,1196
常德,台州,1176
常德,金华,957
常德,义乌,1001
常德,温州,1155
常德,合肥,761
常德,蚌埠,856
常德,芜湖,876
常德,安庆,690
常德,福州,1027
常德,厦门,1060
常德,泉州,1061
常德,南昌,533
常德,鹰潭,664
常德,赣州,679
常德,济南,1131
常德,潍坊,1332
常德,烟台,1577
常德,青岛,1499
常德,济宁,1003
常德,临沂,1208
常德,郑州,760
常德,漯河,668
常德,信阳,562
常德,洛阳,721
常德,武汉,390
常德,荆州,201
常德,襄阳,378
常德,长沙,173
常德,常德,0
常德,衡阳,330
常德,广州,839
常德,汕头,1111
常德,深圳,953
常德,东莞,885
常德,湛江,1101
常德,中山,916
常德,南宁,937
常德,柳州,717
常德,海口,1274
常德,重庆,773
常德,成都,1027
常德,南充,824
常德,内江,915
常德,贵阳,650
常德,昆明,1170
常德,大理州,1487
常德,拉萨,3047
常德,西安,833
常德,宝鸡,1002
常德,兰州,1451
常德,西宁,1670
常德,银川,1529
常德,乌鲁木齐,3426
常德,阿克苏,4140
常德,喀什,4613
衡阳,北京,1658
衡阳,天津,1642
衡阳,石家庄,1386
衡阳,唐山,1750
衡阳,廊坊,1636
衡阳,保定,1511
衡阳,太原,1385
衡阳,侯马,1192
衡阳,呼和浩特,1849
衡阳,包头,2025
衡阳,沈阳,2296
衡阳,大连,1989
衡阳,锦州,2076
衡阳,长春,2587
衡阳,哈尔滨,2847
衡阳,上海,1196
衡阳,南京,1085
衡阳,常州,1178
衡阳,无锡,1213
衡阳,苏州,1176
衡阳,徐州,1194
衡阳,连云港,1394
衡阳,淮安,1255
衡阳,盐城,1352
衡阳,扬州,1167
衡阳,南通,1282
衡阳,杭州,1011
衡阳,湖州,1090
衡阳,嘉兴,1115
衡阳,宁波,1123
衡阳,台州,1103
衡阳,金华,884
衡阳,义乌,928
衡阳,温州,1028
衡阳,合肥,900
衡阳,蚌埠,995
衡阳,芜湖,991
衡阳,安庆,805
衡阳,福州,828
衡阳,厦门,802
衡阳,泉州,803
衡阳,南昌,497
衡阳,鹰潭,591
衡阳,赣州,421
衡阳,济南,1364
衡阳,潍坊,1565
衡阳,烟台,1816
衡阳,青岛,1709
衡阳,济宁,1236
衡阳,临沂,1383
衡阳,郑州,976
衡阳,漯河,868
衡阳,信阳,701
衡阳,洛阳,990
衡阳,武汉,515
衡阳,荆州,482
衡阳,襄阳,706
衡阳,长沙,191
衡阳,常德,330
衡阳,衡阳,0
衡阳,广州,539
衡阳,汕头,829
衡阳,深圳,648
衡阳,东莞,578
衡阳,湛江,836
衡阳,中山,618
衡阳,南宁,706
衡阳,柳州,486
衡阳,海口,1009
衡阳,重庆,991
衡阳,成都,1273
衡阳,南充,1110
衡阳,内江,1118
衡阳,贵阳,761
衡阳,昆明,1254
衡阳,大理州,1571
衡阳,拉萨,3241
衡阳,西安,1162
衡阳,宝鸡,1335
衡阳,兰州,1780
衡阳,西宁,1999
衡阳,银川,1858
衡阳,乌鲁木齐,3755
衡阳,阿克苏,4470
衡阳,喀什,4942
广州,北京,2130
广州,天津,2115
广州,石家庄,1858
广州,唐山,2223
广州,廊坊,2109
广州,保定,1984
广州,太原,1864
广州,侯马,1672
广州,呼和浩特,2328
广州,包头,2505
广州,沈阳,2769
广州,大连,2262
广州,锦州,2548
广州,长春,3060
广州,哈尔滨,3319
广州,上海,1431
广州,南京,1357
广州,常州,1450
广州,无锡,1458
广州,苏州,1411
广州,徐州,1529
广州,连云港,1667
广州,淮安,1535
广州,盐城,1622
广州,扬州,1464
广州,南通,1517
广州,杭州,1246
广州,湖州,1325
广州,嘉兴,1350
广州,宁波,1358
广州,台州,1296
广州,金华,1119
广州,义乌,1168
广州,温州,1184
广州,合肥,1212
广州,蚌埠,1355
广州,芜湖,1263
广州,安庆,1096
广州,福州,875
广州,厦门,646
广州,泉州,715
广州,南昌,782
广州,鹰潭,815
广州,赣州,429
广州,济南,1834
广州,潍坊,1933
广州,烟台,2088
广州,青岛,1981
广州,济宁,1691
广州,临沂,1718
广州,郑州,1498
广州,漯河,1341
广州,信阳,1173
广州,洛阳,1469
广州,武汉,987
广州,荆州,961
广州,襄阳,1185
广州,长沙,674
广州,常德,841
广州,衡阳,530
广州,广州,0
广州,汕头,424
广州,深圳,144
广州,东莞,65
广州,湛江,416
广州,中山,86
广州,南宁,562
广州,柳州,500
广州,海口,589
广州,重庆,1334
广州,成都,1580
广州,南充,1500
广州,内江,1419
广州,贵阳,943
广州,昆明,1387
广州,大理州,1710
广州,拉萨,3528
广州,西安,1642
广州,宝鸡,1811
广州,兰州,2259
广州,西宁,2478
广州,银川,2337
广州,乌鲁木齐,4233
广州,阿克苏,4949
广州,喀什,5422
汕头,北京,2153
汕头,天津,2087
汕头,石家庄,1989
汕头,唐山,2196
汕头,廊坊,2133
汕头,保定,2035
汕头,太原,2049
汕头,侯马,1884
汕头,呼和浩特,2551
汕头,包头,2728
汕头,沈阳,2741
汕头,大连,2157
汕头,锦州,2521
汕头,长春,3032
汕头,哈尔滨,3292
汕头,上海,1281
汕头,南京,1246
汕头,常州,1337
汕头,无锡,1307
汕头,苏州,1250
汕头,徐州,1466
汕头,连云港,1568
汕头,淮安,1436
汕头,盐城,1511
汕头,扬州,1353
汕头,南通,1359
汕头,杭州,1096
汕头,湖州,1174
汕头,嘉兴,1200
汕头,宁波,1055
汕头,台州,908
汕头,金华,969
汕头,义乌,1018
汕头,温州,795
汕头,合肥,1150
汕头,蚌埠,1293
汕头,芜湖,1152
汕头,安庆,985
汕头,福州,486
汕头,厦门,245
汕头,泉州,326
汕头,南昌,767
汕头,鹰潭,704
汕头,赣州,477
汕头,济南,1782
汕头,潍坊,1834
汕头,烟台,1989
汕头,青岛,1883
汕头,济宁,1629
汕头,临沂,1657
汕头,郑州,1644
汕头,漯河,1484
汕头,信阳,1328
汕头,洛阳,1682
汕头,武汉,1100
汕头,荆州,1162
汕头,襄阳,1386
汕头,长沙,879
汕头,常德,1054
汕头,衡阳,775
汕头,广州,423
汕头,汕头,0
汕头,深圳,337
汕头,东莞,382
汕头,湛江,809
汕头,中山,435
汕头,南宁,978
汕头,柳州,911
汕头,海口,982
汕头,重庆,1719
汕头,成都,1985
汕头,南充,1905
汕头,内江,1824
汕头,贵阳,1348
汕头,昆明,1802
汕头,大理州,2125
汕头,拉萨,3933
汕头,西安,1849
汕头,宝鸡,2018
汕头,兰州,2467
汕头,西宁,2686
汕头,银川,2545
汕头,乌鲁木齐,4441
汕头,阿克苏,5157
汕头,喀什,5629
深圳,北京,2175
深圳,天津,2160
深圳,石家庄,1939
深圳,唐山,2269
深圳,廊坊,2155
深圳,保定,2057
深圳,太原,1982
深圳,侯马,1782
深圳,呼和浩特,2446
深圳,包头,2623
深圳,沈阳,2814
深圳,大连,2270
深圳,锦州,2594
深圳,长春,3105
深圳,哈尔滨,3364
深圳,上海,1433
深圳,南京,1359
深圳,常州,1450
深圳,无锡,1459
深圳,苏州,1402
深圳,徐州,1559
深圳,连云港,1681
深圳,淮安,1549
深圳,盐城,1624
深圳,扬州,1466
深圳,南通,1512
深圳,杭州,1248
深圳,湖州,1327
深圳,嘉兴,1353
深圳,宁波,1360
深圳,台州,1245
深圳,金华,1122
深圳,义乌,1170
深圳,温州,1132
深圳,合肥,1245
深圳,蚌埠,1388
深圳,芜湖,1265
深圳,安庆,1098
深圳,福州,823
深圳,厦门,595
深圳,泉州,663
深圳,南昌,815
深圳,鹰潭,817
深圳,赣州,462
深圳,济南,1867
深圳,潍坊,1947
深圳,烟台,2102
深圳,青岛,1995
深圳,济宁,1724
深圳,临沂,1751
深圳,郑州,1577
深圳,漯河,1420
深圳,信阳,1252
深圳,洛阳,1579
深圳,武汉,1084
深圳,荆州,1071
深圳,襄阳,1296
深圳,长沙,785
深圳,常德,955
深圳,衡阳,645
深圳,广州,142
深圳,汕头,341
深圳,深圳,0
深圳,东莞,85
深圳,湛江,503
深圳,中山,125
深圳,南宁,671
深圳,柳州,623
深圳,海口,673
深圳,重庆,1455
深圳,成都,1721
深圳,南充,1641
深圳,内江,1561
深圳,贵阳,1085
深圳,昆明,1495
深圳,大理州,1819
深圳,拉萨,3669
深圳,西安,1752
深圳,宝鸡,1921
深圳,兰州,2369
深圳,西宁,2588
深圳,银川,2447
深圳,乌鲁木齐,4343
深圳,阿克苏,5059
深圳,喀什,5532
东莞,北京,2158
东莞,天津,2143
东莞,石家庄,1905
东莞,唐山,2252
东莞,廊坊,2138
东莞,保定,2029
东莞,太原,1909
东莞,侯马,1717
东莞,呼和浩特,2373
东莞,包头,2550
东莞,沈阳,2797
东莞,大连,2279
东莞,锦州,2576
东莞,长春,3088
东莞,哈尔滨,3346
东莞,上海,1442
东莞,南京,1368
东莞,常州,1460
东莞,无锡,1468
东莞,苏州,1411
东莞,徐州,1542
东莞,连云港,1690
东莞,淮安,1555
东莞,盐城,1633
东莞,扬州,1475
东莞,南通,1521
东莞,杭州,1258
东莞,湖州,1336
东莞,嘉兴,1362
东莞,宁波,1369
东莞,台州,1247
东莞,金华,1131
东莞,义乌,1179
东莞,温州,1134
东莞,合肥,1227
东莞,蚌埠,1371
东莞,芜湖,1274
东莞,安庆,1107
东莞,福州,825
东莞,厦门,597
东莞,泉州,665
东莞,南昌,798
东莞,鹰潭,826
东莞,赣州,445
东莞,济南,1850
东莞,潍坊,1956
东莞,烟台,2112
东莞,青岛,2005
东莞,济宁,1707
东莞,临沂,1734
东莞,郑州,1543
东莞,漯河,1386
东莞,信阳,1218
东莞,洛阳,1514
东莞,武汉,1032
东莞,荆州,1006
东莞,襄阳,1230
东莞,长沙,720
东莞,常德,890
东莞,衡阳,580
东莞,广州,65
东莞,汕头,375
东莞,深圳,78
东莞,东莞,0
东莞,湛江,455
东莞,中山,91
东莞,南宁,623
东莞,柳州,588
东莞,海口,626
东莞,重庆,1393
东莞,成都,1662
东莞,南充,1582
东莞,内江,1501
东莞,贵阳,1025
东莞,昆明,1448
东莞,大理州,1771
东莞,拉萨,3712
东莞,西安,1687
东莞,宝鸡,1856
东莞,兰州,2304
东莞,西宁,2523
东莞,银川,2382
东莞,乌鲁木齐,4282
东莞,阿克苏,4994
东莞,喀什,5467
湛江,北京,2475
湛江,天津,2459
湛江,石家庄,2204
湛江,唐山,2568
湛江,廊坊,2455
湛江,保定,2329
湛江,太原,2202
湛江,侯马,2009
湛江,呼和浩特,2666
湛江,包头,2843
湛江,沈阳,3114
湛江,大连,2680
湛江,锦州,2893
湛江,长春,3405
湛江,哈尔滨,3663
湛江,上海,1861
湛江,南京,1787
湛江,常州,1878
湛江,无锡,1884
湛江,苏州,1830
湛江,徐州,1951
湛江,连云港,2091
湛江,淮安,1956
湛江,盐城,2052
湛江,扬州,1894
湛江,南通,1939
湛江,杭州,1676
湛江,湖州,1755
湛江,嘉兴,1774
湛江,宁波,1778
湛江,台州,1680
湛江,金华,1549
湛江,义乌,1598
湛江,温州,1567
湛江,合肥,1636
湛江,蚌埠,1780
湛江,芜湖,1693
湛江,安庆,1526
湛江,福州,1258
湛江,厦门,1030
湛江,泉州,1098
湛江,南昌,1207
湛江,鹰潭,1245
湛江,赣州,853
湛江,济南,2182
湛江,潍坊,2383
湛江,烟台,2513
湛江,青岛,2406
湛江,济宁,2054
湛江,临沂,2143
湛江,郑州,1793
湛江,漯河,1686
湛江,信阳,1518
湛江,洛阳,1807
湛江,武汉,1332
湛江,荆州,1299
湛江,襄阳,1469
湛江,长沙,1009
湛江,常德,1103
湛江,衡阳,834
湛江,广州,417
湛江,汕头,808
湛江,深圳,501
湛江,东莞,456
湛江,湛江,0
湛江,中山,395
湛江,南宁,324
湛江,柳州,476
湛江,海口,179
湛江,重庆,1263
湛江,成都,1575
湛江,南充,1458
湛江,内江,1396
湛江,贵阳,920
湛江,昆明,1066
湛江,大理州,1389
湛江,拉萨,3331
湛江,西安,1924
湛江,宝鸡,1911
湛江,兰州,2346
湛江,西宁,2565
湛江,银川,2619
湛江,乌鲁木齐,4315
湛江,阿克苏,5027
湛江,喀什,5500
中山,北京,2221
中山,天津,2206
中山,石家庄,1949
中山,唐山,2315
中山,廊坊,2198
中山,保定,2073
中山,太原,1953
中山,侯马,1761
中山,呼和浩特,2417
中山,包头,2594
中山,沈阳,2860
中山,大连,2342
中山,锦州,2640
中山,长春,3151
中山,哈尔滨,3410
中山,上海,1505
中山,南京,1429
中山,常州,1523
中山,无锡,1527
中山,苏州,1474
中山,徐州,1605
中山,连云港,1753
中山,淮安,1618
中山,盐城,1697
中山,扬州,1539
中山,南通,1578
中山,杭州,1321
中山,湖州,1399
中山,嘉兴,1418
中山,宁波,1423
中山,台州,1305
中山,金华,1194
中山,义乌,1242
中山,温州,1192
中山,合肥,1291
中山,蚌埠,1434
中山,芜湖,1338
中山,安庆,1169
中山,福州,884
中山,厦门,655
中山,泉州,723
中山,南昌,861
中山,鹰潭,890
中山,赣州,508
中山,济南,1913
中山,潍坊,2019
中山,烟台,2174
中山,青岛,2068
中山,济宁,1770
中山,临沂,1787
中山,郑州,1587
中山,漯河,1430
中山,信阳,1262
中山,洛阳,1558
中山,武汉,1076
中山,荆州,1052
中山,襄阳,1275
中山,长沙,761
中山,常德,915
中山,衡阳,608
中山,广州,83
中山,汕头,433
中山,深圳,124
中山,东莞,91
中山,湛江,396
中山,中山,0
中山,南宁,572
中山,柳州,546
中山,海口,578
中山,重庆,1374
中山,成都,1658
中山,南充,1577
中山,内江,1497
中山,贵阳,1021
中山,昆明,1392
中山,大理州,1719
中山,拉萨,3606
中山,西安,1729
中山,宝鸡,1900
中山,兰州,2348
中山,西宁,2566
中山,银川,2426
中山,乌鲁木齐,4326
中山,阿克苏,5038
中山,喀什,5511
南宁,北京,2354
南宁,天津,2338
南宁,石家庄,2083
南宁,唐山,2447
南宁,廊坊,2330
南宁,保定,2207
南宁,太原,2071
南宁,侯马,1878
南宁,呼和浩特,2534
南宁,包头,2511
南宁,沈阳,2992
南宁,大连,2679
南宁,锦州,2772
南宁,长春,3283
南宁,哈尔滨,3542
南宁,上海,1902
南宁,南京,1778
南宁,常州,1872
南宁,无锡,1907
南宁,苏州,1871
南宁,徐州,1887
南宁,连云港,2090
南宁,淮安,1947
南宁,盐城,2032
南宁,扬州,1863
南宁,南通,2001
南宁,杭州,1717
南宁,湖州,1796
南宁,嘉兴,1815
南宁,宁波,1819
南宁,台州,1807
南宁,金华,1591
南宁,义乌,1639
南宁,温州,1736
南宁,合肥,1596
南宁,蚌埠,1691
南宁,芜湖,1687
南宁,安庆,1497
南宁,福州,1428
南宁,厦门,1199
南宁,泉州,1267
南宁,南昌,1203
南宁,鹰潭,1297
南宁,赣州,968
南宁,济南,2060
南宁,潍坊,2261
南宁,烟台,2511
南宁,青岛,2405
南宁,济宁,1932
南宁,临沂,2068
南宁,郑州,1672
南宁,漯河,1564
南宁,信阳,1397
南宁,洛阳,1676
南宁,武汉,1211
南宁,荆州,1128
南宁,襄阳,1333
南宁,长沙,887
南宁,常德,966
南宁,衡阳,712
南宁,广州,563
南宁,汕头,977
南宁,深圳,670
南宁,东莞,625
南宁,湛江,324
南宁,中山,573
南宁,南宁,0
南宁,柳州,243
南宁,海口,490
南宁,重庆,941
南宁,成都,1261
南宁,南充,1144
南宁,内江,1082
南宁,贵阳,591
南宁,昆明,825
南宁,大理州,1151
南宁,拉萨,3191
南宁,西安,1644
南宁,宝鸡,1597
南宁,兰州,2033
南宁,西宁,2251
南宁,银川,2342
南宁,乌鲁木齐,4001
南宁,阿克苏,4713
南宁,喀什,5186
柳州,北京,2134
柳州,天津,2118
柳州,石家庄,1863
柳州,唐山,2227
柳州,廊坊,2111
柳州,保定,1988
柳州,太原,1846
柳州,侯马,1654
柳州,呼和浩特,2310
柳州,包头,2487
柳州,沈阳,2773
柳州,大连,2460
柳州,锦州,2552
柳州,长春,3064
柳州,哈尔滨,3322
柳州,上海,1682
柳州,南京,1532
柳州,常州,1653
柳州,无锡,1688
柳州,苏州,1651
柳州,徐州,1668
柳州,连云港,1870
柳州,淮安,1727
柳州,盐城,1812
柳州,扬州,1644
柳州,南通,1781
柳州,杭州,1498
柳州,湖州,1576
柳州,嘉兴,1595
柳州,宁波,1597
柳州,台州,1587
柳州,金华,1371
柳州,义乌,1419
柳州,温州,1513
柳州,合肥,1377
柳州,蚌埠,1472
柳州,芜湖,1467
柳州,安庆,1278
柳州,福州,1362
柳州,厦门,1134
柳州,泉州,1201
柳州,南昌,983
柳州,鹰潭,1077
柳州,赣州,732
柳州,济南,1841
柳州,潍坊,2042
柳州,烟台,2291
柳州,青岛,2185
柳州,济宁,1713
柳州,临沂,1849
柳州,郑州,1452
柳州,漯河,1345
柳州,信阳,1177
柳州,洛阳,1450
柳州,武汉,991
柳州,荆州,904
柳州,襄阳,1109
柳州,长沙,668
柳州,常德,741
柳州,衡阳,493
柳州,广州,502
柳州,汕头,911
柳州,深圳,624
柳州,东莞,559
柳州,湛江,477
柳州,中山,548
柳州,南宁,244
柳州,柳州,0
柳州,海口,648
柳州,重庆,877
柳州,成都,1191
柳州,南充,1080
柳州,内江,1030
柳州,贵阳,554
柳州,昆明,990
柳州,大理州,1316
柳州,拉萨,3152
柳州,西安,1561
柳州,宝鸡,1533
柳州,兰州,1969
柳州,西宁,2187
柳州,银川,2259
柳州,乌鲁木齐,3923
柳州,阿克苏,4649
柳州,喀什,5121
海口,北京,2649
海口,天津,2633
海口,石家庄,2378
海口,唐山,2742
海口,廊坊,2626
海口,保定,2503
海口,太原,2376
海口,侯马,2183
海口,呼和浩特,2840
海口,包头,3017
海口,沈阳,3288
海口,大连,2854
海口,锦州,3067
海口,长春,3578
海口,哈尔滨,3837
海口,上海,2034
海口,南京,1961
海口,常州,2052
海口,无锡,2056
海口,苏州,2004
海口,徐州,2125
海口,连云港,2265
海口,淮安,2130
海口,盐城,2226
海口,扬州,2068
海口,南通,2107
海口,杭州,1850
海口,湖州,1928
海口,嘉兴,1948
海口,宁波,1950
海口,台州,1854
海口,金华,1723
海口,义乌,1772
海口,温州,1740
海口,合肥,1810
海口,蚌埠,1954
海口,芜湖,1867
海口,安庆,1699
海口,福州,1432
海口,厦门,1204
海口,泉州,1272
海口,南昌,1381
海口,鹰潭,1419
海口,赣州,1027
海口,济南,2356
海口,潍坊,2556
海口,烟台,2686
海口,青岛,2580
海口,济宁,2228
海口,临沂,2306
海口,郑州,1967
海口,漯河,1859
海口,信阳,1692
海口,洛阳,1980
海口,武汉,1506
海口,荆州,1438
海口,襄阳,1643
海口,长沙,1183
海口,常德,1275
海口,衡阳,1008
海口,广州,591
海口,汕头,981
海口,深圳,675
海口,东莞,629
海口,湛江,181
海口,中山,569
海口,南宁,482
海口,柳州,634
海口,海口,0
海口,重庆,1413
海口,成都,1699
海口,南充,1616
海口,内江,1539
海口,贵阳,1063
海口,昆明,1219
海口,大理州,1545
海口,拉萨,3486
海口,西安,2095
海口,宝鸡,2069
海口,兰州,2504
海口,西宁,2722
海口,银川,2793
海口,乌鲁木齐,4459
海口,阿克苏,5185
海口,喀什,5657
重庆,北京,1780
重庆,天津,1784
重庆,石家庄,1497
重庆,唐山,1893
重庆,廊坊,1766
重庆,保定,1622
重庆,太原,1287
重庆,侯马,997
重庆,呼和浩特,1680
重庆,包头,1577
重庆,沈阳,2438
重庆,大连,2179
重庆,锦州,2218
重庆,长春,2729
重庆,哈尔滨,2988
重庆,上海,1686
重庆,南京,1392
重庆,常州,1526
重庆,无锡,1562
重庆,苏州,1606
重庆,徐州,1450
重庆,连云港,1653
重庆,淮安,1588
重庆,盐城,1673
重庆,扬州,1504
重庆,南通,1656
重庆,杭州,1618
重庆,湖州,1555
重庆,嘉兴,1635
重庆,宁波,1786
重庆,台州,1725
重庆,金华,1509
重庆,义乌,1557
重庆,温州,1705
重庆,合肥,1237
重庆,蚌埠,1332
重庆,芜湖,1372
重庆,安庆,1216
重庆,福州,1750
重庆,厦门,1739
重庆,泉州,1740
重庆,南昌,1210
重庆,鹰潭,1386
重庆,赣州,1358
重庆,济南,1565
重庆,潍坊,1766
重庆,烟台,2010
重庆,青岛,1934
重庆,济宁,1437
重庆,临沂,1631
重庆,郑州,1147
重庆,漯河,1102
重庆,信阳,1029
重庆,洛阳,1043
重庆,武汉,884
重庆,荆州,662
重庆,襄阳,804
重庆,长沙,896
重庆,常德,754
重庆,衡阳,953
重庆,广州,1298
重庆,汕头,1701
重庆,深圳,1437
重庆,东莞,1355
重庆,湛江,1255
重庆,中山,1376
重庆,南宁,942
重庆,柳州,878
重庆,海口,1426
重庆,重庆,0
重庆,成都,307
重庆,南充,190
重庆,内江,180
重庆,贵阳,387
重庆,昆明,837
重庆,大理州,1158
重庆,拉萨,2339
重庆,西安,710
重庆,宝鸡,651
重庆,兰州,1087
重庆,西宁,1305
重庆,银川,1408
重庆,乌鲁木齐,3041
重庆,阿克苏,3767
重庆,喀什,4239
成都,北京,1891
成都,天津,1895
成都,石家庄,1608
成都,唐山,2003
成都,廊坊,1876
成都,保定,1732
成都,太原,1398
成都,侯马,1108
成都,呼和浩特,1773
成都,包头,1671
成都,沈阳,2549
成都,大连,2294
成都,锦州,2328
成都,长春,2840
成都,哈尔滨,3098
成都,上海,1962
成都,南京,1667
成都,常州,1802
成都,无锡,1837
成都,苏州,1881
成都,徐州,1617
成都,连云港,1820
成都,淮安,1795
成都,盐城,1914
成都,扬州,1780
成都,南通,1931
成都,杭州,1889
成都,湖州,1826
成都,嘉兴,1907
成都,宁波,2058
成都,台州,2001
成都,金华,1784
成都,义乌,1833
成都,温州,1980
成都,合肥,1512
成都,蚌埠,1607
成都,芜湖,1648
成都,安庆,1487
成都,福州,2046
成都,厦门,2034
成都,泉州,2035
成都,南昌,1485
成都,鹰潭,1631
成都,赣州,1653
成都,济南,1690
成都,潍坊,1882
成都,烟台,2126
成都,青岛,2059
成都,济宁,1562
成都,临沂,1748
成都,郑州,1258
成都,漯河,1292
成都,信阳,1303
成都,洛阳,1153
成都,武汉,1159
成都,荆州,938
成都,襄阳,1037
成都,长沙,1192
成都,常德,1026
成都,衡阳,1249
成都,广州,1581
成都,汕头,1984
成都,深圳,1720
成都,东莞,1638
成都,湛江,1540
成都,中山,1658
成都,南宁,1228
成都,柳州,1164
成都,海口,1711
成都,重庆,306
成都,成都,0
成都,南充,231
成都,内江,193
成都,贵阳,639
成都,昆明,847
成都,大理州,1009
成都,拉萨,2054
成都,西安,802
成都,宝鸡,696
成都,兰州,1131
成都,西宁,1349
成都,银川,1321
成都,乌鲁木齐,3085
成都,阿克苏,3812
成都,喀什,4283
南充,北京,1720
南充,天津,1724
南充,石家庄,1438
南充,唐山,1833
南充,廊坊,1706
南充,保定,1562
南充,太原,1227
南充,侯马,937
南充,呼和浩特,1603
南充,包头,1500
南充,沈阳,2378
南充,大连,2124
南充,锦州,2158
南充,长春,2669
南充,哈尔滨,2928
南充,上海,1760
南充,南京,1465
南充,常州,1599
南充,无锡,1634
南充,苏州,1679
南充,徐州,1437
南充,连云港,1640
南充,淮安,1615
南充,盐城,1735
南充,扬州,1577
南充,南通,1728
南充,杭州,1687
南充,湖州,1624
南充,嘉兴,1704
南充,宁波,1855
南充,台州,1806
南充,金华,1589
南充,义乌,1637
南充,温州,1786
南充,合肥,1310
南充,蚌埠,1405
南充,芜湖,1445
南充,安庆,1284
南充,福州,1852
南充,厦门,1885
南充,泉州,1885
南充,南昌,1291
南充,鹰潭,1437
南充,赣州,1503
南充,济南,1520
南充,潍坊,1711
南充,烟台,1955
南充,青岛,1888
南充,济宁,1392
南充,临沂,1578
南充,郑州,1087
南充,漯河,1090
南充,信阳,1100
南充,洛阳,983
南充,武汉,956
南充,荆州,743
南充,襄阳,834
南充,长沙,998
南充,常德,832
南充,衡阳,1118
南充,广州,1510
南充,汕头,1913
南充,深圳,1649
南充,东莞,1567
南充,湛江,1467
南充,中山,1588
南充,南宁,1154
南充,柳州,1090
南充,海口,1634
南充,重庆,190
南充,成都,232
南充,南充,0
南充,内江,214
南充,贵阳,591
南充,昆明,909
南充,大理州,1230
南充,拉萨,2294
南充,西安,632
南充,宝鸡,525
南充,兰州,961
南充,西宁,1179
南充,银川,1151
南充,乌鲁木齐,2915
南充,阿克苏,3641
南充,喀什,4113
内江,北京,1899
内江,天津,1903
内江,石家庄,1616
内江,唐山,2012
内江,廊坊,1885
内江,保定,1741
内江,太原,1406
内江,侯马,1116
内江,呼和浩特,1782
内江,包头,1679
内江,沈阳,2557
内江,大连,2303
内江,锦州,2337
内江,长春,2848
内江,哈尔滨,3107
内江,上海,1917
内江,南京,1622
内江,常州,1756
内江,无锡,1792
内江,苏州,1836
内江,徐州,1618
内江,连云港,1820
内江,淮安,1796
内江,盐城,1915
内江,扬州,1734
内江,南通,1886
内江,杭州,1831
内江,湖州,1768
内江,嘉兴,1848
内江,宁波,1999
内江,台州,1937
内江,金华,1720
内江,义乌,1769
内江,温州,1918
内江,合肥,1467
内江,蚌埠,1562
内江,芜湖,1602
内江,安庆,1429
内江,福州,1929
内江,厦门,1905
内江,泉州,1905
内江,南昌,1428
内江,鹰潭,1559
内江,赣州,1523
内江,济南,1699
内江,潍坊,1890
内江,烟台,2134
内江,青岛,2067
内江,济宁,1571
内江,临沂,1757
内江,郑州,1266
内江,漯河,1270
内江,信阳,1259
内江,洛阳,1162
内江,武汉,1114
内江,荆州,875
内江,襄阳,1015
内江,长沙,1068
内江,常德,926
内江,衡阳,1119
内江,广州,1422
内江,汕头,1825
内江,深圳,1561
内江,东莞,1479
内江,湛江,1381
内江,中山,1499
内江,南宁,1069
内江,柳州,1005
内江,海口,1548
内江,重庆,181
内江,成都,194
内江,南充,213
内江,内江,0
内江,贵阳,480
内江,昆明,707
内江,大理州,1027
内江,拉萨,2185
内江,西安,811
内江,宝鸡,704
内江,兰州,1140
内江,西宁,1358
内江,银川,1330
内江,乌鲁木齐,3094
内江,阿克苏,3820
内江,喀什,4292
贵阳,北京,2082
贵阳,天津,2067
贵阳,石家庄,1811
贵阳,唐山,2176
贵阳,廊坊,2062
贵阳,保定,1935
贵阳,太原,1663
贵阳,侯马,1373
贵阳,呼和浩特,2056
贵阳,包头,1953
贵阳,沈阳,2721
贵阳,大连,2402
贵阳,锦州,2500
贵阳,长春,3012
贵阳,哈尔滨,3270
贵阳,上海,1829
贵阳,南京,1574
贵阳,常州,1719
贵阳,无锡,1756
贵阳,苏州,1778
贵阳,徐州,1673
贵阳,连云港,1876
贵阳,淮安,1770
贵阳,盐城,1855
贵阳,扬州,1687
贵阳,南通,1848
贵阳,杭州,1677
贵阳,湖州,1684
贵阳,嘉兴,1765
贵阳,宁波,1779
贵阳,台州,1766
贵阳,金华,1550
贵阳,义乌,1598
贵阳,温州,1747
贵阳,合肥,1420
贵阳,蚌埠,1515
贵阳,芜湖,1534
贵阳,安庆,1345
贵阳,福州,1556
贵阳,厦门,1464
贵阳,泉州,1532
贵阳,南昌,1162
贵阳,鹰潭,1256
贵阳,赣州,1023
贵阳,济南,1789
贵阳,潍坊,1990
贵阳,烟台,2235
贵阳,青岛,2157
贵阳,济宁,1661
贵阳,临沂,1866
贵阳,郑州,1418
贵阳,漯河,1326
贵阳,信阳,1220
贵阳,洛阳,1378
贵阳,武汉,1048
贵阳,荆州,859
贵阳,襄阳,1036
贵阳,长沙,795
贵阳,常德,651
贵阳,衡阳,745
贵阳,广州,932
贵阳,汕头,1335
贵阳,深圳,1072
贵阳,东莞,1012
贵阳,湛江,892
贵阳,中山,1010
贵阳,南宁,577
贵阳,柳州,516
贵阳,海口,1047
贵阳,重庆,391
贵阳,成都,640
贵阳,南充,586
贵阳,内江,479
贵阳,贵阳,0
贵阳,昆明,522
贵阳,大理州,838
贵阳,拉萨,2594
贵阳,西安,1088
贵阳,宝鸡,1039
贵阳,兰州,1474
贵阳,西宁,1693
贵阳,银川,1656
贵阳,乌鲁木齐,3442
贵阳,阿克苏,4155
贵阳,喀什,4627
昆明,北京,2599
昆明,天津,2583
昆明,石家庄,2326
昆明,唐山,2691
昆明,廊坊,2577
昆明,保定,2452
昆明,太原,2101
昆明,侯马,1811
昆明,呼和浩特,2477
昆明,包头,2374
昆明,沈阳,3237
昆明,大连,2925
昆明,锦州,3017
昆明,长春,3528
昆明,哈尔滨,3788
昆明,上海,2342
昆明,南京,2098
昆明,常州,2238
昆明,无锡,2273
昆明,苏州,2294
昆明,徐州,2193
昆明,连云港,2393
昆明,淮安,2290
昆明,盐城,2387
昆明,扬州,2203
昆明,南通,2366
昆明,杭州,2171
昆明,湖州,2201
昆明,嘉兴,2276
昆明,宁波,2283
昆明,台州,2264
昆明,金华,2045
昆明,义乌,2093
昆明,温州,2242
昆明,合肥,1936
昆明,蚌埠,2031
昆明,芜湖,2051
昆明,安庆,1865
昆明,福州,2060
昆明,厦门,1977
昆明,泉州,2045
昆明,南昌,1657
昆明,鹰潭,1751
昆明,赣州,1523
昆明,济南,2305
昆明,潍坊,2506
昆明,烟台,2752
昆明,青岛,2674
昆明,济宁,2177
昆明,临沂,2382
昆明,郑州,1935
昆明,漯河,1842
昆明,信阳,1736
昆明,洛阳,1857
昆明,武汉,1565
昆明,荆州,1376
昆明,襄阳,1553
昆明,长沙,1312
昆明,常德,1167
昆明,衡阳,1252
昆明,广州,1341
昆明,汕头,1755
昆明,深圳,1448
昆明,东莞,1405
昆明,湛江,1060
昆明,中山,1351
昆明,南宁,784
昆明,柳州,918
昆明,海口,1227
昆明,重庆,839
昆明,成都,848
昆明,南充,906
昆明,内江,705
昆明,贵阳,518
昆明,昆明,0
昆明,大理州,334
昆明,拉萨,2275
昆明,西安,1508
昆明,宝鸡,1403
昆明,兰州,1835
昆明,西宁,2054
昆明,银川,2016
昆明,乌鲁木齐,3789
昆明,阿克苏,4515
昆明,喀什,4987
大理州,北京,2920
大理州,天津,2905
大理州,石家庄,2647
大理州,唐山,3013
大理州,廊坊,2899
大理州,保定,2773
大理州,太原,2422
大理州,侯马,2132
大理州,呼和浩特,2798
大理州,包头,2695
大理州,沈阳,3559
大理州,大连,3240
大理州,锦州,3338
大理州,长春,3850
大理州,哈尔滨,4109
大理州,上海,2663
大理州,南京,2413
大理州,常州,2560
大理州,无锡,2594
大理州,苏州,2616
大理州,徐州,2512
大理州,连云港,2714
大理州,淮安,2612
大理州,盐城,2709
大理州,扬州,2525
大理州,南通,2688
大理州,杭州,2493
大理州,湖州,2522
大理州,嘉兴,2597
大理州,宁波,2605
大理州,台州,2583
大理州,金华,2366
大理州,义乌,2414
大理州,温州,2563
大理州,合肥,2258
大理州,蚌埠,2353
大理州,芜湖,2372
大理州,安庆,2186
大理州,福州,2381
大理州,厦门,2309
大理州,泉州,2377
大理州,南昌,1978
大理州,鹰潭,2072
大理州,赣州,1844
大理州,济南,2627
大理州,潍坊,2828
大理州,烟台,3073
大理州,青岛,2995
大理州,济宁,2499
大理州,临沂,2704
大理州,郑州,2256
大理州,漯河,2164
大理州,信阳,2058
大理州,洛阳,2178
大理州,武汉,1887
大理州,荆州,1697
大理州,襄阳,1874
大理州,长沙,1633
大理州,常德,1489
大理州,衡阳,1573
大理州,广州,1673
大理州,汕头,2086
大理州,深圳,1780
大理州,东莞,1734
大理州,湛江,1392
大理州,中山,1682
大理州,南宁,1114
大理州,柳州,1250
大理州,海口,1546
大理州,重庆,1165
大理州,成都,1013
大理州,南充,1227
大理州,内江,1027
大理州,贵阳,839
大理州,昆明,337
大理州,大理州,0
大理州,拉萨,1965
大理州,西安,1829
大理州,宝鸡,1720
大理州,兰州,2156
大理州,西宁,2375
大理州,银川,2337
大理州,乌鲁木齐,4120
大理州,阿克苏,4836
大理州,喀什,5309
拉萨,北京,3631
拉萨,天津,3671
拉萨,石家庄,3391
拉萨,唐山,3785
拉萨,廊坊,3618
拉萨,保定,3502
拉萨,太原,3180
拉萨,侯马,3081
拉萨,呼和浩特,3258
拉萨,包头,3159
拉萨,沈阳,4302
拉萨,大连,4447
拉萨,锦州,4081
拉萨,长春,4592
拉萨,哈尔滨,4852
拉萨,上海,4168
拉萨,南京,3892
拉萨,常州,4002
拉萨,无锡,4045
拉萨,苏州,4088
拉萨,徐州,3609
拉萨,连云港,3812
拉萨,淮安,3791
拉萨,盐城,3907
拉萨,扬州,3924
拉萨,南通,4084
拉萨,杭州,4108
拉萨,湖州,4043
拉萨,嘉兴,4124
拉萨,宁波,4275
拉萨,台州,3979
拉萨,金华,3762
拉萨,义乌,3811
拉萨,温州,3960
拉萨,合肥,3710
拉萨,蚌埠,3696
拉萨,芜湖,3846
拉萨,安庆,3493
拉萨,福州,4007
拉萨,厦门,3983
拉萨,泉州,3983
拉萨,南昌,3470
拉萨,鹰潭,3676
拉萨,赣州,3601
拉萨,济南,3682
拉萨,潍坊,3770
拉萨,烟台,4015
拉萨,青岛,4051
拉萨,济宁,3554
拉萨,临沂,3741
拉萨,郑州,3250
拉萨,漯河,3361
拉萨,信阳,3404
拉萨,洛阳,3146
拉萨,武汉,3161
拉萨,荆州,2943
拉萨,襄阳,3250
拉萨,长沙,3177
拉萨,常德,3012
拉萨,衡阳,3200
拉萨,广州,3483
拉萨,汕头,3886
拉萨,深圳,3623
拉萨,东莞,3563
拉萨,湛江,3443
拉萨,中山,3561
拉萨,南宁,3128
拉萨,柳州,3067
拉萨,海口,3598
拉萨,重庆,2320
拉萨,成都,2009
拉萨,南充,2233
拉萨,内江,2127
拉萨,贵阳,2548
拉萨,昆明,2252
拉萨,大理州,1918
拉萨,拉萨,0
拉萨,西安,2791
拉萨,宝鸡,2648
拉萨,兰州,2168
拉萨,西宁,1951
拉萨,银川,2606
拉萨,乌鲁木齐,2838
拉萨,阿克苏,3105
拉萨,喀什,2834
西安,北京,1100
西安,天津,1103
西安,石家庄,817
西安,唐山,1212
西安,廊坊,1087
西安,保定,941
西安,太原,606
西安,侯马,321
西安,呼和浩特,979
西安,包头,876
西安,沈阳,1758
西安,大连,1513
西安,锦州,1537
西安,长春,2048
西安,哈尔滨,2308
西安,上海,1386
西安,南京,1110
西安,常州,1220
西安,无锡,1263
西安,苏州,1306
西安,徐州,836
西安,连云港,1039
西安,淮安,1017
西安,盐城,1133
西安,扬州,1150
西安,南通,1311
西安,杭州,1326
西安,湖州,1262
西安,嘉兴,1342
西安,宁波,1493
西安,台州,1607
西安,金华,1456
西安,义乌,1445
西安,温州,1614
西安,合肥,928
西安,蚌埠,923
西安,芜湖,1064
西安,安庆,1071
西安,福州,1648
西安,厦门,1725
西安,泉州,1707
西安,南昌,1100
西安,鹰潭,1247
西安,赣州,1467
西安,济南,909
西安,潍坊,1101
西安,烟台,1346
西安,青岛,1278
西安,济宁,781
西安,临沂,967
西安,郑州,477
西安,漯河,587
西安,信阳,622
西安,洛阳,372
西安,武汉,744
西安,荆州,686
西安,襄阳,468
西安,长沙,1007
西安,常德,830
西安,衡阳,1164
西安,广州,1644
西安,汕头,1909
西安,深圳,1750
西安,东莞,1684
西安,湛江,1977
西安,中山,1723
西安,南宁,1644
西安,柳州,1537
西安,海口,2147
西安,重庆,713
西安,成都,785
西安,南充,617
西安,内江,793
西安,贵阳,1097
西安,昆明,1493
西安,大理州,1809
西安,拉萨,2791
西安,西安,0
西安,宝鸡,178
西安,兰州,628
西安,西宁,847
西安,银川,706
西安,乌鲁木齐,2606
西安,阿克苏,3318
西安,喀什,3791
宝鸡,北京,1273
宝鸡,天津,1276
宝鸡,石家庄,990
宝鸡,唐山,1385
宝鸡,廊坊,1260
宝鸡,保定,1114
宝鸡,太原,779
宝鸡,侯马,494
宝鸡,呼和浩特,1145
宝鸡,包头,1044
宝鸡,沈阳,1930
宝鸡,大连,2076
宝鸡,锦州,1710
宝鸡,长春,2221
宝鸡,哈尔滨,2481
宝鸡,上海,1563
宝鸡,南京,1286
宝鸡,常州,1397
宝鸡,无锡,1440
宝鸡,苏州,1483
宝鸡,徐州,1013
宝鸡,连云港,1216
宝鸡,淮安,1194
宝鸡,盐城,1310
宝鸡,扬州,1326
宝鸡,南通,1488
宝鸡,杭州,1503
宝鸡,湖州,1438
宝鸡,嘉兴,1519
宝鸡,宁波,1670
宝鸡,台州,1784
宝鸡,金华,1632
宝鸡,义乌,1622
宝鸡,温州,1791
宝鸡,合肥,1105
宝鸡,蚌埠,1100
宝鸡,芜湖,1241
宝鸡,安庆,1248
宝鸡,福州,1826
宝鸡,厦门,1903
宝鸡,泉州,1885
宝鸡,南昌,1278
宝鸡,鹰潭,1424
宝鸡,赣州,1645
宝鸡,济南,1086
宝鸡,潍坊,1277
宝鸡,烟台,1522
宝鸡,青岛,1454
宝鸡,济宁,958
宝鸡,临沂,1144
宝鸡,郑州,654
宝鸡,漯河,764
宝鸡,信阳,799
宝鸡,洛阳,549
宝鸡,武汉,921
宝鸡,荆州,863
宝鸡,襄阳,646
宝鸡,长沙,1184
宝鸡,常德,1008
宝鸡,衡阳,1341
宝鸡,广州,1821
宝鸡,汕头,2087
宝鸡,深圳,1928
宝鸡,东莞,1862
宝鸡,湛江,1912
宝鸡,中山,1901
宝鸡,南宁,1597
宝鸡,柳州,1536
宝鸡,海口,2066
宝鸡,重庆,661
宝鸡,成都,697
宝鸡,南充,529
宝鸡,内江,705
宝鸡,贵阳,1050
宝鸡,昆明,1405
宝鸡,大理州,1721
宝鸡,拉萨,2634
宝鸡,西安,186
宝鸡,宝鸡,0
宝鸡,兰州,471
宝鸡,西宁,690
宝鸡,银川,608
宝鸡,乌鲁木齐,2439
宝鸡,阿克苏,3152
宝鸡,喀什,3625
兰州,北京,1475
兰州,天津,1514
兰州,石家庄,1236
兰州,唐山,1629
兰州,廊坊,1462
兰州,保定,1346
兰州,太原,1024
兰州,侯马,974
兰州,呼和浩特,1102
兰州,包头,1002
兰州,沈阳,2145
兰州,大连,2291
兰州,锦州,1925
兰州,长春,2436
兰州,哈尔滨,2696
兰州,上海,2044
兰州,南京,1767
兰州,常州,1878
兰州,无锡,1920
兰州,苏州,1963
兰州,徐州,1493
兰州,连云港,1696
兰州,淮安,1675
兰州,盐城,1790
兰州,扬州,1807
兰州,南通,1968
兰州,杭州,1983
兰州,湖州,1919
兰州,嘉兴,2000
兰州,宁波,2150
兰州,台州,2264
兰州,金华,2113
兰州,义乌,2102
兰州,温州,2271
兰州,合肥,1586
兰州,蚌埠,1580
兰州,芜湖,1721
兰州,安庆,1729
兰州,福州,2306
兰州,厦门,2383
兰州,泉州,2365
兰州,南昌,1758
兰州,鹰潭,1905
兰州,赣州,2125
兰州,济南,1456
兰州,潍坊,1614
兰州,烟台,1859
兰州,青岛,1800
兰州,济宁,1438
兰州,临沂,1624
兰州,郑州,1134
兰州,漯河,1244
兰州,信阳,1280
兰州,洛阳,1030
兰州,武汉,1402
兰州,荆州,1344
兰州,襄阳,1126
兰州,长沙,1665
兰州,常德,1488
兰州,衡阳,1822
兰州,广州,2302
兰州,汕头,2567
兰州,深圳,2408
兰州,东莞,2342
兰州,湛江,2358
兰州,中山,2381
兰州,南宁,2043
兰州,柳州,1981
兰州,海口,2512
兰州,重庆,1106
兰州,成都,986
兰州,南充,917
兰州,内江,1093
兰州,贵阳,1495
兰州,昆明,1793
兰州,大理州,1977
兰州,拉萨,2164
兰州,西安,632
兰州,宝鸡,487
兰州,兰州,0
兰州,西宁,220
兰州,银川,450
兰州,乌鲁木齐,1974
兰州,阿克苏,2687
兰州,喀什,3160
西宁,北京,1693
西宁,天津,1732
西宁,石家庄,1453
西宁,唐山,1847
西宁,廊坊,1680
西宁,保定,1564
西宁,太原,1241
西宁,侯马,1142
西宁,呼和浩特,1365
西宁,包头,1220
西宁,沈阳,2363
西宁,大连,2509
西宁,锦州,2150
西宁,长春,2654
西宁,哈尔滨,2912
西宁,上海,2230
西宁,南京,1953
西宁,常州,2064
西宁,无锡,2106
西宁,苏州,2149
西宁,徐州,1670
西宁,连云港,1873
西宁,淮安,1852
西宁,盐城,1968
西宁,扬州,1985
西宁,南通,2144
西宁,杭州,2168
西宁,湖州,2105
西宁,嘉兴,2185
西宁,宁波,2336
西宁,台州,2450
西宁,金华,2299
西宁,义乌,2288
西宁,温州,2457
西宁,合肥,1772
西宁,蚌埠,1757
西宁,芜湖,1907
西宁,安庆,1915
西宁,福州,2496
西宁,厦门,2572
西宁,泉州,2554
西宁,南昌,1948
西宁,鹰潭,2093
西宁,赣州,2310
西宁,济南,1744
西宁,潍坊,1832
西宁,烟台,2077
西宁,青岛,2112
西宁,济宁,1616
西宁,临沂,1802
西宁,郑州,1311
西宁,漯河,1422
西宁,信阳,1465
西宁,洛阳,1207
西宁,武汉,1587
西宁,荆州,1529
西宁,襄阳,1311
西宁,长沙,1850
西宁,常德,1673
西宁,衡阳,2004
西宁,广州,2487
西宁,汕头,2683
西宁,深圳,2593
西宁,东莞,2527
西宁,湛江,2580
西宁,中山,2566
西宁,南宁,2265
西宁,柳州,2203
西宁,海口,2734
西宁,重庆,1328
西宁,成都,1208
西宁,南充,1139
西宁,内江,1315
西宁,贵阳,1717
西宁,昆明,2015
西宁,大理州,1945
西宁,拉萨,1944
西宁,西安,852
西宁,宝鸡,709
西宁,兰州,229
西宁,西宁,0
西宁,银川,667
西宁,乌鲁木齐,1803
西宁,阿克苏,2519
西宁,喀什,2992
银川,北京,1161
银川,天津,1201
银川,石家庄,921
银川,唐山,1315
银川,廊坊,1148
银川,保定,1032
银川,太原,711
银川,侯马,747
银川,呼和浩特,691
银川,包头,570
银川,沈阳,1831
银川,大连,1977
银川,锦州,1611
银川,长春,2082
银川,哈尔滨,2334
银川,上海,1957
银川,南京,1678
银川,常州,1790
银川,无锡,1839
银川,苏州,1876
银川,徐州,1377
银川,连云港,1474
银川,淮安,1555
银川,盐城,1675
银川,扬州,1692
银川,南通,1853
银川,杭州,1961
银川,湖州,1878
银川,嘉兴,1959
银川,宁波,2106
银川,台州,2241
银川,金华,2141
银川,义乌,2083
银川,温州,2252
银川,合肥,1614
银川,蚌埠,1493
银川,芜湖,1749
银川,安庆,1757
银川,福州,2334
银川,厦门,2410
银川,泉州,2392
银川,南昌,1786
银川,鹰潭,1932
银川,赣州,2153
银川,济南,1143
银川,潍坊,1300
银川,烟台,1545
银川,青岛,1487
银川,济宁,1307
银川,临沂,1352
银川,郑州,1025
银川,漯河,1159
银川,信阳,1308
银川,洛阳,946
银川,武汉,1429
银川,荆州,1351
银川,襄阳,1154
银川,长沙,1692
银川,常德,1516
银川,衡阳,1849
银川,广州,2321
银川,汕头,2545
银川,深圳,2435
银川,东莞,2369
银川,湛江,2662
银川,中山,2409
银川,南宁,2330
银川,柳州,2222
银川,海口,2844
银川,重庆,1397
银川,成都,1472
银川,南充,1301
银川,内江,1480
银川,贵阳,1782
银川,昆明,2180
银川,大理州,2496
银川,拉萨,2589
银川,西安,696
银川,宝鸡,656
银川,兰州,464
银川,西宁,646
银川,银川,0
银川,乌鲁木齐,2062
银川,阿克苏,2774
银川,喀什,3247
乌鲁木齐,北京,2828
乌鲁木齐,天津,2943
乌鲁木齐,石家庄,2902
乌鲁木齐,唐山,2985
乌鲁木齐,廊坊,2881
乌鲁木齐,保定,2828
乌鲁木齐,太原,2761
乌鲁木齐,侯马,2772
乌鲁木齐,呼和浩特,2318
乌鲁木齐,包头,2144
乌鲁木齐,沈阳,3502
乌鲁木齐,大连,3648
乌鲁木齐,锦州,3281
乌鲁木齐,长春,3756
乌鲁木齐,哈尔滨,4008
乌鲁木齐,上海,3953
乌鲁木齐,南京,3676
乌鲁木齐,常州,3787
乌鲁木齐,无锡,3830
乌鲁木齐,苏州,3873
乌鲁木齐,徐州,3394
乌鲁木齐,连云港,3550
乌鲁木齐,淮安,3575
乌鲁木齐,盐城,3691
乌鲁木齐,扬州,3709
乌鲁木齐,南通,3904
乌鲁木齐,杭州,3893
乌鲁木齐,湖州,3828
乌鲁木齐,嘉兴,3909
乌鲁木齐,宁波,4059
乌鲁木齐,台州,4174
乌鲁木齐,金华,4022
乌鲁木齐,义乌,4013
乌鲁木齐,温州,4172
乌鲁木齐,合肥,3495
乌鲁木齐,蚌埠,3481
乌鲁木齐,芜湖,3630
乌鲁木齐,安庆,3638
乌鲁木齐,福州,4215
乌鲁木齐,厦门,4291
乌鲁木齐,泉州,4273
乌鲁木齐,南昌,3667
乌鲁木齐,鹰潭,3813
乌鲁木齐,赣州,4034
乌鲁木齐,济南,3190
乌鲁木齐,潍坊,3323
乌鲁木齐,烟台,3542
乌鲁木齐,青岛,3498
乌鲁木齐,济宁,3324
乌鲁木齐,临沂,3399
乌鲁木齐,郑州,3035
乌鲁木齐,漯河,3136
乌鲁木齐,信阳,3189
乌鲁木齐,洛阳,2930
乌鲁木齐,武汉,3310
乌鲁木齐,荆州,3252
乌鲁木齐,襄阳,3035
乌鲁木齐,长沙,3573
乌鲁木齐,常德,3397
乌鲁木齐,衡阳,3730
乌鲁木齐,广州,4210
乌鲁木齐,汕头,4476
乌鲁木齐,深圳,4317
乌鲁木齐,东莞,4251
乌鲁木齐,湛江,4294
乌鲁木齐,中山,4290
乌鲁木齐,南宁,3981
乌鲁木齐,柳州,3918
乌鲁木齐,海口,4460
乌鲁木齐,重庆,3043
乌鲁木齐,成都,2922
乌鲁木齐,南充,2853
乌鲁木齐,内江,3029
乌鲁木齐,贵阳,3432
乌鲁木齐,昆明,3724
乌鲁木齐,大理州,3912
乌鲁木齐,拉萨,2818
乌鲁木齐,西安,2576
乌鲁木齐,宝鸡,2424
乌鲁木齐,兰州,1943
乌鲁木齐,西宁,1780
乌鲁木齐,银川,2034
乌鲁木齐,乌鲁木齐,0
乌鲁木齐,阿克苏,1025
乌鲁木齐,喀什,1498
阿克苏,北京,3578
阿克苏,天津,3693
阿克苏,石家庄,3654
阿克苏,唐山,3735
阿克苏,廊坊,3631
阿克苏,保定,3579
阿克苏,太原,3511
阿克苏,侯马,3522
阿克苏,呼和浩特,3068
阿克苏,包头,2895
阿克苏,沈阳,4252
阿克苏,大连,4398
阿克苏,锦州,4032
阿克苏,长春,4506
阿克苏,哈尔滨,4759
阿克苏,上海,4704
阿克苏,南京,4427
阿克苏,常州,4538
阿克苏,无锡,4580
阿克苏,苏州,4623
阿克苏,徐州,4144
阿克苏,连云港,4300
阿克苏,淮安,4326
阿克苏,盐城,4442
阿克苏,扬州,4459
阿克苏,南通,4655
阿克苏,杭州,4643
阿克苏,湖州,4579
阿克苏,嘉兴,4660
阿克苏,宁波,4810
阿克苏,台州,4924
阿克苏,金华,4773
阿克苏,义乌,4762
阿克苏,温州,4931
阿克苏,合肥,4246
阿克苏,蚌埠,4231
阿克苏,芜湖,4381
阿克苏,安庆,4389
阿克苏,福州,4965
阿克苏,厦门,5042
阿克苏,泉州,5024
阿克苏,南昌,4417
阿克苏,鹰潭,4564
阿克苏,赣州,4784
阿克苏,济南,3940
阿克苏,潍坊,4074
阿克苏,烟台,4293
阿克苏,青岛,4248
阿克苏,济宁,4074
阿克苏,临沂,4150
阿克苏,郑州,3785
阿克苏,漯河,3896
阿克苏,信阳,3940
阿克苏,洛阳,3681
阿克苏,武汉,4061
阿克苏,荆州,4003
阿克苏,襄阳,3785
阿克苏,长沙,4324
阿克苏,常德,4147
阿克苏,衡阳,4481
阿克苏,广州,4961
阿克苏,汕头,5226
阿克苏,深圳,5067
阿克苏,东莞,5001
阿克苏,湛江,5045
阿克苏,中山,5041
阿克苏,南宁,4731
阿克苏,柳州,4668
阿克苏,海口,5199
阿克苏,重庆,3793
阿克苏,成都,3673
阿克苏,南充,3604
阿克苏,内江,3780
阿克苏,贵阳,4182
阿克苏,昆明,4480
阿克苏,大理州,4662
阿克苏,拉萨,3095
阿克苏,西安,3327
阿克苏,宝鸡,3174
阿克苏,兰州,2693
阿克苏,西宁,2530
阿克苏,银川,2784
阿克苏,乌鲁木齐,1064
阿克苏,阿克苏,0
阿克苏,喀什,475
喀什,北京,4042
喀什,天津,4157
喀什,石家庄,4117
喀什,唐山,4199
喀什,廊坊,4095
喀什,保定,4042
喀什,太原,3975
喀什,侯马,3986
喀什,呼和浩特,3532
喀什,包头,3358
喀什,沈阳,4716
喀什,大连,4861
喀什,锦州,4495
喀什,长春,4970
喀什,哈尔滨,5222
喀什,上海,5167
喀什,南京,4890
喀什,常州,5001
喀什,无锡,5044
喀什,苏州,5087
喀什,徐州,4608
喀什,连云港,4764
喀什,淮安,4789
喀什,盐城,4905
喀什,扬州,4923
喀什,南通,5118
喀什,杭州,5107
喀什,湖州,5042
喀什,嘉兴,5123
喀什,宁波,5273
喀什,台州,5388
喀什,金华,5236
喀什,义乌,5226
喀什,温州,5395
喀什,合肥,4709
喀什,蚌埠,4695
喀什,芜湖,4844
喀什,安庆,4852
喀什,福州,5429
喀什,厦门,5505
喀什,泉州,5487
喀什,南昌,4881
喀什,鹰潭,5027
喀什,赣州,5248
喀什,济南,4404
喀什,潍坊,4537
喀什,烟台,4756
喀什,青岛,4712
喀什,济宁,4538
喀什,临沂,4613
喀什,郑州,4249
喀什,漯河,4359
喀什,信阳,4403
喀什,洛阳,4144
喀什,武汉,4524
喀什,荆州,4466
喀什,襄阳,4249
喀什,长沙,4787
喀什,常德,4611
喀什,衡阳,4944
喀什,广州,5424
喀什,汕头,5690
喀什,深圳,5531
喀什,东莞,5463
喀什,湛江,5508
喀什,中山,5504
喀什,南宁,5195
喀什,柳州,5132
喀什,海口,5664
喀什,重庆,4257
喀什,成都,4136
喀什,南充,4067
喀什,内江,4243
喀什,贵阳,4646
喀什,昆明,4943
喀什,大理州,5126
喀什,拉萨,2821
喀什,西安,3790
喀什,宝鸡,3638
喀什,兰州,3157
喀什,西宁,2994
喀什,银川,3248
喀什,乌鲁木齐,1527
喀什,阿克苏,466
喀什,喀什,0
