收寄城市,寄达城市,流量
南京,常州,198
南京,淮安,43
无锡,连云港,39
苏州,徐州,158
连云港,苏州,86
徐州,盐城,64
常州,南通,83
南通,苏州,134
南通,盐城,40
杭州,温州,542
嘉兴,宁波,184
台州,宁波,274
长沙,长沙,491
武汉,襄阳,95
汕头,中山,73
石家庄,西安,338
石家庄,太原,226
石家庄,南京,106
石家庄,阿克苏,27
天津,信阳,24
廊坊,侯马,23
廊坊,南昌,26
廊坊,厦门,18
廊坊,郑州,44
廊坊,南充,13
保定,合肥,46
保定,济南,193
保定,信阳,77
保定,常州,25
保定,襄阳,18
北京,西安,78
沈阳,合肥,54
沈阳,蚌埠,36
长春,信阳,12
长春,贵阳,20
哈尔滨,长春,80
南京,哈尔滨,152
南京,锦州,38
南京,洛阳,63
南京,汕头,75
扬州,郑州,80
扬州,漯河,34
常州,厦门,112
无锡,福州,75
无锡,银川,34
无锡,石家庄,87
无锡,金华,49
无锡,长沙,91
无锡,汕头,36
无锡,南宁,53
无锡,海口,35
无锡,成都,140
苏州,广州,292
苏州,济南,197
苏州,青岛,100
徐州,北京,244
徐州,湛江,68
徐州,贵阳,215
徐州,海口,112
连云港,南昌,51
连云港,银川,23
连云港,昆明,35
淮安,石家庄,22
淮安,漯河,12
淮安,金华,20
徐州,侯马,80
徐州,芜湖,66
盐城,合肥,55
盐城,厦门,36
盐城,郑州,109
扬州,北京,50
扬州,洛阳,25
扬州,汕头,26
扬州,南充,24
常州,哈尔滨,200
常州,芜湖,55
常州,襄阳,44
常州,南充,69
常州,兰州,91
南通,太原,36
南通,青岛,50
南通,宁波,56
南通,武汉,92
南通,南宁,52
南通,西安,80
合肥,北京,261
合肥,芜湖,120
合肥,福州,226
安庆,侯马,63
安庆,宁波,78
安庆,南昌,128
安庆,汕头,87
安庆,南宁,138
安庆,兰州,72
蚌埠,沈阳,219
蚌埠,漯河,96
蚌埠,西安,245
济南,郑州,298
济南,乌鲁木齐,91
潍坊,郑州,35
临沂,信阳,25
杭州,天津,434
杭州,衡阳,176
杭州,广州,1133
杭州,南宁,429
杭州,柳州,165
杭州,银川,163
湖州,石家庄,182
湖州,常州,64
湖州,济南,275
湖州,青岛,94
嘉兴,石家庄,109
嘉兴,沈阳,147
嘉兴,汕头,74
嘉兴,成都,194
嘉兴,海口,47
嘉兴,兰州,79
嘉兴,大理州,26
宁波,石家庄,175
宁波,南昌,185
宁波,福州,190
宁波,襄阳,46
宁波,昆明,146
宁波,大理州,34
台州,锦州,52
台州,徐州,198
台州,合肥,274
台州,信阳,180
台州,汕头,185
台州,成都,417
台州,银川,79
金华,长春,388
金华,洛阳,223
金华,广州,1166
金华,柳州,183
金华,西安,662
金华,兰州,252
金华,鹰潭,83
温州,侯马,85
温州,合肥,184
温州,洛阳,88
温州,广州,542
温州,柳州,78
南昌,天津,145
南昌,西安,232
鹰潭,郑州,32
福州,济南,121
福州,湛江,39
泉州,哈尔滨,47
泉州,呼和浩特,29
泉州,石家庄,45
泉州,南京,38
泉州,济南,76
泉州,武汉,71
泉州,信阳,30
泉州,南充,22
厦门,汕头,43
重庆,广州,121
重庆,呼和浩特,61
重庆,侯马,19
重庆,徐州,23
重庆,南昌,47
重庆,襄阳,12
重庆,昆明,95
重庆,西安,76
长沙,侯马,78
长沙,天津,168
长沙,长春,113
长沙,常州,77
长沙,青岛,117
长沙,襄阳,53
常德,杭州,19
衡阳,石家庄,32
武汉,呼和浩特,108
武汉,北京,270
武汉,杭州,162
荆州,常州,11
武汉,阿克苏,30
郑州,合肥,165
郑州,杭州,184
郑州,广州,520
郑州,西安,379
郑州,洛阳,133
洛阳,天津,105
洛阳,哈尔滨,128
洛阳,合肥,67
洛阳,南京,57
洛阳,芜湖,25
信阳,信阳,19
郑州,襄阳,58
汕头,锦州,12
汕头,济南,63
汕头,南充,29
汕头,昆明,57
湛江,武汉,23
湛江,湛江,6
中山,汕头,81
成都,乌鲁木齐,44
成都,南宁,67
昆明,中山,25
石家庄,唐山,91
石家庄,泉州,68
石家庄,扬州,28
石家庄,包头,36
石家庄,宝鸡,25
天津,泉州,10
唐山,廊坊,9
唐山,沈阳,19
唐山,哈尔滨,16
唐山,郑州,14
唐山,信阳,6
唐山,呼和浩特,6
唐山,锦州,5
唐山,临沂,5
唐山,南昌,6
北京,长春,62
北京,武汉,57
北京,昆明,43
廊坊,呼和浩特,24
廊坊,大连,16
廊坊,嘉兴,8
廊坊,宝鸡,5
保定,上海,82
保定,重庆,56
保定,蚌埠,29
保定,安庆,15
保定,济宁,36
保定,台州,15
保定,义乌,7
北京,呼和浩特,30
北京,蚌埠,15
北京,芜湖,10
北京,南宁,33
北京,保定,17
北京,大连,17
沈阳,唐山,70
沈阳,杭州,77
沈阳,苏州,79
沈阳,淮安,12
沈阳,芜湖,21
沈阳,泉州,26
长春,廊坊,8
长春,常州,7
长春,蚌埠,7
长春,泉州,6
长春,重庆,11
长春,洛阳,7
哈尔滨,呼和浩特,22
哈尔滨,廊坊,15
哈尔滨,合肥,14
哈尔滨,杭州,27
哈尔滨,嘉兴,10
哈尔滨,厦门,15
哈尔滨,郑州,30
哈尔滨,信阳,12
哈尔滨,贵阳,15
哈尔滨,成都,33
哈尔滨,兰州,13
南京,泉州,61
南京,衡阳,55
南京,东莞,83
南京,银川,56
南京,西宁,18
南京,阿克苏,19
南京,深圳,132
扬州,赣州,14
扬州,海口,31
淮安,上海,92
淮安,温州,25
淮安,汕头,13
淮安,深圳,25
淮安,东莞,21
常州,泉州,80
常州,重庆,141
无锡,台州,34
无锡,泉州,29
苏州,鹰潭,19
苏州,重庆,105
苏州,常德,32
徐州,烟台,55
徐州,赣州,52
徐州,深圳,174
徐州,内江,15
连云港,保定,24
连云港,淮安,12
连云港,安庆,13
连云港,临沂,24
连云港,台州,16
连云港,荆州,7
连云港,内江,5
连云港,宝鸡,6
淮安,阿克苏,9
淮安,泉州,11
淮安,洛阳,10
淮安,常德,7
盐城,唐山,14
盐城,济宁,25
盐城,成都,72
扬州,包头,10
扬州,淮安,13
扬州,内江,5
扬州,大理州,14
常州,宝鸡,17
常州,西宁,11
合肥,大连,74
合肥,连云港,34
合肥,淮安,23
合肥,潍坊,81
合肥,湖州,36
合肥,温州,97
合肥,海口,61
安庆,临沂,37
安庆,荆州,15
蚌埠,无锡,54
蚌埠,嘉兴,42
蚌埠,重庆,118
蚌埠,洛阳,69
蚌埠,湖州,24
芜湖,上海,116
芜湖,南京,45
芜湖,徐州,35
芜湖,泉州,26
芜湖,长沙,84
芜湖,深圳,57
芜湖,保定,21
芜湖,银川,33
芜湖,无锡,19
济南,太原,209
济南,大连,87
济南,长春,203
济南,上海,317
济南,苏州,137
济南,蚌埠,81
济南,杭州,159
济南,金华,64
济南,南昌,140
济南,重庆,161
济南,南通,48
潍坊,深圳,19
潍坊,成都,35
潍坊,保定,10
潍坊,长沙,25
潍坊,洛阳,12
潍坊,中山,16
潍坊,乌鲁木齐,14
潍坊,临沂,12
潍坊,泉州,8
青岛,杭州,33
青岛,广州,66
青岛,贵阳,27
青岛,锦州,15
青岛,金华,14
济宁,上海,43
济宁,合肥,17
济宁,温州,10
济宁,南昌,22
济宁,衡阳,10
济宁,武汉,35
济宁,东莞,17
济宁,兰州,27
临沂,长春,31
临沂,徐州,20
临沂,福州,24
临沂,泉州,12
临沂,贵阳,40
临沂,兰州,29
济宁,大连,11
济宁,锦州,11
济宁,临沂,12
济宁,泉州,8
临沂,保定,13
临沂,安庆,8
临沂,常德,8
济宁,银川,8
杭州,包头,57
杭州,上海,1318
杭州,深圳,433
湖州,保定,65
湖州,潍坊,51
湖州,嘉兴,58
湖州,鹰潭,33
湖州,泉州,88
湖州,衡阳,71
湖州,东莞,117
嘉兴,盐城,42
嘉兴,赣州,36
宁波,无锡,74
宁波,东莞,123
宁波,西宁,16
金华,包头,56
金华,廊坊,91
金华,淮安,73
金华,扬州,110
金华,济宁,170
金华,深圳,420
金华,东莞,350
温州,无锡,93
温州,唐山,51
温州,保定,62
温州,淮安,29
南昌,保定,52
南昌,深圳,174
南昌,盐城,36
南昌,安庆,43
南昌,义乌,25
鹰潭,重庆,21
鹰潭,长沙,29
鹰潭,衡阳,11
鹰潭,苏州,15
鹰潭,湛江,8
福州,常州,37
福州,金华,42
福州,海口,43
福州,台州,31
福州,乌鲁木齐,28
福州,鹰潭,17
福州,襄阳,27
厦门,石家庄,34
厦门,长春,23
厦门,重庆,30
泉州,海口,50
泉州,大连,11
泉州,淮安,6
泉州,济宁,17
泉州,湖州,10
厦门,湛江,24
厦门,海口,22
重庆,烟台,13
重庆,扬州,8
重庆,赣州,12
重庆,荆州,6
长沙,南通,48
长沙,湖州,34
长沙,赣州,69
长沙,西宁,16
常德,包头,4
常德,南昌,14
常德,武汉,21
常德,东莞,14
常德,南宁,15
常德,兰州,6
衡阳,北京,44
衡阳,青岛,20
衡阳,天津,27
衡阳,徐州,13
衡阳,合肥,22
衡阳,南昌,33
衡阳,台州,9
武汉,济宁,41
荆州,上海,44
荆州,泉州,11
荆州,郑州,25
荆州,东莞,26
荆州,成都,37
荆州,嘉兴,8
武汉,西宁,21
襄阳,南昌,22
襄阳,福州,16
襄阳,泉州,8
襄阳,湛江,6
襄阳,柳州,10
襄阳,成都,29
郑州,廊坊,49
郑州,盐城,44
郑州,宝鸡,26
洛阳,无锡,35
洛阳,济宁,33
洛阳,泉州,35
洛阳,昆明,64
洛阳,包头,16
洛阳,鹰潭,16
洛阳,淮安,10
洛阳,湖州,15
漯河,武汉,48
漯河,唐山,14
漯河,济宁,16
漯河,杭州,36
漯河,宁波,21
漯河,温州,19
信阳,太原,43
信阳,长春,43
信阳,苏州,31
信阳,济南,70
信阳,天津,47
信阳,贵阳,50
信阳,成都,70
信阳,保定,18
信阳,常州,16
信阳,无锡,15
信阳,金华,18
信阳,温州,17
信阳,武汉,54
信阳,深圳,37
信阳,中山,29
洛阳,义乌,14
信阳,锦州,15
广州,上海,249
广州,常州,61
广州,蚌埠,59
广州,常德,64
广州,郑州,198
广州,西宁,57
广州,大连,52
广州,安庆,39
汕头,南京,19
汕头,无锡,12
汕头,苏州,24
汕头,烟台,12
汕头,临沂,17
汕头,衡阳,31
汕头,东莞,72
汕头,大理州,13
广州,鹰潭,30
湛江,呼和浩特,6
湛江,南昌,17
湛江,柳州,10
湛江,大连,5
湛江,无锡,6
湛江,芜湖,5
湛江,安庆,5
湛江,济宁,4
湛江,临沂,4
湛江,台州,5
中山,武汉,79
中山,昆明,53
中山,保定,20
中山,烟台,14
中山,金华,22
中山,衡阳,27
中山,南充,27
中山,银川,17
贵阳,北京,18
贵阳,杭州,17
贵阳,宁波,12
贵阳,南昌,12
贵阳,武汉,17
贵阳,郑州,13
海口,北京,10
海口,南京,4
海口,武汉,7
海口,东莞,5
成都,哈尔滨,88
成都,福州,54
成都,烟台,18
成都,襄阳,17
成都,信阳,35
成都,深圳,68
昆明,厦门,17
昆明,郑州,25
昆明,西安,28
昆明,临沂,6
昆明,温州,15
昆明,常德,7
西安,天津,64
西安,汕头,54
西安,深圳,116
西安,侯马,59
西安,漯河,29
沈阳,安庆,16
合肥,阿克苏,15
信阳,湛江,13
呼和浩特,济南,14
呼和浩特,武汉,9
锦州,上海,4
锦州,济南,5
锦州,广州,5
太原,郑州,15
天津,淮安,4
天津,盐城,7
天津,安庆,7
天津,台州,7
天津,常德,5
天津,大理州,5
天津,阿克苏,4
沈阳,赣州,12
哈尔滨,湖州,6
哈尔滨,南充,7
合肥,内江,18
芜湖,荆州,8
芜湖,大理州,10
济南,连云港,29
济南,西宁,19
青岛,芜湖,9
青岛,南宁,10
厦门,连云港,8
厦门,烟台,8
厦门,济宁,9
厦门,银川,11
常德,厦门,8
洛阳,西宁,6
漯河,廊坊,9
漯河,安庆,10
漯河,襄阳,11
信阳,廊坊,10
信阳,临沂,14
信阳,湖州,7
信阳,荆州,5
漯河,淮安,5
信阳,拉萨,3
郑州,喀什,5
中山,西宁,8
中山,阿克苏,10
南宁,呼和浩特,5
南宁,苏州,13
南宁,宁波,10
南宁,金华,9
南宁,福州,20
南宁,厦门,13
南宁,重庆,24
柳州,南昌,4
柳州,成都,7
柳州,西安,4
南充,上海,16
南充,西安,20
南充,青岛,8
大理州,大连,4
大理州,南京,3
大理州,西安,5
西安,扬州,13
西安,蚌埠,20
西安,嘉兴,23
西安,常德,16
西安,宝鸡,30
西安,乌鲁木齐,100
烟台,济南,36
义乌,温州,391
西宁,西宁,50
乌鲁木齐,乌鲁木齐,44
太原,锦州,4
大连,天津,12
大连,漯河,4
上海,蚌埠,43
上海,合肥,93
上海,济南,177
上海,杭州,164
上海,武汉,192
烟台,哈尔滨,21
烟台,常州,6
烟台,贵阳,10
临沂,银川,8
义乌,蚌埠,340
赣州,汕头,5
赣州,南宁,9
常德,漯河,5
荆州,洛阳,8
深圳,呼和浩特,55
深圳,哈尔滨,108
深圳,太原,79
深圳,南京,110
深圳,郑州,138
深圳,南充,67
东莞,南昌,140
东莞,柳州,79
东莞,成都,246
东莞,昆明,126
南宁,襄阳,5
南充,合肥,7
银川,哈尔滨,8
呼和浩特,徐州,3
呼和浩特,潍坊,3
呼和浩特,烟台,4
呼和浩特,湖州,1
呼和浩特,温州,3
呼和浩特,衡阳,2
呼和浩特,南充,3
呼和浩特,兰州,4
呼和浩特,拉萨,1
包头,石家庄,1
包头,沈阳,2
包头,南京,1
包头,合肥,1
包头,济宁,1
包头,嘉兴,1
包头,汕头,1
包头,大理州,1
包头,银川,2
包头,乌鲁木齐,1
太原,南京,5
太原,徐州,4
太原,福州,6
太原,襄阳,3
太原,柳州,2
侯马,包头,1
侯马,廊坊,1
侯马,大连,1
侯马,青岛,2
侯马,杭州,3
侯马,厦门,2
侯马,泉州,1
唐山,淮安,1
唐山,嘉兴,3
唐山,鹰潭,1
唐山,常德,2
唐山,内江,1
北京,宝鸡,5
沈阳,喀什,3
大连,廊坊,2
大连,无锡,3
大连,泉州,5
大连,武汉,8
大连,中山,4
锦州,包头,2
锦州,扬州,1
锦州,合肥,2
锦州,安庆,1
锦州,潍坊,1
锦州,宁波,1
锦州,鹰潭,1
锦州,福州,2
锦州,重庆,2
锦州,荆州,1
锦州,南充,1
锦州,西宁,1
锦州,拉萨,1
长春,湖州,3
哈尔滨,常德,4
哈尔滨,西宁,2
哈尔滨,拉萨,1
上海,潍坊,44
无锡,深圳,76
连云港,阿克苏,2
潍坊,淮安,3
潍坊,荆州,3
潍坊,阿克苏,3
烟台,无锡,6
烟台,芜湖,3
烟台,赣州,3
烟台,荆州,2
烟台,南宁,4
烟台,喀什,1
青岛,荆州,3
济宁,安庆,6
济宁,昆明,8
临沂,鹰潭,4
临沂,大理州,3
义乌,连云港,128
义乌,扬州,125
义乌,烟台,200
义乌,西宁,15
义乌,乌鲁木齐,54
义乌,喀什,3
鹰潭,连云港,3
鹰潭,淮安,2
鹰潭,喀什,1
赣州,呼和浩特,5
赣州,包头,2
赣州,苏州,5
赣州,淮安,1
赣州,盐城,2
赣州,济宁,3
赣州,鹰潭,2
赣州,东莞,7
赣州,内江,1
赣州,兰州,4
赣州,喀什,1
泉州,内江,3
常德,太原,6
常德,侯马,3
常德,安庆,2
常德,襄阳,4
常德,洛阳,3
衡阳,连云港,4
衡阳,湖州,5
衡阳,阿克苏,3
武汉,喀什,7
荆州,包头,4
荆州,唐山,5
荆州,潍坊,6
荆州,鹰潭,4
襄阳,包头,3
襄阳,义乌,3
襄阳,鹰潭,3
襄阳,荆州,3
漯河,喀什,1
深圳,连云港,29
深圳,泉州,85
深圳,衡阳,86
深圳,宝鸡,10
东莞,苏州,96
东莞,台州,40
东莞,喀什,6
东莞,拉萨,17
湛江,盐城,3
湛江,荆州,2
湛江,乌鲁木齐,3
南宁,唐山,4
南宁,连云港,3
南宁,安庆,4
南宁,嘉兴,5
南宁,赣州,5
南宁,喀什,1
柳州,太原,2
柳州,济宁,1
贵阳,淮安,1
海口,锦州,1
海口,芜湖,2
海口,安庆,1
海口,烟台,2
海口,大理州,2
海口,银川,1
成都,宝鸡,7
成都,喀什,2
南充,锦州,2
南充,无锡,4
南充,淮安,2
南充,安庆,3
南充,荆州,2
内江,锦州,1
内江,长春,2
内江,芜湖,1
内江,安庆,1
内江,潍坊,1
内江,嘉兴,1
内江,台州,1
内江,温州,2
内江,衡阳,2
内江,深圳,4
内江,中山,3
内江,南宁,3
内江,乌鲁木齐,1
昆明,安庆,5
大理州,济宁,1
大理州,荆州,1
大理州,信阳,2
大理州,洛阳,2
大理州,中山,3
宝鸡,保定,1
宝鸡,上海,4
宝鸡,蚌埠,1
宝鸡,嘉兴,1
宝鸡,温州,1
宝鸡,鹰潭,1
宝鸡,武汉,3
宝鸡,深圳,3
兰州,石家庄,4
兰州,大连,2
兰州,哈尔滨,6
兰州,上海,11
兰州,南京,5
兰州,合肥,3
兰州,芜湖,1
兰州,临沂,2
兰州,金华,2
兰州,赣州,2
兰州,湛江,2
兰州,贵阳,4
兰州,大理州,1
银川,大连,2
银川,常州,2
银川,扬州,1
银川,鹰潭,1
银川,汕头,3
西宁,锦州,1
西宁,扬州,1
西宁,青岛,1
西宁,金华,1
西宁,鹰潭,1
西宁,常德,1
西宁,中山,1
西宁,海口,1
西宁,成都,5
西宁,内江,1
西宁,银川,2
乌鲁木齐,太原,2
乌鲁木齐,石家庄,2
乌鲁木齐,南通,1
乌鲁木齐,济南,4
乌鲁木齐,济宁,1
乌鲁木齐,常德,1
乌鲁木齐,内江,1
乌鲁木齐,西宁,1
阿克苏,包头,1
阿克苏,侯马,1
阿克苏,沈阳,1
阿克苏,扬州,1
阿克苏,济宁,1
阿克苏,宁波,1
阿克苏,福州,1
阿克苏,中山,1
阿克苏,贵阳,1
阿克苏,海口,1
阿克苏,宝鸡,1
阿克苏,拉萨,1
喀什,大连,1
喀什,徐州,1
喀什,扬州,1
喀什,烟台,1
喀什,荆州,1
喀什,郑州,1
喀什,漯河,1
喀什,深圳,1
喀什,湛江,1
喀什,柳州,1
喀什,阿克苏,1
拉萨,廊坊,1
拉萨,北京,1
拉萨,无锡,1
拉萨,蚌埠,1
拉萨,宁波,1
拉萨,长沙,2
拉萨,襄阳,1
拉萨,广州,1
拉萨,昆明,1
拉萨,大理州,1
南京,扬州,83
南京,盐城,81
南京,南通,134
苏州,南京,251
连云港,常州,50
淮安,常州,51
徐州,扬州,54
徐州,常州,122
徐州,无锡,110
扬州,无锡,37
扬州,南京,72
南通,淮安,19
南通,连云港,25
济南,济宁,157
杭州,台州,326
嘉兴,温州,135
温州,嘉兴,131
泉州,福州,146
郑州,漯河,183
广州,广州,804
石家庄,长春,206
石家庄,侯马,123
石家庄,哈尔滨,269
石家庄,济南,332
石家庄,襄阳,45
天津,哈尔滨,67
廊坊,天津,64
廊坊,哈尔滨,65
廊坊,徐州,17
廊坊,济南,57
廊坊,福州,28
廊坊,漯河,21
廊坊,昆明,26
廊坊,西安,61
保定,中山,36
保定,青岛,76
保定,兰州,60
保定,南昌,52
沈阳,徐州,60
沈阳,郑州,102
沈阳,洛阳,31
沈阳,昆明,48
长春,天津,43
长春,北京,65
长春,郑州,29
南京,沈阳,196
南京,天津,158
南京,襄阳,40
扬州,中山,33
扬州,贵阳,67
无锡,武汉,144
无锡,贵阳,66
无锡,北京,171
无锡,郑州,118
无锡,洛阳,39
无锡,中山,45
无锡,湛江,20
无锡,南充,31
苏州,宁波,123
苏州,石家庄,117
苏州,芜湖,57
苏州,郑州,159
苏州,银川,48
苏州,西宁,23
苏州,乌鲁木齐,111
徐州,天津,196
徐州,哈尔滨,177
徐州,沈阳,224
徐州,汕头,105
连云港,沈阳,96
连云港,芜湖,17
连云港,济南,113
连云港,杭州,48
连云港,福州,51
连云港,漯河,39
连云港,海口,36
连云港,成都,86
淮安,杭州,47
徐州,蚌埠,106
徐州,襄阳,49
盐城,锦州,14
盐城,常州,64
盐城,贵阳,45
盐城,沈阳,58
盐城,青岛,59
盐城,武汉,66
扬州,哈尔滨,57
扬州,侯马,23
扬州,青岛,40
常州,西安,244
常州,太原,145
常州,蚌埠,93
南通,锦州,16
南通,侯马,20
南通,合肥,70
南通,厦门,44
南通,郑州,85
南通,信阳,38
南通,广州,187
南通,贵阳,52
合肥,锦州,62
合肥,太原,215
合肥,常州,95
合肥,济南,369
合肥,郑州,329
安庆,天津,122
安庆,常州,63
安庆,济南,186
安庆,青岛,84
安庆,襄阳,31
安庆,中山,92
安庆,成都,212
蚌埠,石家庄,165
蚌埠,武汉,203
蚌埠,信阳,106
蚌埠,柳州,73
南京,昆明,114
芜湖,南昌,66
安庆,鹰潭,24
济南,锦州,82
济南,青岛,298
杭州,锦州,100
杭州,沈阳,546
杭州,侯马,204
杭州,徐州,353
杭州,芜湖,158
杭州,安庆,137
杭州,青岛,353
杭州,武汉,670
杭州,西安,653
湖州,哈尔滨,187
湖州,福州,153
湖州,武汉,192
湖州,湛江,89
湖州,贵阳,371
嘉兴,常州,76
嘉兴,厦门,80
嘉兴,乌鲁木齐,95
宁波,锦州,36
宁波,常州,83
宁波,青岛,135
宁波,鹰潭,31
宁波,南宁,188
宁波,南充,73
宁波,银川,60
台州,呼和浩特,99
台州,济南,466
台州,昆明,260
金华,沈阳,579
金华,北京,743
金华,徐州,381
金华,合肥,500
金华,南昌,487
金华,襄阳,116
金华,漯河,292
金华,银川,147
金华,大理州,86
温州,天津,167
温州,北京,189
温州,长沙,307
温州,南充,80
温州,西安,266
温州,锦州,36
温州,芜湖,68
南昌,石家庄,153
南昌,郑州,212
南昌,南宁,170
南昌,武汉,225
鹰潭,石家庄,27
福州,汕头,80
福州,南昌,101
泉州,太原,35
泉州,北京,68
泉州,徐州,29
泉州,常州,21
泉州,漯河,25
泉州,成都,93
重庆,北京,79
重庆,常州,20
重庆,济南,59
重庆,衡阳,25
重庆,武汉,77
重庆,南宁,69
重庆,大理州,19
重庆,兰州,38
长沙,银川,76
长沙,徐州,94
长沙,柳州,104
衡阳,广州,116
衡阳,贵阳,52
武汉,广州,501
武汉,常州,68
武汉,长沙,346
武汉,郑州,238
武汉,漯河,93
武汉,贵阳,184
郑州,天津,245
郑州,济南,414
郑州,中山,148
郑州,北京,431
洛阳,济南,187
洛阳,广州,218
洛阳,信阳,74
洛阳,沈阳,144
洛阳,徐州,57
洛阳,厦门,47
洛阳,汕头,50
漯河,锦州,13
漯河,广州,84
郑州,沈阳,316
郑州,长春,242
郑州,长沙,291
郑州,兰州,136
广州,锦州,41
广州,昆明,209
广州,乌鲁木齐,365
广州,阿克苏,89
汕头,侯马,25
汕头,石家庄,48
汕头,北京,50
汕头,金华,18
汕头,武汉,57
汕头,郑州,57
汕头,信阳,30
贵阳,广州,38
成都,合肥,45
昆明,成都,79
石家庄,苏州,121
石家庄,济宁,61
石家庄,南通,47
石家庄,台州,43
石家庄,连云港,28
天津,唐山,25
天津,大连,18
天津,合肥,22
天津,蚌埠,14
天津,宁波,14
天津,温州,12
天津,漯河,21
天津,东莞,16
天津,湛江,8
天津,成都,43
唐山,上海,11
唐山,济南,17
唐山,杭州,8
唐山,厦门,5
唐山,长沙,9
唐山,中山,4
北京,上海,66
北京,天津,71
北京,长沙,56
北京,郑州,65
廊坊,上海,33
廊坊,烟台,12
廊坊,长沙,44
廊坊,常德,8
廊坊,衡阳,12
保定,南通,17
保定,温州,26
保定,衡阳,26
保定,扬州,10
保定,荆州,7
北京,深圳,32
北京,唐山,17
沈阳,济宁,31
沈阳,湖州,14
沈阳,襄阳,13
沈阳,海口,35
长春,唐山,13
长春,大连,24
长春,南宁,14
哈尔滨,侯马,15
哈尔滨,石家庄,36
哈尔滨,保定,15
哈尔滨,南京,19
哈尔滨,东莞,14
哈尔滨,海口,14
哈尔滨,昆明,18
哈尔滨,银川,10
南京,大连,47
南京,上海,468
南京,临沂,44
南京,台州,60
扬州,盐城,22
扬州,潍坊,16
淮安,青岛,19
常州,台州,52
常州,昆明,114
无锡,大理州,12
苏州,东莞,74
苏州,保定,39
苏州,临沂,39
徐州,嘉兴,56
徐州,衡阳,77
连云港,济宁,23
连云港,温州,25
连云港,鹰潭,8
淮安,银川,12
淮安,蚌埠,16
盐城,太原,35
盐城,深圳,50
盐城,南充,19
盐城,大理州,10
常州,拉萨,10
南通,包头,11
南通,上海,228
南通,济宁,19
南通,义乌,12
南通,荆州,8
合肥,烟台,69
合肥,衡阳,90
合肥,深圳,211
安庆,廊坊,22
安庆,常德,31
蚌埠,唐山,45
蚌埠,保定,50
蚌埠,上海,236
蚌埠,苏州,107
蚌埠,临沂,50
蚌埠,台州,39
蚌埠,泉州,61
蚌埠,东莞,102
蚌埠,盐城,32
蚌埠,义乌,17
芜湖,长春,51
芜湖,天津,63
芜湖,漯河,32
芜湖,大连,22
芜湖,南充,27
安庆,深圳,113
济南,侯马,117
济南,合肥,137
济南,兰州,204
济南,泉州,59
潍坊,杭州,24
潍坊,东莞,14
潍坊,银川,12
潍坊,无锡,11
潍坊,合肥,17
潍坊,金华,9
青岛,长春,32
青岛,福州,27
青岛,深圳,28
青岛,蚌埠,14
青岛,泉州,12
青岛,洛阳,14
青岛,海口,11
济宁,石家庄,28
济宁,苏州,18
济宁,中山,16
临沂,金华,11
临沂,成都,50
临沂,大连,11
杭州,无锡,236
杭州,连云港,98
杭州,淮安,67
杭州,南通,171
杭州,潍坊,170
杭州,济宁,158
杭州,义乌,135
杭州,赣州,116
杭州,重庆,341
杭州,拉萨,39
湖州,扬州,25
湖州,临沂,57
湖州,义乌,30
湖州,重庆,144
嘉兴,唐山,32
嘉兴,保定,38
嘉兴,连云港,30
嘉兴,泉州,54
宁波,临沂,62
宁波,常德,51
宁波,深圳,163
宁波,义乌,40
宁波,喀什,4
台州,潍坊,100
台州,重庆,196
金华,赣州,128
金华,重庆,352
金华,常德,116
金华,西宁,41
金华,拉萨,33
温州,苏州,194
温州,重庆,144
温州,大连,44
温州,盐城,56
温州,临沂,61
温州,拉萨,15
南昌,厦门,107
南昌,南充,73
南昌,大连,40
南昌,连云港,26
南昌,常德,44
鹰潭,锦州,9
鹰潭,长春,20
鹰潭,天津,24
鹰潭,泉州,11
鹰潭,武汉,30
鹰潭,唐山,7
鹰潭,潍坊,7
鹰潭,汕头,12
福州,苏州,66
福州,宁波,54
福州,太原,73
福州,衡阳,43
福州,成都,133
福州,蚌埠,37
福州,烟台,26
福州,临沂,25
福州,南通,25
福州,湖州,16
厦门,太原,25
厦门,北京,54
厦门,南宁,38
泉州,南通,16
泉州,廊坊,8
泉州,连云港,8
泉州,义乌,7
泉州,西宁,8
厦门,蚌埠,21
厦门,台州,18
厦门,柳州,17
厦门,南充,16
厦门,嘉兴,18
重庆,上海,73
重庆,南通,13
重庆,拉萨,4
长沙,无锡,64
长沙,芜湖,48
长沙,济宁,46
长沙,喀什,8
长沙,义乌,33
常德,无锡,8
衡阳,太原,24
衡阳,保定,9
衡阳,柳州,21
衡阳,大理州,12
武汉,大连,48
武汉,连云港,23
武汉,荆州,50
荆州,南京,19
荆州,宁波,16
荆州,厦门,17
荆州,汕头,20
荆州,贵阳,22
荆州,昆明,21
荆州,信阳,13
荆州,衡阳,12
荆州,漯河,12
襄阳,太原,23
襄阳,保定,8
襄阳,大连,8
襄阳,盐城,6
襄阳,蚌埠,8
襄阳,芜湖,8
襄阳,湖州,5
襄阳,长沙,25
郑州,苏州,149
郑州,唐山,72
郑州,保定,92
郑州,无锡,78
郑州,包头,38
郑州,义乌,26
洛阳,保定,47
洛阳,大连,32
洛阳,温州,39
洛阳,赣州,22
洛阳,重庆,82
洛阳,东莞,65
洛阳,海口,23
洛阳,大理州,18
洛阳,扬州,16
漯河,北京,68
漯河,南充,18
漯河,太原,37
漯河,侯马,22
漯河,衡阳,16
信阳,呼和浩特,34
信阳,沈阳,62
信阳,徐州,24
信阳,兰州,29
信阳,杭州,36
信阳,福州,35
信阳,厦门,23
信阳,重庆,33
信阳,漯河,31
信阳,汕头,22
信阳,南充,19
郑州,扬州,32
郑州,内江,16
郑州,大理州,32
广州,侯马,74
广州,唐山,44
广州,长春,155
广州,苏州,124
广州,青岛,114
广州,衡阳,98
广州,海口,159
广州,大理州,51
广州,东莞,237
广州,济宁,42
广州,台州,49
广州,芜湖,40
汕头,保定,23
汕头,长春,33
汕头,蚌埠,18
汕头,鹰潭,10
汕头,西宁,8
广州,烟台,45
湛江,太原,10
湛江,北京,19
湛江,沈阳,15
湛江,上海,21
湛江,泉州,9
湛江,长沙,24
湛江,保定,5
湛江,潍坊,4
湛江,嘉兴,5
中山,苏州,40
中山,包头,8
中山,侯马,27
中山,廊坊,11
贵阳,金华,9
贵阳,福州,13
贵阳,成都,31
海口,上海,8
海口,苏州,4
海口,济南,5
海口,南昌,6
海口,福州,5
海口,昆明,5
成都,银川,40
成都,西宁,8
成都,太原,51
成都,南京,47
成都,海口,56
成都,大连,21
成都,锦州,25
成都,安庆,14
成都,临沂,17
成都,漯河,32
昆明,北京,60
昆明,沈阳,37
昆明,长春,23
昆明,苏州,21
昆明,济南,30
昆明,青岛,19
昆明,深圳,37
昆明,漯河,12
西安,南充,39
西安,包头,12
西安,长春,37
西安,海口,31
呼和浩特,银川,10
呼和浩特,呼和浩特,56
厦门,芜湖,12
柳州,广州,28
呼和浩特,石家庄,13
呼和浩特,北京,25
呼和浩特,锦州,8
呼和浩特,长春,12
呼和浩特,南昌,6
呼和浩特,合肥,5
天津,芜湖,7
天津,内江,3
沈阳,内江,4
长春,乌鲁木齐,10
长春,台州,5
长春,金华,6
哈尔滨,包头,6
芜湖,连云港,9
芜湖,台州,16
芜湖,襄阳,16
济南,鹰潭,20
青岛,大连,13
青岛,赣州,6
青岛,常德,8
青岛,衡阳,11
福州,包头,10
厦门,廊坊,6
厦门,常德,10
衡阳,大连,7
常德,常德,8
常德,中山,12
漯河,连云港,7
信阳,鹰潭,7
广州,盐城,29
广州,湖州,25
中山,大理州,14
汕头,淮安,4
中山,淮安,6
中山,鹰潭,8
南宁,北京,32
南宁,汕头,18
南宁,中山,25
柳州,汕头,5
柳州,中山,7
贵阳,侯马,4
贵阳,蚌埠,4
贵阳,湛江,4
南充,太原,10
南充,南京,9
南充,济南,14
南充,中山,11
南充,南充,17
大理州,上海,10
西安,连云港,8
西安,安庆,19
义乌,嘉兴,245
兰州,兰州,65
乌鲁木齐,喀什,6
廊坊,阿克苏,8
大连,长春,26
上海,天津,103
上海,北京,232
上海,成都,203
上海,南充,35
上海,昆明,92
烟台,锦州,4
烟台,武汉,18
烟台,中山,8
义乌,太原,444
义乌,侯马,255
义乌,常州,301
义乌,芜湖,184
义乌,安庆,166
义乌,郑州,1040
义乌,洛阳,315
义乌,成都,683
义乌,西安,636
赣州,杭州,8
赣州,厦门,5
赣州,中山,8
赣州,湛江,4
常德,石家庄,8
常德,合肥,7
衡阳,鹰潭,6
荆州,襄阳,5
荆州,湛江,9
深圳,沈阳,134
深圳,襄阳,33
深圳,信阳,62
深圳,阿克苏,30
东莞,北京,198
东莞,青岛,93
东莞,杭州,105
东莞,福州,151
湛江,锦州,3
海口,海口,8
南充,侯马,5
昆明,芜湖,8
兰州,西宁,25
兰州,乌鲁木齐,24
呼和浩特,芜湖,2
呼和浩特,嘉兴,2
呼和浩特,金华,3
包头,廊坊,1
包头,无锡,1
包头,扬州,1
包头,台州,1
包头,温州,1
包头,武汉,1
包头,襄阳,1
包头,漯河,1
包头,广州,2
包头,湛江,1
包头,柳州,1
包头,海口,1
太原,唐山,5
太原,大连,3
太原,安庆,2
太原,济宁,5
太原,金华,3
太原,荆州,2
太原,海口,4
太原,内江,1
太原,昆明,5
太原,阿克苏,2
太原,拉萨,1
侯马,呼和浩特,2
侯马,石家庄,3
侯马,常州,1
侯马,济南,4
侯马,义乌,1
侯马,温州,1
侯马,南昌,2
侯马,赣州,1
侯马,襄阳,1
侯马,汕头,2
唐山,扬州,2
唐山,义乌,2
唐山,衡阳,2
唐山,荆州,1
唐山,乌鲁木齐,4
唐山,喀什,1
廊坊,义乌,3
廊坊,喀什,2
北京,廊坊,11
北京,连云港,6
大连,太原,8
大连,北京,22
大连,徐州,3
大连,盐城,2
大连,济宁,3
大连,赣州,2
大连,柳州,3
大连,大理州,1
大连,西安,8
锦州,蚌埠,1
锦州,南昌,2
锦州,赣州,1
锦州,衡阳,1
锦州,洛阳,1
长春,荆州,2
长春,宝鸡,2
哈尔滨,义乌,5
哈尔滨,内江,2
上海,廊坊,17
上海,淮安,13
上海,温州,68
上海,重庆,107
上海,常德,20
上海,荆州,13
徐州,喀什,2
淮安,廊坊,3
淮安,西宁,3
蚌埠,喀什,2
芜湖,内江,4
潍坊,连云港,4
潍坊,义乌,3
烟台,保定,4
烟台,大连,6
烟台,上海,27
烟台,南昌,9
烟台,成都,15
烟台,内江,1
烟台,乌鲁木齐,3
青岛,淮安,3
济宁,南通,6
济宁,内江,2
临沂,湖州,5
临沂,柳州,3
临沂,昆明,9
湖州,内江,13
义乌,大连,144
义乌,苏州,573
义乌,淮安,88
义乌,南通,211
义乌,临沂,248
义乌,泉州,289
义乌,内江,32
鹰潭,扬州,3
鹰潭,南通,4
赣州,上海,10
赣州,芜湖,2
赣州,义乌,2
赣州,常德,2
赣州,大理州,2
常德,海口,10
常德,乌鲁木齐,3
衡阳,廊坊,4
衡阳,烟台,6
衡阳,喀什,1
武汉,内江,12
荆州,义乌,4
荆州,赣州,6
襄阳,西宁,1
漯河,拉萨,3
洛阳,拉萨,4
深圳,唐山,27
深圳,上海,209
深圳,盐城,39
深圳,芜湖,29
深圳,嘉兴,44
深圳,台州,54
深圳,鹰潭,20
东莞,唐山,34
东莞,泉州,79
湛江,廊坊,2
湛江,淮安,2
湛江,扬州,2
中山,喀什,2
南宁,盐城,4
南宁,潍坊,4
南宁,临沂,4
南宁,内江,2
南宁,西宁,1
柳州,侯马,1
柳州,徐州,2
柳州,南通,1
柳州,芜湖,1
柳州,安庆,1
柳州,鹰潭,1
柳州,信阳,2
海口,蚌埠,2
海口,济宁,1
海口,湖州,1
海口,泉州,3
海口,信阳,2
海口,南充,2
海口,内江,1
海口,宝鸡,1
海口,西宁,1
成都,鹰潭,8
南充,湖州,3
南充,宝鸡,2
内江,南京,2
内江,合肥,2
内江,临沂,1
内江,义乌,1
内江,长沙,4
内江,常德,1
内江,昆明,3
内江,大理州,1
内江,宝鸡,1
内江,银川,1
内江,阿克苏,1
昆明,唐山,5
昆明,连云港,3
大理州,淮安,1
大理州,芜湖,1
大理州,湖州,1
大理州,温州,2
大理州,鹰潭,1
大理州,兰州,2
大理州,乌鲁木齐,2
大理州,喀什,1
宝鸡,唐山,1
宝鸡,廊坊,1
宝鸡,长春,2
宝鸡,济宁,1
宝鸡,常德,1
宝鸡,漯河,1
宝鸡,广州,7
宝鸡,湛江,1
宝鸡,昆明,2
宝鸡,乌鲁木齐,1
宝鸡,喀什,1
兰州,唐山,1
兰州,长春,4
兰州,常州,3
兰州,苏州,5
兰州,杭州,7
兰州,嘉兴,2
兰州,福州,6
兰州,荆州,1
兰州,洛阳,2
兰州,海口,3
兰州,昆明,5
银川,侯马,3
银川,蚌埠,2
银川,青岛,3
银川,临沂,1
银川,杭州,5
银川,宁波,3
银川,衡阳,2
银川,南宁,4
银川,南充,2
银川,昆明,4
银川,兰州,9
银川,乌鲁木齐,6
西宁,太原,2
西宁,盐城,1
西宁,济宁,1
西宁,汕头,1
西宁,深圳,2
乌鲁木齐,包头,1
乌鲁木齐,盐城,1
乌鲁木齐,青岛,3
乌鲁木齐,嘉兴,2
乌鲁木齐,重庆,5
乌鲁木齐,信阳,2
乌鲁木齐,广州,10
乌鲁木齐,贵阳,2
乌鲁木齐,海口,1
乌鲁木齐,大理州,1
阿克苏,保定,1
阿克苏,无锡,1
阿克苏,苏州,1
阿克苏,淮安,1
阿克苏,嘉兴,1
阿克苏,赣州,1
阿克苏,昆明,1
阿克苏,西安,1
阿克苏,银川,1
喀什,包头,1
喀什,唐山,1
喀什,长春,1
喀什,苏州,1
喀什,蚌埠,1
喀什,济南,1
喀什,湖州,1
喀什,金华,1
喀什,信阳,1
喀什,西安,1
喀什,拉萨,1
拉萨,保定,1
拉萨,长春,1
拉萨,扬州,1
拉萨,芜湖,1
拉萨,台州,1
拉萨,义乌,1
拉萨,赣州,1
拉萨,泉州,1
拉萨,东莞,1
拉萨,中山,1
拉萨,兰州,1
保定,北京,223
无锡,苏州,220
常州,徐州,167
苏州,淮安,38
徐州,连云港,52
南通,徐州,79
杭州,湖州,201
湖州,杭州,160
嘉兴,杭州,319
嘉兴,台州,82
宁波,嘉兴,98
宁波,宁波,32
宁波,台州,99
金华,温州,420
汕头,汕头,45
成都,南充,165
石家庄,沈阳,297
石家庄,徐州,103
石家庄,成都,300
石家庄,宁波,81
天津,郑州,47
廊坊,广州,73
廊坊,常州,12
廊坊,洛阳,15
廊坊,信阳,21
廊坊,贵阳,47
保定,乌鲁木齐,99
保定,呼和浩特,34
沈阳,呼和浩特,106
长春,哈尔滨,103
长春,济南,39
哈尔滨,沈阳,99
南京,福州,150
南京,武汉,244
南京,漯河,78
南京,湛江,44
南京,海口,91
扬州,徐州,53
无锡,信阳,43
无锡,沈阳,166
无锡,安庆,32
常州,汕头,101
常州,中山,108
苏州,沈阳,167
苏州,福州,122
苏州,长沙,167
苏州,襄阳,34
苏州,洛阳,50
苏州,中山,79
苏州,贵阳,142
徐州,青岛,140
徐州,南昌,177
徐州,长沙,256
徐州,南充,89
连云港,石家庄,70
连云港,天津,74
连云港,宁波,31
连云港,厦门,34
连云港,信阳,38
淮安,兰州,23
淮安,福州,23
淮安,武汉,41
徐州,大理州,38
盐城,广州,148
盐城,福州,46
扬州,太原,35
扬州,南昌,46
常州,侯马,79
常州,武汉,253
常州,贵阳,157
常州,呼和浩特,77
常州,洛阳,93
南通,天津,52
南通,中山,52
南通,昆明,49
合肥,厦门,147
合肥,漯河,132
合肥,信阳,151
合肥,柳州,91
安庆,沈阳,168
安庆,石家庄,121
安庆,杭州,126
安庆,郑州,160
安庆,广州,322
安庆,湛江,56
安庆,贵阳,179
安庆,西安,196
蚌埠,合肥,135
蚌埠,成都,234
蚌埠,宁波,74
芜湖,芜湖,22
济南,信阳,122
济南,广州,366
济南,成都,307
济南,呼和浩特,223
潍坊,济南,70
潍坊,漯河,16
临沂,北京,72
济宁,西安,48
杭州,北京,651
杭州,济南,813
杭州,郑州,723
杭州,汕头,233
杭州,湛江,157
杭州,海口,210
杭州,成都,700
杭州,南充,161
杭州,西宁,50
湖州,南京,90
湖州,南宁,252
嘉兴,北京,121
嘉兴,合肥,106
嘉兴,福州,127
嘉兴,襄阳,37
嘉兴,锦州,26
嘉兴,银川,44
宁波,哈尔滨,181
宁波,合肥,137
宁波,芜湖,52
宁波,厦门,128
宁波,贵阳,191
宁波,乌鲁木齐,66
台州,太原,195
台州,安庆,82
台州,青岛,220
台州,衡阳,115
台州,襄阳,70
台州,郑州,379
台州,广州,771
台州,湛江,112
台州,柳州,95
台州,贵阳,336
台州,乌鲁木齐,86
金华,安庆,152
金华,贵阳,463
温州,石家庄,187
温州,沈阳,216
温州,厦门,176
温州,昆明,179
南昌,湛江,65
南昌,乌鲁木齐,125
南昌,哈尔滨,169
福州,厦门,112
福州,杭州,90
福州,信阳,46
泉州,中山,91
泉州,合肥,37
泉州,郑州,56
泉州,贵阳,61
泉州,昆明,39
厦门,广州,173
重庆,宁波,25
重庆,洛阳,18
重庆,南充,40
长沙,南京,122
长沙,南宁,244
常德,南京,14
常德,常州,9
衡阳,汕头,28
武汉,哈尔滨,172
武汉,福州,175
武汉,南充,79
荆州,广州,83
荆州,杭州,29
武汉,兰州,110
襄阳,南京,20
襄阳,杭州,26
武汉,太原,140
郑州,贵阳,242
洛阳,杭州,77
洛阳,南昌,82
漯河,西安,65
郑州,徐州,131
郑州,湛江,86
广州,中山,316
汕头,洛阳,21
汕头,南宁,89
湛江,石家庄,13
湛江,济南,19
湛江,厦门,13
湛江,信阳,11
湛江,郑州,16
湛江,南宁,25
广州,哈尔滨,170
中山,西安,80
成都,天津,60
石家庄,临沂,68
石家庄,盐城,41
石家庄,西宁,12
天津,上海,45
天津,潍坊,19
天津,烟台,18
天津,南昌,20
天津,汕头,13
天津,柳州,10
天津,南充,10
天津,昆明,19
唐山,大连,5
唐山,青岛,8
唐山,福州,6
唐山,泉州,4
唐山,汕头,4
唐山,东莞,5
唐山,南宁,5
唐山,西安,16
唐山,银川,5
北京,哈尔滨,74
北京,南京,35
北京,台州,13
北京,广州,70
廊坊,保定,21
廊坊,苏州,19
廊坊,盐城,8
廊坊,扬州,5
廊坊,温州,9
保定,大连,22
保定,嘉兴,16
北京,兰州,31
沈阳,上海,125
沈阳,包头,31
沈阳,廊坊,37
沈阳,常州,39
沈阳,扬州,19
沈阳,厦门,32
沈阳,宝鸡,8
长春,呼和浩特,26
长春,徐州,12
长春,烟台,9
长春,济宁,9
长春,临沂,10
长春,杭州,17
长春,南昌,11
长春,赣州,4
长春,厦门,8
长春,长沙,18
长春,深圳,18
长春,湛江,6
长春,柳州,6
长春,海口,10
长春,银川,12
哈尔滨,蚌埠,10
哈尔滨,济南,50
哈尔滨,西安,30
南京,乌鲁木齐,88
扬州,嘉兴,21
扬州,宁波,39
扬州,深圳,43
南京,义乌,27
淮安,南宁,22
常州,嘉兴,60
常州,深圳,142
无锡,上海,258
无锡,湖州,21
无锡,东莞,52
无锡,义乌,15
无锡,鹰潭,11
无锡,宝鸡,9
无锡,西宁,7
苏州,上海,507
苏州,宝鸡,14
徐州,上海,303
徐州,泉州,81
连云港,重庆,44
淮安,连云港,18
淮安,盐城,26
淮安,湛江,10
淮安,锦州,7
淮安,安庆,12
淮安,赣州,8
盐城,保定,19
盐城,淮安,17
盐城,扬州,27
盐城,临沂,22
盐城,赣州,13
盐城,衡阳,19
扬州,西宁,6
常州,鹰潭,28
南通,赣州,16
南通,泉州,30
南通,衡阳,26
南通,深圳,77
合肥,包头,41
合肥,鹰潭,37
合肥,赣州,62
合肥,泉州,101
合肥,重庆,204
合肥,荆州,30
合肥,兰州,138
安庆,包头,16
安庆,无锡,56
安庆,连云港,26
安庆,盐城,36
安庆,南通,40
安庆,台州,41
安庆,义乌,22
安庆,重庆,105
安庆,海口,30
蚌埠,芜湖,47
蚌埠,金华,53
蚌埠,鹰潭,26
蚌埠,昆明,66
蚌埠,宝鸡,20
芜湖,福州,55
芜湖,武汉,98
芜湖,东莞,49
芜湖,中山,45
芜湖,昆明,31
芜湖,济宁,17
芜湖,常德,17
安庆,阿克苏,5
济南,潍坊,137
济南,厦门,96
济南,深圳,149
济南,贵阳,215
济南,衡阳,55
潍坊,沈阳,40
潍坊,海口,13
潍坊,唐山,9
潍坊,大连,12
潍坊,徐州,15
潍坊,嘉兴,8
潍坊,温州,11
潍坊,安庆,6
潍坊,济宁,11
青岛,太原,29
青岛,沈阳,51
青岛,东莞,20
青岛,厦门,16
济宁,长春,29
济宁,南京,16
济宁,重庆,22
济宁,贵阳,30
临沂,南京,19
临沂,南通,9
临沂,重庆,27
临沂,西安,56
济南,芜湖,48
临沂,盐城,7
临沂,蚌埠,14
济宁,海口,6
杭州,廊坊,86
杭州,保定,147
杭州,临沂,162
杭州,泉州,197
杭州,东莞,317
湖州,芜湖,40
湖州,安庆,38
湖州,南充,80
湖州,乌鲁木齐,51
嘉兴,苏州,142
嘉兴,临沂,50
嘉兴,鹰潭,22
嘉兴,常德,33
嘉兴,内江,9
宁波,廊坊,33
宁波,扬州,34
宁波,阿克苏,16
台州,大连,61
台州,济宁,88
台州,泉州,153
金华,无锡,248
金华,南通,190
金华,烟台,150
金华,宝鸡,46
温州,连云港,44
温州,烟台,61
温州,义乌,49
温州,赣州,59
南昌,海口,96
南昌,潍坊,53
南昌,济宁,48
南昌,临沂,51
南昌,大理州,41
南昌,廊坊,26
南昌,拉萨,20
鹰潭,保定,10
鹰潭,哈尔滨,24
鹰潭,上海,41
鹰潭,蚌埠,11
鹰潭,洛阳,11
鹰潭,成都,37
鹰潭,宁波,12
福州,南京,59
福州,长沙,127
福州,东莞,78
福州,唐山,21
福州,芜湖,27
厦门,宁波,30
厦门,福州,103
厦门,长沙,52
厦门,西安,40
泉州,蚌埠,22
泉州,鹰潭,11
泉州,衡阳,23
泉州,深圳,110
泉州,芜湖,13
泉州,荆州,6
厦门,徐州,27
厦门,南通,15
重庆,温州,23
重庆,乌鲁木齐,20
重庆,保定,11
重庆,无锡,17
重庆,连云港,7
重庆,义乌,7
长沙,上海,257
长沙,连云港,30
长沙,安庆,48
常德,衡阳,12
常德,贵阳,16
常德,成都,22
衡阳,福州,30
衡阳,南宁,39
衡阳,蚌埠,12
衡阳,漯河,15
衡阳,常州,12
衡阳,南充,16
武汉,唐山,46
武汉,上海,310
武汉,温州,83
武汉,常德,63
武汉,衡阳,97
荆州,石家庄,20
荆州,福州,25
荆州,重庆,21
荆州,徐州,12
荆州,南通,7
荆州,柳州,10
襄阳,长春,25
襄阳,哈尔滨,39
襄阳,无锡,11
襄阳,扬州,6
襄阳,嘉兴,10
襄阳,台州,7
襄阳,温州,11
郑州,连云港,34
郑州,烟台,70
郑州,嘉兴,64
郑州,常德,61
郑州,海口,60
洛阳,苏州,69
洛阳,盐城,25
洛阳,安庆,22
洛阳,常德,27
洛阳,深圳,82
漯河,昆明,41
漯河,兰州,23
漯河,呼和浩特,29
漯河,徐州,22
漯河,西宁,5
漯河,南京,22
漯河,常州,16
漯河,潍坊,15
信阳,哈尔滨,65
信阳,郑州,67
信阳,蚌埠,19
信阳,南昌,37
郑州,淮安,21
郑州,阿克苏,17
广州,合肥,112
广州,临沂,49
广州,重庆,177
广州,漯河,78
广州,潍坊,46
汕头,唐山,15
汕头,宁波,18
汕头,温州,21
汕头,喀什,5
湛江,长春,12
湛江,苏州,11
湛江,杭州,16
湛江,金华,8
湛江,福州,19
湛江,银川,7
中山,柳州,36
中山,无锡,20
中山,兰州,35
贵阳,哈尔滨,11
贵阳,合肥,10
贵阳,天津,9
贵阳,长沙,23
贵阳,深圳,18
贵阳,南宁,14
贵阳,柳州,7
贵阳,海口,8
海口,长春,6
海口,天津,6
海口,长沙,8
海口,南宁,6
成都,重庆,149
成都,武汉,94
成都,西安,113
成都,兰州,60
成都,上海,129
成都,蚌埠,24
成都,中山,46
成都,廊坊,11
成都,泉州,25
成都,常德,16
成都,衡阳,27
昆明,重庆,38
昆明,长沙,40
昆明,东莞,24
昆明,兰州,15
昆明,潍坊,7
西安,杭州,91
西安,厦门,58
西安,泉州,42
西安,衡阳,37
西安,呼和浩特,48
西安,常州,31
西安,青岛,37
锦州,哈尔滨,12
锦州,长春,9
厦门,襄阳,11
南宁,南宁,61
南宁,昆明,27
柳州,南宁,40
南充,福州,13
南充,大理州,7
呼和浩特,郑州,10
呼和浩特,广州,14
呼和浩特,东莞,4
锦州,武汉,3
太原,西安,26
长春,包头,6
常州,喀什,4
芜湖,盐城,12
芜湖,金华,22
芜湖,义乌,9
济南,义乌,20
青岛,廊坊,7
青岛,湛江,9
厦门,湖州,10
厦门,鹰潭,8
衡阳,南通,8
常德,济南,13
常德,福州,10
常德,郑州,11
漯河,包头,8
漯河,盐城,10
信阳,连云港,7
信阳,潍坊,15
信阳,常德,10
信阳,大理州,7
信阳,宝鸡,6
信阳,内江,4
郑州,拉萨,10
中山,芜湖,12
中山,荆州,7
南宁,杭州,18
南宁,深圳,37
南宁,成都,40
南宁,南充,11
南宁,常德,7
柳州,杭州,5
柳州,宁波,3
柳州,温州,3
柳州,厦门,3
柳州,重庆,5
柳州,衡阳,3
柳州,海口,5
柳州,昆明,7
贵阳,南通,4
贵阳,芜湖,4
贵阳,泉州,7
贵阳,常德,5
南充,常德,5
大理州,哈尔滨,9
大理州,青岛,3
大理州,大理州,11
西安,唐山,13
西安,义乌,11
西安,大理州,11
西安,西宁,17
乌鲁木齐,兰州,16
北京,鹰潭,6
北京,湛江,7
大连,呼和浩特,7
大连,厦门,7
大连,广州,16
上海,沈阳,161
上海,宁波,84
上海,信阳,50
上海,广州,288
烟台,太原,14
烟台,侯马,7
烟台,北京,29
烟台,长春,15
烟台,西安,17
济宁,襄阳,6
临沂,阿克苏,5
湖州,阿克苏,24
义乌,沈阳,641
义乌,北京,257
义乌,鹰潭,107
义乌,襄阳,162
义乌,漯河,416
义乌,信阳,443
义乌,中山,431
赣州,锦州,3
赣州,北京,11
深圳,北京,124
深圳,贵阳,167
东莞,锦州,26
东莞,沈阳,153
东莞,侯马,55
东莞,石家庄,127
东莞,常州,52
东莞,襄阳,33
东莞,信阳,70
东莞,西安,175
南宁,侯马,7
南充,漯河,5
兰州,拉萨,55
银川,广州,15
呼和浩特,扬州,1
呼和浩特,安庆,2
呼和浩特,宁波,3
呼和浩特,义乌,1
呼和浩特,鹰潭,1
呼和浩特,襄阳,2
呼和浩特,湛江,2
包头,哈尔滨,2
包头,苏州,1
包头,青岛,1
包头,宁波,1
包头,金华,1
包头,赣州,1
包头,衡阳,1
包头,中山,1
包头,南宁,1
包头,贵阳,1
包头,成都,1
太原,包头,5
太原,连云港,1
太原,芜湖,3
太原,湛江,3
太原,西宁,1
太原,乌鲁木齐,5
太原,喀什,1
侯马,长春,3
侯马,苏州,2
侯马,徐州,1
侯马,合肥,2
侯马,临沂,1
侯马,台州,1
侯马,常德,1
侯马,荆州,1
侯马,郑州,4
侯马,柳州,1
侯马,宝鸡,1
侯马,阿克苏,1
唐山,赣州,2
唐山,深圳,8
北京,包头,8
北京,义乌,3
大连,包头,2
大连,唐山,3
大连,保定,3
大连,上海,10
大连,湖州,1
大连,宁波,4
大连,台州,2
大连,南昌,4
大连,荆州,1
大连,贵阳,5
大连,喀什,1
锦州,侯马,2
锦州,无锡,1
锦州,淮安,1
锦州,盐城,1
锦州,泉州,1
锦州,长沙,3
锦州,信阳,1
锦州,贵阳,2
锦州,喀什,1
长春,安庆,3
长春,西宁,4
上海,台州,37
上海,深圳,145
蚌埠,拉萨,4
芜湖,喀什,2
潍坊,廊坊,5
烟台,包头,3
烟台,济宁,5
烟台,深圳,11
烟台,宝鸡,2
青岛,大理州,2
青岛,拉萨,3
济宁,包头,6
济宁,唐山,7
济宁,连云港,4
济宁,荆州,3
济宁,宝鸡,3
济宁,阿克苏,2
湖州,西宁,15
义乌,包头,38
义乌,赣州,165
义乌,荆州,76
义乌,宝鸡,50
义乌,兰州,195
义乌,阿克苏,10
鹰潭,台州,5
鹰潭,义乌,4
赣州,长春,8
赣州,蚌埠,3
赣州,嘉兴,2
赣州,荆州,1
赣州,宝鸡,1
常德,长春,6
常德,淮安,2
常德,潍坊,3
常德,鹰潭,2
常德,宝鸡,1
常德,阿克苏,1
衡阳,盐城,5
荆州,烟台,5
荆州,临沂,5
荆州,内江,2
荆州,拉萨,1
襄阳,淮安,2
广州,宝鸡,15
深圳,无锡,63
深圳,荆州,16
深圳,内江,10
东莞,大连,38
东莞,淮安,13
东莞,盐城,28
东莞,烟台,37
东莞,赣州,44
东莞,深圳,296
东莞,内江,10
东莞,银川,36
湛江,连云港,2
湛江,湖州,3
柳州,廊坊,1
柳州,常州,1
柳州,内江,1
贵阳,廊坊,2
贵阳,扬州,2
贵阳,荆州,1
贵阳,宝鸡,1
海口,大连,2
海口,常州,2
海口,台州,2
海口,漯河,2
海口,阿克苏,1
海口,喀什,1
南充,盐城,3
南充,襄阳,3
南充,西宁,1
南充,拉萨,1
内江,保定,1
内江,哈尔滨,3
内江,烟台,1
内江,天津,2
内江,宁波,2
内江,福州,3
内江,重庆,4
内江,洛阳,1
内江,广州,9
内江,湛江,2
内江,贵阳,4
内江,海口,2
内江,拉萨,1
昆明,盐城,5
昆明,阿克苏,2
大理州,廊坊,1
大理州,内江,1
西安,喀什,5
宝鸡,锦州,1
宝鸡,徐州,1
宝鸡,盐城,1
宝鸡,义乌,1
宝鸡,南昌,2
宝鸡,衡阳,1
宝鸡,襄阳,1
宝鸡,郑州,2
宝鸡,内江,1
兰州,廊坊,1
兰州,锦州,2
兰州,淮安,1
兰州,扬州,1
兰州,蚌埠,2
兰州,安庆,1
兰州,烟台,2
兰州,南宁,6
银川,太原,5
银川,石家庄,4
银川,上海,8
银川,芜湖,2
银川,厦门,3
银川,泉州,2
银川,常德,1
银川,郑州,5
银川,柳州,2
银川,内江,1
西宁,呼和浩特,1
西宁,徐州,1
西宁,温州,1
西宁,荆州,1
西宁,郑州,2
乌鲁木齐,上海,6
乌鲁木齐,徐州,2
乌鲁木齐,扬州,1
乌鲁木齐,临沂,1
乌鲁木齐,鹰潭,1
乌鲁木齐,衡阳,1
乌鲁木齐,汕头,2
乌鲁木齐,南充,3
乌鲁木齐,昆明,2
乌鲁木齐,宝鸡,1
乌鲁木齐,银川,3
阿克苏,温州,1
阿克苏,南昌,1
阿克苏,荆州,1
阿克苏,郑州,1
阿克苏,洛阳,1
阿克苏,西宁,1
喀什,太原,1
喀什,上海,1
喀什,芜湖,1
喀什,临沂,1
喀什,温州,1
喀什,中山,1
喀什,贵阳,1
拉萨,锦州,1
拉萨,苏州,1
拉萨,连云港,1
拉萨,天津,1
拉萨,湖州,1
拉萨,鹰潭,1
拉萨,厦门,1
拉萨,郑州,1
拉萨,信阳,1
拉萨,洛阳,1
拉萨,湛江,1
拉萨,南宁,1
拉萨,柳州,1
拉萨,海口,1
拉萨,西安,1
拉萨,阿克苏,1
南京,苏州,348
无锡,南京,215
苏州,无锡,148
苏州,连云港,52
苏州,扬州,64
徐州,南京,204
徐州,苏州,244
淮安,苏州,109
盐城,苏州,125
常州,无锡,110
常州,连云港,45
常州,淮安,31
南通,常州,72
安庆,蚌埠,90
杭州,嘉兴,348
杭州,宁波,658
嘉兴,金华,118
嘉兴,湖州,55
宁波,杭州,341
台州,金华,203
台州,温州,223
金华,金华,172
温州,杭州,377
长沙,常德,148
广州,汕头,225
成都,成都,649
石家庄,南昌,146
石家庄,武汉,227
石家庄,郑州,266
石家庄,汕头,101
石家庄,中山,120
石家庄,常州,69
石家庄,长沙,201
石家庄,芜湖,46
天津,太原,44
天津,西安,45
廊坊,长春,47
廊坊,汕头,15
保定,广州,123
保定,漯河,66
保定,沈阳,95
保定,南充,39
保定,长春,72
保定,柳州,20
北京,信阳,24
北京,济南,84
沈阳,太原,110
沈阳,漯河,40
沈阳,贵阳,61
南京,太原,117
南京,安庆,55
南京,杭州,216
扬州,石家庄,59
扬州,天津,57
扬州,济南,81
常州,石家庄,229
常州,天津,189
无锡,济南,158
无锡,杭州,148
无锡,呼和浩特,69
无锡,哈尔滨,149
无锡,芜湖,40
无锡,襄阳,25
无锡,漯河,45
常州,杭州,177
苏州,长春,114
苏州,漯河,65
苏州,南宁,115
苏州,海口,51
徐州,金华,75
连云港,蚌埠,33
连云港,金华,23
连云港,襄阳,16
连云港,广州,133
连云港,南宁,48
连云港,柳州,19
连云港,南充,24
连云港,兰州,33
淮安,乌鲁木齐,39
淮安,信阳,17
徐州,呼和浩特,103
徐州,银川,74
盐城,天津,53
盐城,汕头,44
盐城,中山,45
盐城,蚌埠,36
扬州,柳州,20
扬州,昆明,46
常州,锦州,39
常州,北京,182
常州,宁波,118
常州,南昌,170
南通,蚌埠,43
南通,济南,92
南通,金华,38
南通,长沙,82
南通,成都,88
南通,兰州,47
南通,银川,29
南通,阿克苏,19
合肥,石家庄,242
合肥,广州,541
安庆,锦州,35
安庆,金华,60
安庆,福州,117
蚌埠,厦门,91
蚌埠,广州,383
安庆,昆明,107
济南,天津,265
潍坊,锦州,12
潍坊,信阳,16
青岛,石家庄,40
临沂,哈尔滨,47
临沂,厦门,18
杭州,襄阳,112
杭州,贵阳,499
湖州,沈阳,189
湖州,北京,176
湖州,徐州,126
湖州,漯河,122
湖州,信阳,138
湖州,银川,57
嘉兴,徐州,98
嘉兴,济南,267
嘉兴,南昌,140
嘉兴,漯河,71
嘉兴,中山,83
嘉兴,南宁,112
嘉兴,贵阳,118
嘉兴,衡阳,52
宁波,呼和浩特,68
宁波,天津,159
宁波,北京,147
宁波,南京,136
宁波,徐州,113
宁波,长沙,257
宁波,衡阳,84
宁波,武汉,270
宁波,中山,123
台州,天津,219
台州,南昌,287
台州,西安,377
金华,侯马,230
金华,石家庄,504
金华,天津,459
金华,福州,479
金华,厦门,328
金华,信阳,303
金华,海口,226
金华,昆明,356
温州,太原,144
温州,济南,322
温州,信阳,113
温州,中山,145
温州,乌鲁木齐,104
温州,阿克苏,30
温州,鹰潭,37
温州,衡阳,94
南昌,济南,241
南昌,漯河,90
南昌,广州,442
南昌,北京,228
南昌,南昌,152
南昌,徐州,92
鹰潭,西安,36
福州,郑州,105
福州,漯河,45
福州,中山,76
福州,南宁,91
泉州,西安,73
重庆,合肥,34
重庆,芜湖,14
重庆,长沙,71
重庆,中山,35
长沙,北京,290
长沙,福州,185
长沙,洛阳,71
长沙,汕头,136
长沙,蚌埠,79
武汉,海口,112
荆州,中山,24
洛阳,锦州,31
洛阳,西安,197
洛阳,常州,44
洛阳,金华,41
洛阳,南宁,91
漯河,石家庄,50
漯河,济南,63
漯河,漯河,27
郑州,哈尔滨,326
郑州,芜湖,62
郑州,金华,87
郑州,昆明,122
广州,福州,361
广州,柳州,146
汕头,柳州,29
汕头,西安,79
汕头,兰州,33
湛江,贵阳,22
中山,天津,62
成都,侯马,30
成都,广州,160
昆明,广州,88
昆明,贵阳,46
石家庄,大连,68
石家庄,嘉兴,42
石家庄,义乌,20
天津,杭州,24
天津,贵阳,24
天津,兰州,18
唐山,漯河,7
唐山,侯马,6
唐山,苏州,7
唐山,宁波,5
唐山,金华,4
唐山,重庆,6
唐山,武汉,11
唐山,洛阳,5
北京,沈阳,71
北京,烟台,17
北京,杭州,34
北京,漯河,23
廊坊,唐山,16
廊坊,济宁,11
廊坊,泉州,10
廊坊,海口,23
保定,深圳,37
保定,无锡,21
保定,临沂,36
保定,赣州,15
保定,常德,18
保定,东莞,32
保定,淮安,9
保定,湖州,10
保定,宝鸡,10
北京,常德,11
北京,衡阳,18
北京,东莞,15
北京,海口,25
北京,大理州,9
北京,西宁,7
沈阳,南京,68
沈阳,连云港,19
沈阳,潍坊,29
沈阳,深圳,56
沈阳,东莞,39
沈阳,阿克苏,11
长春,西安,31
哈尔滨,常州,12
哈尔滨,漯河,11
哈尔滨,广州,53
哈尔滨,中山,13
南京,廊坊,28
南京,嘉兴,64
扬州,唐山,15
扬州,蚌埠,28
扬州,济宁,15
扬州,台州,19
扬州,泉州,19
淮安,天津,21
淮安,长沙,31
淮安,太原,15
常州,上海,316
常州,衡阳,61
常州,赣州,42
无锡,济宁,33
无锡,内江,6
常州,义乌,23
苏州,唐山,32
苏州,大连,37
苏州,济宁,34
徐州,唐山,57
徐州,大连,55
徐州,安庆,58
徐州,潍坊,61
徐州,重庆,156
徐州,鹰潭,31
连云港,包头,11
连云港,廊坊,15
连云港,盐城,24
连云港,扬州,19
连云港,烟台,20
连云港,东莞,35
淮安,衡阳,11
淮安,南充,8
淮安,包头,5
淮安,唐山,6
淮安,鹰潭,5
淮安,荆州,4
淮安,义乌,7
盐城,侯马,21
盐城,廊坊,13
盐城,大连,16
盐城,连云港,20
盐城,柳州,18
盐城,海口,25
常州,大理州,29
南通,常德,18
合肥,扬州,39
合肥,济宁,69
合肥,临沂,74
合肥,常德,55
合肥,东莞,146
合肥,乌鲁木齐,70
安庆,苏州,105
安庆,烟台,34
安庆,宝鸡,15
蚌埠,廊坊,33
蚌埠,大连,50
蚌埠,潍坊,54
蚌埠,长沙,193
蚌埠,常德,39
蚌埠,海口,24
芜湖,沈阳,89
芜湖,苏州,40
芜湖,重庆,59
芜湖,信阳,37
芜湖,温州,27
济南,保定,85
济南,常州,70
济南,徐州,111
济南,临沂,129
济南,南宁,101
济南,海口,69
济南,银川,96
济南,汕头,85
济南,湛江,52
潍坊,哈尔滨,32
潍坊,上海,52
潍坊,昆明,14
潍坊,烟台,17
潍坊,宁波,14
潍坊,南昌,17
潍坊,厦门,13
潍坊,盐城,6
潍坊,台州,7
潍坊,常德,6
潍坊,襄阳,7
青岛,哈尔滨,48
青岛,上海,72
青岛,常州,17
青岛,济宁,17
青岛,宁波,20
青岛,中山,21
青岛,昆明,10
济宁,北京,52
济宁,常州,11
济宁,青岛,26
济宁,汕头,15
济宁,深圳,22
临沂,太原,34
临沂,上海,51
临沂,常州,12
临沂,无锡,11
临沂,衡阳,12
临沂,中山,19
临沂,侯马,18
临沂,烟台,11
杭州,荆州,53
湖州,唐山,44
湖州,廊坊,34
湖州,烟台,38
湖州,海口,111
嘉兴,大连,33
嘉兴,重庆,92
嘉兴,东莞,82
嘉兴,宝鸡,13
宁波,赣州,49
宁波,荆州,23
宁波,内江,14
宁波,拉萨,11
台州,苏州,265
台州,常德,82
台州,深圳,291
台州,拉萨,19
金华,大连,127
金华,上海,1141
金华,苏州,522
金华,临沂,184
金华,内江,33
金华,喀什,14
温州,扬州,42
温州,潍坊,70
温州,济宁,60
温州,常德,58
温州,喀什,9
南昌,重庆,140
南昌,东莞,123
南昌,包头,29
南昌,襄阳,39
南昌,湖州,27
南昌,喀什,11
鹰潭,呼和浩特,18
鹰潭,侯马,11
鹰潭,济宁,8
鹰潭,福州,23
鹰潭,深圳,24
鹰潭,东莞,18
鹰潭,南宁,25
鹰潭,大理州,8
鹰潭,杭州,23
鹰潭,常州,9
鹰潭,乌鲁木齐,12
福州,无锡,34
福州,昆明,63
福州,洛阳,35
福州,兰州,38
福州,锦州,19
福州,大理州,16
厦门,济南,47
厦门,青岛,21
厦门,贵阳,31
泉州,长春,30
泉州,赣州,20
泉州,包头,9
泉州,潍坊,16
厦门,无锡,19
厦门,合肥,34
厦门,洛阳,12
重庆,盐城,10
重庆,潍坊,12
长沙,临沂,54
长沙,宁波,107
长沙,台州,60
长沙,荆州,30
常德,沈阳,10
常德,徐州,8
常德,扬州,4
常德,长沙,58
常德,广州,39
衡阳,沈阳,30
衡阳,哈尔滨,35
衡阳,上海,38
衡阳,南京,18
武汉,苏州,125
武汉,银川,68
武汉,淮安,16
武汉,盐城,35
武汉,赣州,57
荆州,天津,19
荆州,长沙,35
荆州,海口,19
荆州,呼和浩特,17
荆州,盐城,6
荆州,南充,10
荆州,兰州,14
襄阳,石家庄,20
襄阳,唐山,8
襄阳,合肥,16
襄阳,潍坊,8
襄阳,重庆,20
襄阳,武汉,33
襄阳,信阳,13
襄阳,深圳,27
襄阳,昆明,15
郑州,潍坊,92
郑州,临沂,88
郑州,台州,56
洛阳,南通,26
洛阳,蚌埠,42
洛阳,烟台,32
洛阳,荆州,10
洛阳,宝鸡,17
漯河,长春,42
漯河,南昌,40
漯河,长沙,48
漯河,苏州,28
漯河,深圳,36
漯河,银川,16
漯河,东莞,26
漯河,乌鲁木齐,14
漯河,湛江,15
信阳,衡阳,17
信阳,海口,14
信阳,乌鲁木齐,14
广州,南京,114
广州,宁波,87
广州,赣州,66
广州,长沙,337
广州,襄阳,49
汕头,连云港,7
汕头,扬州,6
汕头,安庆,12
广州,荆州,24
湛江,合肥,11
湛江,东莞,21
湛江,海口,11
湛江,赣州,5
中山,杭州,48
中山,太原,42
中山,长春,42
中山,扬州,10
中山,潍坊,16
中山,临沂,14
中山,洛阳,21
贵阳,石家庄,11
贵阳,长春,8
贵阳,济南,14
贵阳,温州,12
贵阳,信阳,6
贵阳,南充,9
海口,石家庄,5
海口,沈阳,8
海口,合肥,4
海口,温州,4
海口,深圳,8
海口,中山,5
海口,成都,9
成都,阿克苏,9
成都,北京,128
成都,长春,61
成都,东莞,44
成都,保定,18
成都,金华,26
成都,洛阳,25
成都,湛江,21
昆明,南京,20
昆明,保定,7
昆明,济宁,6
昆明,赣州,7
昆明,衡阳,12
昆明,信阳,11
西安,上海,141
西安,武汉,115
西安,柳州,36
西安,无锡,30
西安,郑州,68
太原,呼和浩特,17
济南,安庆,40
济南,大理州,27
呼和浩特,沈阳,19
呼和浩特,苏州,6
呼和浩特,天津,14
呼和浩特,南京,5
锦州,呼和浩特,6
太原,天津,21
太原,武汉,17
太原,兰州,10
天津,湖州,5
沈阳,鹰潭,8
长春,盐城,4
长春,常德,4
南京,喀什,5
合肥,西宁,13
蚌埠,西宁,6
芜湖,临沂,17
芜湖,鹰潭,11
济南,常德,37
青岛,包头,11
南昌,淮安,15
南昌,扬州,25
鹰潭,赣州,7
福州,西宁,6
厦门,大连,8
厦门,扬州,9
厦门,安庆,13
厦门,赣州,13
衡阳,济宁,8
常德,深圳,20
漯河,扬州,7
信阳,唐山,14
信阳,安庆,10
信阳,台州,10
南宁,南京,13
南宁,泉州,10
南宁,武汉,29
南宁,漯河,11
南宁,海口,18
南宁,西安,19
柳州,沈阳,3
柳州,哈尔滨,3
柳州,武汉,5
柳州,东莞,7
柳州,湛江,4
贵阳,汕头,7
成都,包头,24
南充,北京,20
南充,长春,9
南充,哈尔滨,12
南充,海口,7
南充,成都,32
南充,泉州,6
南充,柳州,9
大理州,太原,5
大理州,侯马,3
大理州,无锡,3
大理州,徐州,3
大理州,济南,5
大理州,宁波,3
大理州,重庆,5
大理州,长沙,6
西安,济宁,11
西安,洛阳,21
义乌,杭州,741
义乌,宁波,466
深圳,中山,175
包头,西安,5
太原,厦门,4
太原,洛阳,5
大连,石家庄,9
大连,沈阳,53
大连,青岛,11
大连,杭州,8
大连,汕头,5
上海,石家庄,83
上海,南京,131
上海,厦门,96
上海,长沙,124
上海,衡阳,33
上海,襄阳,27
上海,郑州,154
上海,湛江,30
上海,柳州,36
上海,贵阳,91
芜湖,阿克苏,6
烟台,沈阳,26
烟台,徐州,7
烟台,合肥,9
烟台,宁波,9
烟台,郑州,17
烟台,漯河,8
烟台,广州,26
义乌,济南,1174
义乌,南昌,643
义乌,福州,573
义乌,柳州,176
义乌,南充,174
赣州,侯马,7
赣州,漯河,6
常德,锦州,4
常德,湛江,5
衡阳,锦州,5
荆州,侯马,9
荆州,蚌埠,8
漯河,阿克苏,4
深圳,石家庄,96
深圳,金华,65
深圳,南宁,179
东莞,哈尔滨,158
东莞,长春,107
东莞,济南,193
东莞,金华,48
东莞,武汉,201
南充,湛江,4
兰州,汕头,6
呼和浩特,大连,3
呼和浩特,蚌埠,3
包头,保定,1
包头,徐州,1
包头,南通,1
包头,天津,2
包头,福州,1
包头,长沙,2
包头,常德,1
包头,信阳,1
包头,兰州,1
包头,阿克苏,1
包头,拉萨,1
太原,苏州,5
太原,宁波,4
太原,温州,3
太原,南昌,6
太原,长沙,8
太原,深圳,7
太原,银川,6
侯马,太原,7
侯马,淮安,1
侯马,嘉兴,1
侯马,金华,1
侯马,鹰潭,1
侯马,武汉,4
侯马,漯河,2
侯马,信阳,2
侯马,东莞,2
侯马,湛江,1
侯马,南宁,2
侯马,内江,1
侯马,西宁,1
唐山,湖州,2
唐山,大理州,2
北京,淮安,4
北京,阿克苏,3
大连,潍坊,4
大连,义乌,2
大连,海口,3
大连,南充,2
大连,兰州,4
大连,银川,3
锦州,南京,2
锦州,徐州,1
锦州,连云港,1
锦州,临沂,1
锦州,台州,1
锦州,大理州,1
锦州,银川,2
锦州,阿克苏,1
长春,拉萨,2
哈尔滨,鹰潭,3
哈尔滨,阿克苏,1
哈尔滨,喀什,1
上海,盐城,31
上海,烟台,40
上海,临沂,33
上海,宝鸡,8
上海,喀什,5
连云港,西宁,3
盐城,荆州,5
扬州,东莞,34
芜湖,西宁,4
芜湖,拉萨,5
安庆,拉萨,3
潍坊,内江,2
潍坊,西宁,2
烟台,连云港,2
烟台,南通,4
烟台,临沂,6
烟台,台州,4
烟台,长沙,12
烟台,南充,4
青岛,宝鸡,3
济宁,淮安,3
济宁,义乌,3
临沂,淮安,3
湖州,淮安,22
湖州,喀什,7
义乌,无锡,280
义乌,济宁,220
义乌,海口,160
义乌,银川,126
义乌,拉萨,9
鹰潭,荆州,3
鹰潭,拉萨,2
赣州,哈尔滨,10
赣州,南京,5
赣州,烟台,2
赣州,湖州,2
赣州,台州,3
赣州,温州,4
赣州,重庆,7
赣州,衡阳,3
赣州,海口,5
赣州,南充,3
赣州,西安,10
赣州,银川,3
赣州,西宁,1
赣州,拉萨,1
厦门,宝鸡,3
泉州,宝鸡,4
常德,唐山,2
常德,廊坊,2
常德,湖州,3
衡阳,唐山,6
衡阳,淮安,3
荆州,淮安,3
襄阳,大理州,3
漯河,宝鸡,4
洛阳,喀什,2
广州,淮安,13
广州,内江,13
深圳,保定,33
深圳,淮安,19
深圳,烟台,23
深圳,湖州,25
深圳,赣州,37
深圳,重庆,104
深圳,海口,63
深圳,银川,30
东莞,无锡,49
东莞,潍坊,41
东莞,宁波,67
东莞,温州,57
东莞,鹰潭,21
东莞,重庆,116
东莞,衡阳,67
东莞,荆州,16
东莞,大理州,28
南宁,包头,2
南宁,芜湖,5
南宁,济宁,3
南宁,宝鸡,2
南宁,拉萨,1
柳州,包头,1
柳州,扬州,1
柳州,烟台,1
柳州,金华,2
柳州,南充,2
柳州,阿克苏,1
贵阳,保定,3
贵阳,安庆,3
贵阳,西宁,1
海口,唐山,2
海口,保定,2
海口,金华,2
海口,鹰潭,1
成都,淮安,5
南充,连云港,2
南充,潍坊,3
南充,济宁,3
南充,赣州,3
南充,喀什,1
内江,包头,1
内江,侯马,1
内江,常州,1
内江,鹰潭,1
内江,荆州,1
内江,郑州,3
内江,信阳,2
内江,西安,3
昆明,湖州,5
昆明,内江,3
昆明,西宁,3
大理州,南通,2
大理州,合肥,2
大理州,潍坊,2
大理州,烟台,2
大理州,宝鸡,1
西安,内江,7
宝鸡,安庆,1
宝鸡,信阳,1
宝鸡,西安,8
宝鸡,拉萨,1
兰州,包头,2
兰州,保定,2
兰州,徐州,2
兰州,潍坊,2
兰州,济宁,2
兰州,温州,4
兰州,衡阳,2
兰州,武汉,7
兰州,漯河,2
兰州,深圳,9
银川,苏州,4
银川,南通,2
银川,济宁,1
银川,金华,2
银川,赣州,1
银川,重庆,5
银川,襄阳,1
银川,深圳,5
银川,东莞,4
西宁,侯马,1
西宁,北京,2
西宁,大连,1
西宁,上海,2
西宁,芜湖,1
西宁,烟台,1
西宁,台州,1
西宁,赣州,1
西宁,重庆,2
西宁,长沙,3
西宁,襄阳,1
西宁,南充,1
乌鲁木齐,北京,8
乌鲁木齐,沈阳,3
乌鲁木齐,大连,1
乌鲁木齐,锦州,1
乌鲁木齐,台州,1
乌鲁木齐,武汉,5
乌鲁木齐,郑州,4
乌鲁木齐,东莞,2
乌鲁木齐,柳州,1
乌鲁木齐,成都,12
阿克苏,上海,1
阿克苏,济南,1
阿克苏,厦门,1
阿克苏,重庆,1
阿克苏,衡阳,1
阿克苏,广州,1
阿克苏,柳州,1
阿克苏,成都,1
阿克苏,大理州,1
阿克苏,阿克苏,1
喀什,侯马,1
喀什,沈阳,1
喀什,无锡,1
喀什,潍坊,1
喀什,济宁,1
喀什,南昌,1
喀什,福州,1
喀什,厦门,1
喀什,常德,1
喀什,衡阳,1
喀什,东莞,1
喀什,成都,1
喀什,宝鸡,1
喀什,兰州,1
拉萨,侯马,1
拉萨,石家庄,1
拉萨,唐山,1
拉萨,徐州,1
拉萨,潍坊,1
拉萨,金华,1
拉萨,温州,1
拉萨,重庆,1
拉萨,宝鸡,1
石家庄,北京,518
保定,石家庄,189
保定,廊坊,48
无锡,盐城,56
连云港,南京,77
连云港,无锡,42
连云港,南通,36
淮安,南京,84
徐州,徐州,92
盐城,徐州,72
南通,无锡,64
南通,扬州,31
湖州,温州,91
宁波,金华,127
金华,台州,253
郑州,郑州,325
郑州,信阳,182
汕头,湛江,53
中山,广州,437
成都,内江,33
石家庄,天津,281
石家庄,广州,440
石家庄,洛阳,87
石家庄,湛江,74
石家庄,南充,81
石家庄,兰州,132
天津,长春,44
廊坊,杭州,26
保定,湛江,23
保定,太原,75
保定,昆明,61
保定,福州,47
保定,银川,33
北京,厦门,31
北京,太原,61
沈阳,北京,186
沈阳,长春,265
沈阳,西安,134
南京,呼和浩特,90
南京,金华,83
南京,南昌,144
南京,郑州,197
南京,广州,351
南京,中山,95
扬州,常州,43
扬州,合肥,49
扬州,杭州,69
扬州,信阳,36
无锡,合肥,97
无锡,青岛,79
无锡,广州,167
无锡,太原,74
无锡,蚌埠,49
无锡,宁波,75
无锡,乌鲁木齐,68
常州,湛江,66
苏州,金华,79
苏州,呼和浩特,70
苏州,哈尔滨,133
苏州,侯马,55
苏州,北京,160
苏州,蚌埠,80
苏州,武汉,214
苏州,汕头,68
苏州,湛江,40
苏州,成都,229
苏州,大理州,27
徐州,厦门,117
徐州,广州,461
连云港,北京,118
连云港,郑州,92
连云港,中山,34
连云港,汕头,33
连云港,湛江,21
连云港,贵阳,59
淮安,西安,35
淮安,广州,57
淮安,厦门,16
淮安,芜湖,14
淮安,宁波,28
徐州,长春,161
徐州,洛阳,82
盐城,西安,65
扬州,沈阳,73
扬州,南宁,50
扬州,银川,28
扬州,阿克苏,12
常州,福州,167
常州,柳州,62
常州,成都,264
南通,芜湖,25
南通,杭州,104
南通,南昌,59
南通,襄阳,16
南通,漯河,35
南通,海口,51
南通,乌鲁木齐,86
合肥,侯马,116
合肥,长春,212
合肥,青岛,190
合肥,南昌,239
合肥,洛阳,105
合肥,中山,139
合肥,汕头,126
合肥,贵阳,237
合肥,西安,378
安庆,呼和浩特,64
安庆,南京,102
安庆,徐州,91
安庆,武汉,184
安庆,洛阳,52
安庆,漯河,71
安庆,南充,62
安庆,银川,56
蚌埠,天津,170
蚌埠,青岛,118
蚌埠,锦州,43
蚌埠,湛江,56
蚌埠,南宁,158
蚌埠,贵阳,180
蚌埠,南昌,139
蚌埠,哈尔滨,176
蚌埠,太原,145
芜湖,呼和浩特,45
济南,石家庄,250
济南,漯河,118
济南,中山,106
济南,哈尔滨,280
潍坊,青岛,39
济宁,济南,64
临沂,漯河,21
临沂,石家庄,39
天津,呼和浩特,31
杭州,蚌埠,253
杭州,南昌,463
杭州,厦门,302
杭州,中山,308
杭州,乌鲁木齐,255
杭州,大理州,97
湖州,侯马,94
湖州,天津,140
湖州,长春,151
湖州,郑州,263
湖州,广州,440
湖州,汕头,123
嘉兴,青岛,113
嘉兴,西安,168
嘉兴,蚌埠,60
嘉兴,安庆,34
宁波,蚌埠,87
宁波,郑州,257
宁波,洛阳,84
宁波,信阳,116
宁波,广州,465
台州,常州,145
台州,漯河,160
台州,南充,100
台州,阿克苏,37
金华,哈尔滨,507
金华,锦州,103
金华,常州,276
金华,蚌埠,291
金华,芜湖,172
金华,青岛,395
金华,郑州,717
金华,南充,183
温州,徐州,138
温州,湛江,79
温州,襄阳,51
温州,大理州,45
南昌,汕头,110
南昌,贵阳,187
南昌,青岛,114
鹰潭,合肥,20
鹰潭,漯河,14
泉州,汕头,81
泉州,湛江,52
泉州,沈阳,49
泉州,金华,23
泉州,柳州,22
泉州,兰州,33
重庆,天津,42
重庆,杭州,45
重庆,厦门,30
重庆,信阳,23
重庆,成都,137
长沙,南昌,261
长沙,海口,157
长沙,大理州,54
武汉,天津,156
武汉,侯马,76
武汉,合肥,133
武汉,青岛,124
武汉,信阳,108
武汉,湛江,66
襄阳,汕头,14
郑州,侯马,140
郑州,石家庄,271
郑州,福州,172
郑州,南宁,234
郑州,柳州,104
洛阳,郑州,160
洛阳,成都,183
洛阳,呼和浩特,59
洛阳,长春,100
洛阳,洛阳,38
洛阳,中山,67
洛阳,南充,50
郑州,蚌埠,110
郑州,安庆,54
郑州,鹰潭,36
郑州,衡阳,99
广州,信阳,88
广州,济南,221
广州,呼和浩特,101
广州,南昌,213
汕头,太原,39
汕头,哈尔滨,47
广州,武汉,301
湛江,西安,25
湛江,中山,24
中山,锦州,15
中山,沈阳,59
中山,厦门,47
成都,贵阳,111
成都,郑州,76
石家庄,深圳,141
石家庄,淮安,19
石家庄,拉萨,18
天津,侯马,25
天津,南京,24
天津,无锡,14
天津,重庆,22
天津,洛阳,19
天津,南宁,21
唐山,太原,12
唐山,常州,4
唐山,南通,4
唐山,合肥,6
唐山,蚌埠,4
唐山,潍坊,4
唐山,温州,4
唐山,昆明,5
北京,石家庄,64
北京,青岛,39
北京,嘉兴,11
北京,金华,16
廊坊,芜湖,9
廊坊,安庆,9
廊坊,重庆,26
廊坊,淮安,4
廊坊,大理州,7
廊坊,兰州,21
廊坊,乌鲁木齐,37
保定,喀什,9
保定,内江,6
北京,合肥,28
北京,安庆,12
北京,柳州,16
北京,南充,21
北京,济宁,13
北京,泉州,16
沈阳,成都,92
沈阳,无锡,37
沈阳,嘉兴,25
沈阳,湛江,16
沈阳,柳州,18
长春,保定,12
长春,长春,155
长春,南京,13
长春,无锡,7
长春,苏州,16
长春,青岛,24
长春,温州,8
长春,衡阳,5
长春,东莞,12
长春,大理州,6
哈尔滨,大连,32
哈尔滨,无锡,11
哈尔滨,潍坊,13
哈尔滨,温州,12
哈尔滨,福州,17
哈尔滨,重庆,19
哈尔滨,洛阳,11
哈尔滨,汕头,13
哈尔滨,深圳,27
南京,潍坊,52
南京,重庆,125
南京,荆州,21
南京,拉萨,14
扬州,连云港,16
扬州,芜湖,18
扬州,安庆,16
扬州,重庆,36
扬州,长沙,61
扬州,衡阳,20
淮安,贵阳,19
常州,唐山,49
常州,潍坊,64
无锡,保定,26
无锡,临沂,34
无锡,重庆,66
无锡,衡阳,24
常州,湖州,30
苏州,嘉兴,68
苏州,温州,90
苏州,包头,19
苏州,潍坊,42
徐州,济宁,65
徐州,临沂,64
徐州,乌鲁木齐,37
徐州,义乌,23
徐州,阿克苏,8
连云港,唐山,20
连云港,上海,128
淮安,呼和浩特,17
淮安,潍坊,7
淮安,台州,13
淮安,大理州,4
淮安,大连,5
淮安,烟台,7
徐州,西宁,10
盐城,呼和浩特,24
盐城,温州,36
盐城,常德,13
盐城,兰州,29
盐城,银川,19
盐城,东莞,40
盐城,乌鲁木齐,44
扬州,大连,16
扬州,荆州,6
常州,包头,21
南通,廊坊,9
南通,潍坊,22
南通,湖州,16
南通,温州,47
南通,东莞,50
南通,宝鸡,5
南通,西宁,13
南通,喀什,5
合肥,长沙,288
合肥,襄阳,61
合肥,昆明,137
安庆,保定,41
安庆,安庆,32
安庆,赣州,35
安庆,东莞,85
蚌埠,南通,39
蚌埠,淮安,18
蚌埠,大理州,18
芜湖,太原,58
芜湖,侯马,31
芜湖,北京,61
芜湖,宁波,31
芜湖,郑州,77
芜湖,烟台,18
芜湖,洛阳,24
芜湖,湛江,22
芜湖,海口,24
芜湖,乌鲁木齐,41
济南,福州,142
济南,武汉,246
济南,洛阳,91
济南,东莞,109
济南,荆州,22
潍坊,蚌埠,10
潍坊,汕头,14
青岛,潍坊,22
青岛,长沙,38
青岛,成都,48
青岛,合肥,25
青岛,南昌,23
青岛,重庆,25
青岛,侯马,18
济宁,呼和浩特,26
济宁,徐州,16
济宁,福州,21
济宁,长沙,32
济宁,成都,40
济宁,漯河,15
临沂,苏州,23
临沂,嘉兴,10
济宁,蚌埠,12
济宁,洛阳,12
临沂,台州,7
临沂,乌鲁木齐,15
天津,包头,9
杭州,大连,115
湖州,济宁,54
嘉兴,南通,53
嘉兴,潍坊,52
嘉兴,济宁,48
嘉兴,荆州,18
嘉兴,义乌,37
宁波,大连,48
宁波,淮安,22
宁波,盐城,45
宁波,重庆,140
台州,唐山,62
台州,廊坊,45
台州,上海,495
台州,淮安,41
台州,南通,99
台州,烟台,80
台州,义乌,67
台州,赣州,83
台州,西宁,25
金华,保定,164
金华,潍坊,191
金华,义乌,119
温州,荆州,26
温州,宝鸡,19
温州,西宁,18
南昌,蚌埠,69
南昌,泉州,69
南昌,衡阳,70
南昌,银川,70
南昌,烟台,42
南昌,台州,49
南昌,鹰潭,32
鹰潭,临沂,8
鹰潭,厦门,15
鹰潭,银川,10
鹰潭,海口,12
鹰潭,温州,10
鹰潭,柳州,10
福州,深圳,106
福州,西安,105
福州,长春,67
福州,保定,29
福州,廊坊,16
福州,银川,22
厦门,上海,98
厦门,武汉,63
厦门,兰州,18
泉州,无锡,19
泉州,苏州,37
泉州,长沙,71
泉州,常德,17
泉州,襄阳,15
泉州,唐山,12
厦门,衡阳,18
厦门,盐城,12
厦门,临沂,11
重庆,包头,18
重庆,大连,15
重庆,海口,41
重庆,西宁,4
长沙,唐山,44
长沙,盐城,37
长沙,鹰潭,39
常德,哈尔滨,9
常德,苏州,17
常德,盐城,4
常德,嘉兴,7
常德,台州,5
常德,金华,8
常德,温州,10
常德,南充,6
常德,西安,12
衡阳,济南,39
衡阳,武汉,43
衡阳,深圳,44
衡阳,厦门,23
衡阳,苏州,23
衡阳,金华,13
衡阳,泉州,14
武汉,保定,55
武汉,南通,47
武汉,蚌埠,68
武汉,鹰潭,34
武汉,重庆,186
武汉,深圳,205
武汉,嘉兴,49
武汉,包头,32
武汉,廊坊,28
武汉,临沂,43
荆州,北京,44
荆州,南宁,25
荆州,温州,13
荆州,长春,11
襄阳,洛阳,11
襄阳,南宁,18
襄阳,西安,26
郑州,上海,308
郑州,重庆,173
郑州,济宁,82
郑州,温州,87
郑州,荆州,26
洛阳,唐山,34
洛阳,潍坊,44
洛阳,临沂,37
洛阳,连云港,18
漯河,成都,64
漯河,青岛,30
漯河,中山,26
漯河,嘉兴,14
漯河,无锡,13
漯河,台州,12
漯河,泉州,17
信阳,上海,83
信阳,青岛,33
信阳,包头,13
信阳,宁波,24
信阳,长沙,54
信阳,襄阳,12
广州,太原,125
广州,保定,58
广州,无锡,57
汕头,上海,38
汕头,盐城,8
汕头,芜湖,11
汕头,济宁,15
汕头,湖州,6
广州,南通,41
湛江,南京,10
湛江,宁波,10
湛江,成都,25
湛江,昆明,17
湛江,南通,5
湛江,深圳,27
中山,福州,70
中山,东莞,95
中山,北京,111
中山,深圳,158
中山,大连,14
中山,常州,23
中山,合肥,32
中山,青岛,36
中山,嘉兴,15
中山,温州,23
中山,漯河,26
中山,信阳,28
贵阳,太原,6
贵阳,上海,19
贵阳,重庆,18
贵阳,东莞,14
贵阳,中山,10
贵阳,昆明,23
贵阳,兰州,8
贵阳,银川,4
海口,汕头,5
成都,昆明,101
成都,大理州,25
成都,拉萨,15
成都,潍坊,22
成都,南昌,57
成都,无锡,25
成都,芜湖,15
成都,济宁,16
昆明,哈尔滨,37
昆明,天津,21
昆明,南宁,25
昆明,海口,17
昆明,徐州,9
昆明,嘉兴,10
昆明,台州,9
昆明,金华,14
昆明,泉州,11
昆明,湛江,9
昆明,乌鲁木齐,11
西安,苏州,65
西安,温州,45
西安,福州,78
西安,重庆,82
西安,潍坊,16
西安,东莞,78
南充,贵阳,24
南充,昆明,18
呼和浩特,保定,5
呼和浩特,哈尔滨,15
呼和浩特,杭州,7
呼和浩特,成都,12
呼和浩特,福州,5
呼和浩特,贵阳,4
锦州,太原,4
锦州,北京,11
锦州,青岛,4
锦州,西安,5
太原,上海,12
太原,广州,18
石家庄,喀什,7
天津,赣州,5
天津,荆州,3
沈阳,义乌,27
沈阳,荆州,6
长春,南通,5
长春,襄阳,4
哈尔滨,柳州,8
哈尔滨,乌鲁木齐,8
芜湖,扬州,9
芜湖,湖州,9
芜湖,嘉兴,16
芜湖,宝鸡,7
济南,湖州,26
济南,阿克苏,19
青岛,南通,11
青岛,义乌,5
青岛,南充,11
鹰潭,廊坊,5
鹰潭,芜湖,6
鹰潭,嘉兴,7
鹰潭,襄阳,7
福州,淮安,9
福州,义乌,16
福州,宝鸡,7
厦门,潍坊,9
厦门,义乌,7
厦门,阿克苏,7
常德,天津,9
襄阳,呼和浩特,8
襄阳,襄阳,5
漯河,湖州,7
漯河,鹰潭,7
信阳,南通,11
信阳,义乌,7
信阳,西宁,4
信阳,阿克苏,3
汕头,义乌,4
中山,连云港,9
中山,盐城,11
中山,济宁,13
中山,义乌,9
南宁,石家庄,16
南宁,大连,5
南宁,长春,10
南宁,上海,26
南宁,徐州,10
南宁,合肥,15
南宁,衡阳,13
南宁,郑州,21
柳州,石家庄,3
柳州,北京,5
柳州,青岛,3
贵阳,台州,6
贵阳,赣州,4
南充,苏州,10
南充,南昌,13
南充,南宁,16
南充,温州,6
大理州,沈阳,12
大理州,杭州,4
大理州,南昌,4
大理州,郑州,4
大理州,贵阳,5
西安,保定,14
西安,南通,21
西安,芜湖,21
包头,呼和浩特,34
烟台,青岛,22
义乌,湖州,133
义乌,金华,335
东莞,广州,741
东莞,中山,188
太原,合肥,7
太原,信阳,7
太原,漯河,6
北京,锦州,11
北京,襄阳,12
大连,福州,7
上海,金华,48
上海,鹰潭,18
上海,漯河,47
上海,中山,69
上海,大理州,19
烟台,石家庄,15
烟台,天津,17
烟台,杭州,14
烟台,信阳,7
义乌,哈尔滨,551
义乌,广州,1619
赣州,广州,25
荆州,锦州,6
深圳,徐州,93
深圳,武汉,184
深圳,大理州,33
东莞,太原,100
东莞,南京,92
东莞,徐州,69
东莞,合肥,90
东莞,长沙,199
东莞,漯河,64
东莞,兰州,74
贵阳,锦州,3
昆明,锦州,6
兰州,呼和浩特,6
兰州,广州,21
兰州,阿克苏,6
银川,沈阳,8
呼和浩特,廊坊,3
呼和浩特,淮安,1
呼和浩特,台州,2
呼和浩特,赣州,2
呼和浩特,厦门,3
呼和浩特,常德,1
呼和浩特,汕头,3
呼和浩特,海口,3
呼和浩特,喀什,1
包头,上海,1
包头,常州,1
包头,济南,1
包头,潍坊,1
包头,烟台,1
包头,泉州,1
包头,郑州,1
包头,洛阳,1
包头,内江,1
包头,喀什,1
太原,保定,6
太原,无锡,3
太原,扬州,2
太原,湖州,1
太原,南宁,6
侯马,南通,1
侯马,安庆,1
侯马,贵阳,3
侯马,兰州,2
唐山,安庆,2
唐山,柳州,2
廊坊,东莞,14
北京,扬州,7
北京,临沂,14
大连,常州,3
大连,连云港,1
大连,蚌埠,2
大连,安庆,1
大连,嘉兴,2
大连,金华,3
大连,常德,1
大连,湛江,1
大连,西宁,1
锦州,南通,1
锦州,杭州,3
锦州,嘉兴,1
锦州,义乌,1
锦州,温州,1
锦州,汕头,1
锦州,中山,1
锦州,昆明,2
锦州,乌鲁木齐,1
长春,扬州,3
长春,义乌,3
哈尔滨,连云港,4
哈尔滨,淮安,2
上海,唐山,22
上海,济宁,31
上海,嘉兴,45
上海,赣州,28
上海,拉萨,19
淮安,内江,1
盐城,西宁,4
盐城,拉萨,6
合肥,喀什,4
潍坊,拉萨,3
烟台,苏州,12
烟台,蚌埠,5
烟台,金华,5
烟台,鹰潭,2
烟台,海口,3
烟台,银川,4
烟台,西宁,1
青岛,内江,2
济宁,湖州,4
济宁,常德,6
济宁,柳州,3
济宁,乌鲁木齐,5
济宁,喀什,1
义乌,呼和浩特,135
鹰潭,盐城,4
赣州,连云港,2
赣州,临沂,3
赣州,泉州,4
赣州,柳州,3
赣州,成都,12
福州,喀什,2
厦门,西宁,4
厦门,喀什,2
常德,烟台,2
常德,济宁,2
常德,义乌,3
常德,泉州,4
常德,荆州,2
常德,拉萨,1
荆州,保定,6
荆州,扬州,4
荆州,安庆,6
荆州,湖州,4
荆州,西宁,1
襄阳,廊坊,4
襄阳,拉萨,1
漯河,内江,3
深圳,义乌,19
东莞,芜湖,29
东莞,西宁,14
湛江,鹰潭,3
湛江,内江,2
湛江,西宁,1
湛江,阿克苏,1
南宁,扬州,3
南宁,南通,5
南宁,烟台,4
南宁,湖州,3
南宁,台州,6
柳州,无锡,1
柳州,连云港,1
柳州,淮安,1
柳州,蚌埠,2
柳州,湖州,1
柳州,嘉兴,1
柳州,台州,1
柳州,荆州,1
柳州,洛阳,1
柳州,兰州,2
柳州,乌鲁木齐,2
贵阳,连云港,2
贵阳,鹰潭,2
贵阳,阿克苏,1
海口,包头,1
海口,连云港,1
海口,淮安,1
海口,扬州,1
海口,潍坊,1
海口,洛阳,2
海口,柳州,3
海口,拉萨,1
南充,内江,2
内江,廊坊,1
内江,北京,4
内江,淮安,1
内江,盐城,1
内江,赣州,1
内江,襄阳,2
内江,漯河,2
内江,柳州,2
昆明,包头,5
昆明,义乌,4
昆明,宝鸡,2
大理州,扬州,1
大理州,安庆,1
大理州,泉州,2
大理州,常德,1
大理州,柳州,2
大理州,海口,2
大理州,南充,2
大理州,西宁,1
西安,拉萨,8
宝鸡,呼和浩特,2
宝鸡,沈阳,2
宝鸡,无锡,1
宝鸡,苏州,2
宝鸡,合肥,2
宝鸡,济南,2
宝鸡,青岛,1
宝鸡,宁波,1
宝鸡,台州,1
宝鸡,金华,1
宝鸡,洛阳,1
宝鸡,南充,1
兰州,侯马,2
兰州,无锡,3
兰州,连云港,1
兰州,青岛,5
兰州,天津,7
兰州,宁波,3
兰州,台州,2
兰州,鹰潭,1
兰州,重庆,5
兰州,常德,1
兰州,南充,3
兰州,宝鸡,1
兰州,银川,7
银川,唐山,2
银川,无锡,2
银川,淮安,1
银川,盐城,1
银川,潍坊,2
银川,嘉兴,2
银川,台州,2
银川,阿克苏,1
银川,喀什,1
西宁,保定,1
西宁,常州,1
西宁,福州,1
西宁,厦门,1
西宁,漯河,1
西宁,东莞,1
西宁,南宁,1
西宁,西安,4
乌鲁木齐,呼和浩特,2
乌鲁木齐,唐山,1
乌鲁木齐,长春,3
乌鲁木齐,常州,2
乌鲁木齐,连云港,1
乌鲁木齐,合肥,2
乌鲁木齐,芜湖,1
乌鲁木齐,安庆,1
乌鲁木齐,福州,2
乌鲁木齐,荆州,1
阿克苏,太原,1
阿克苏,北京,1
阿克苏,长春,1
阿克苏,合肥,1
阿克苏,蚌埠,1
阿克苏,烟台,1
阿克苏,台州,1
阿克苏,义乌,1
阿克苏,武汉,1
阿克苏,东莞,1
阿克苏,乌鲁木齐,1
喀什,石家庄,1
喀什,常州,1
喀什,盐城,1
喀什,南通,1
喀什,青岛,1
喀什,杭州,1
喀什,重庆,1
喀什,襄阳,1
喀什,洛阳,1
喀什,海口,1
喀什,南充,1
喀什,内江,1
拉萨,太原,1
拉萨,常州,1
拉萨,衡阳,1
拉萨,荆州,1
拉萨,漯河,1
拉萨,汕头,1
拉萨,深圳,1
拉萨,南充,1
拉萨,内江,1
拉萨,西宁,1
沈阳,沈阳,597
南京,南京,152
无锡,常州,116
无锡,徐州,115
无锡,淮安,27
常州,南京,193
苏州,常州,159
苏州,南通,110
苏州,盐城,75
淮安,无锡,49
徐州,南通,87
盐城,无锡,59
盐城,南通,46
常州,常州,58
安庆,合肥,150
济南,济南,585
台州,嘉兴,135
福州,福州,155
泉州,厦门,97
长沙,衡阳,236
湛江,广州,82
石家庄,合肥,130
石家庄,杭州,129
石家庄,锦州,60
石家庄,南宁,152
石家庄,蚌埠,80
石家庄,银川,85
石家庄,乌鲁木齐,90
天津,北京,109
天津,沈阳,81
天津,济南,87
唐山,石家庄,27
唐山,广州,17
廊坊,南京,22
廊坊,合肥,23
廊坊,中山,20
保定,侯马,50
保定,汕头,31
保定,拉萨,21
沈阳,天津,179
沈阳,青岛,74
沈阳,信阳,36
沈阳,汕头,40
沈阳,兰州,66
长春,锦州,19
长春,漯河,11
哈尔滨,哈尔滨,288
南京,侯马,67
南京,长春,128
南京,青岛,129
南京,长沙,191
南京,信阳,82
南京,南宁,130
南京,成都,286
扬州,厦门,31
扬州,广州,117
常州,信阳,101
常州,漯河,102
无锡,厦门,45
无锡,天津,98
无锡,长春,101
无锡,柳州,27
常州,沈阳,249
苏州,厦门,78
苏州,南充,54
苏州,昆明,105
苏州,西安,192
苏州,安庆,47
徐州,合肥,172
徐州,济南,308
徐州,杭州,177
徐州,郑州,264
徐州,宁波,105
连云港,长沙,61
连云港,西安,84
淮安,郑州,31
徐州,太原,139
盐城,南昌,48
盐城,芜湖,22
扬州,长春,49
扬州,福州,44
扬州,襄阳,16
扬州,湛江,15
扬州,成都,97
南通,呼和浩特,45
南通,哈尔滨,50
南通,北京,51
南通,福州,60
南通,汕头,33
南通,湛江,26
南通,南充,19
合肥,沈阳,303
合肥,南京,178
合肥,徐州,139
合肥,安庆,116
合肥,金华,87
安庆,哈尔滨,137
安庆,太原,111
蚌埠,郑州,210
蚌埠,南京,99
蚌埠,徐州,93
蚌埠,呼和浩特,88
蚌埠,长春,175
芜湖,锦州,20
芜湖,石家庄,66
芜湖,西安,109
安庆,大理州,29
潍坊,广州,51
潍坊,石家庄,31
潍坊,贵阳,27
潍坊,西安,48
青岛,济南,90
济宁,广州,52
济南,沈阳,330
临沂,锦州,11
临沂,天津,38
临沂,杭州,26
天津,锦州,17
杭州,石家庄,450
杭州,合肥,436
杭州,信阳,283
杭州,阿克苏,63
湖州,合肥,142
湖州,中山,121
湖州,柳州,79
湖州,成都,298
湖州,西安,345
湖州,兰州,129
嘉兴,长春,101
嘉兴,哈尔滨,121
嘉兴,南京,121
嘉兴,芜湖,40
嘉兴,长沙,175
嘉兴,洛阳,55
嘉兴,南充,44
嘉兴,呼和浩特,55
嘉兴,昆明,98
宁波,太原,135
宁波,汕头,109
宁波,湛江,65
宁波,西安,253
宁波,兰州,97
台州,沈阳,290
台州,蚌埠,164
台州,芜湖,94
台州,洛阳,113
台州,南宁,250
台州,大理州,67
金华,南京,467
金华,长沙,601
金华,武汉,673
温州,呼和浩特,76
温州,武汉,304
温州,郑州,264
温州,汕头,131
温州,贵阳,214
温州,蚌埠,110
温州,长春,143
温州,海口,78
南昌,信阳,104
南昌,中山,130
南昌,成都,278
南昌,杭州,154
福州,天津,80
福州,合肥,67
泉州,杭州,53
泉州,锦州,12
泉州,侯马,23
泉州,南昌,58
重庆,银川,30
重庆,锦州,17
重庆,太原,37
重庆,石家庄,33
重庆,长春,53
重庆,蚌埠,16
重庆,郑州,50
重庆,汕头,23
重庆,贵阳,76
长沙,哈尔滨,158
长沙,锦州,50
长沙,沈阳,160
长沙,杭州,184
长沙,金华,81
长沙,厦门,117
长沙,广州,677
长沙,中山,178
长沙,湛江,88
长沙,昆明,196
长沙,兰州,126
武汉,石家庄,162
武汉,中山,143
武汉,济南,223
武汉,厦门,119
武汉,洛阳,75
武汉,汕头,101
武汉,南宁,178
洛阳,侯马,63
洛阳,漯河,67
洛阳,太原,100
洛阳,青岛,76
洛阳,襄阳,26
洛阳,柳州,45
洛阳,兰州,72
漯河,贵阳,46
漯河,哈尔滨,52
郑州,南京,135
郑州,常州,83
郑州,南充,94
郑州,乌鲁木齐,66
广州,南宁,395
广州,贵阳,232
广州,天津,153
汕头,徐州,24
湛江,漯河,10
中山,石家庄,56
中山,湛江,55
海口,广州,20
成都,石家庄,57
成都,济南,92
西安,广州,303
石家庄,廊坊,63
石家庄,潍坊,71
石家庄,温州,70
石家庄,湖州,25
天津,保定,20
天津,常州,15
天津,苏州,24
天津,济宁,16
天津,福州,21
天津,长沙,27
天津,海口,12
唐山,长春,13
唐山,南京,6
唐山,徐州,5
唐山,贵阳,6
唐山,成都,12
北京,常州,18
北京,南昌,38
廊坊,南通,9
廊坊,临沂,11
廊坊,深圳,25
廊坊,湖州,5
廊坊,台州,7
廊坊,赣州,6
保定,苏州,43
保定,盐城,13
保定,包头,10
北京,侯马,32
北京,北京,15
沈阳,武汉,79
沈阳,宁波,44
沈阳,南昌,50
沈阳,长沙,59
沈阳,衡阳,18
沈阳,中山,37
沈阳,南宁,45
沈阳,大理州,14
长春,侯马,12
长春,福州,11
长春,武汉,17
长春,汕头,8
长春,中山,12
哈尔滨,唐山,17
哈尔滨,锦州,16
哈尔滨,宁波,16
哈尔滨,南昌,14
哈尔滨,长沙,23
哈尔滨,武汉,26
哈尔滨,南宁,17
南京,赣州,35
南京,大理州,27
南京,宝鸡,13
扬州,保定,19
扬州,临沂,15
扬州,湖州,12
扬州,兰州,48
淮安,北京,39
淮安,济南,29
淮安,重庆,19
淮安,成都,27
常州,保定,60
无锡,廊坊,15
无锡,荆州,11
苏州,台州,57
苏州,廊坊,24
苏州,赣州,30
苏州,喀什,8
徐州,保定,70
徐州,常德,54
连云港,大连,24
连云港,潍坊,22
连云港,义乌,7
连云港,赣州,14
连云港,常德,14
连云港,乌鲁木齐,9
淮安,长春,14
淮安,拉萨,8
淮安,侯马,8
淮安,保定,8
淮安,湖州,10
淮安,嘉兴,15
淮安,济宁,7
淮安,临沂,6
淮安,襄阳,7
徐州,宝鸡,19
盐城,上海,205
盐城,湖州,16
盐城,重庆,36
扬州,鹰潭,9
扬州,宝鸡,5
南通,唐山,13
南通,大连,14
南通,鹰潭,9
南通,重庆,45
南通,内江,4
合肥,唐山,63
合肥,无锡,85
合肥,嘉兴,64
合肥,义乌,27
合肥,大理州,33
合肥,银川,94
安庆,唐山,35
安庆,大连,39
安庆,上海,209
安庆,淮安,18
安庆,泉州,58
安庆,衡阳,48
蚌埠,烟台,47
蚌埠,济宁,49
蚌埠,赣州,43
蚌埠,衡阳,66
蚌埠,襄阳,40
蚌埠,深圳,127
蚌埠,连云港,25
蚌埠,扬州,25
蚌埠,蚌埠,55
芜湖,杭州,56
芜湖,衡阳,31
芜湖,安庆,32
安庆,西宁,6
济南,包头,56
济南,唐山,72
济南,宁波,90
济南,长沙,192
济南,柳州,39
济南,嘉兴,46
潍坊,太原,24
潍坊,北京,82
潍坊,武汉,31
潍坊,赣州,6
潍坊,衡阳,7
青岛,烟台,22
青岛,郑州,44
青岛,温州,16
青岛,漯河,19
济宁,哈尔滨,39
济宁,无锡,10
济宁,宁波,13
济宁,郑州,34
临沂,呼和浩特,28
临沂,合肥,21
临沂,济南,56
临沂,宁波,15
临沂,温州,12
临沂,洛阳,15
临沂,深圳,23
济宁,烟台,11
临沂,包头,7
临沂,唐山,10
临沂,潍坊,13
临沂,南充,15
杭州,唐山,119
杭州,盐城,131
杭州,宝鸡,44
湖州,包头,14
湖州,太原,147
湖州,上海,191
湖州,无锡,56
湖州,金华,88
湖州,赣州,51
湖州,襄阳,38
湖州,宝鸡,22
嘉兴,扬州,30
嘉兴,深圳,106
嘉兴,包头,14
宁波,苏州,146
宁波,南通,58
宁波,烟台,55
金华,唐山,134
温州,上海,409
温州,南通,72
温州,泉州,121
温州,深圳,197
南昌,南京,112
南昌,宁波,90
南昌,福州,150
南昌,长沙,218
南昌,温州,76
南昌,南通,45
南昌,芜湖,42
南昌,嘉兴,49
鹰潭,青岛,17
鹰潭,南充,12
鹰潭,徐州,11
鹰潭,烟台,7
鹰潭,阿克苏,4
福州,哈尔滨,94
福州,青岛,55
福州,侯马,41
福州,安庆,23
福州,荆州,11
厦门,呼和浩特,18
厦门,南京,36
厦门,乌鲁木齐,28
泉州,上海,82
泉州,重庆,44
泉州,洛阳,20
泉州,保定,16
泉州,安庆,13
泉州,大理州,9
厦门,金华,25
厦门,漯河,17
厦门,东莞,49
厦门,侯马,17
重庆,泉州,20
重庆,廊坊,7
重庆,安庆,12
重庆,嘉兴,13
重庆,常德,14
重庆,阿克苏,4
长沙,保定,60
长沙,大连,37
长沙,重庆,175
长沙,拉萨,18
长沙,内江,16
常德,宁波,12
常德,柳州,7
常德,昆明,11
衡阳,长春,24
衡阳,重庆,31
衡阳,乌鲁木齐,11
衡阳,赣州,12
衡阳,洛阳,12
衡阳,无锡,11
衡阳,东莞,37
武汉,宁波,94
武汉,金华,64
武汉,长春,124
武汉,烟台,45
武汉,湖州,27
武汉,台州,45
荆州,沈阳,21
荆州,苏州,19
荆州,合肥,19
荆州,武汉,39
武汉,拉萨,21
襄阳,侯马,13
襄阳,沈阳,34
襄阳,徐州,12
襄阳,安庆,7
襄阳,宁波,15
襄阳,金华,11
襄阳,郑州,27
襄阳,东莞,18
郑州,深圳,171
郑州,赣州,60
洛阳,廊坊,28
洛阳,上海,159
洛阳,嘉兴,30
漯河,大连,14
漯河,上海,54
漯河,临沂,15
漯河,南通,11
漯河,汕头,20
信阳,西安,73
郑州,西宁,18
广州,深圳,412
广州,南充,85
广州,喀什,23
广州,拉萨,85
广州,嘉兴,46
广州,包头,28
汕头,南通,9
汕头,泉州,31
汕头,荆州,7
湛江,南充,9
湛江,蚌埠,5
中山,贵阳,61
中山,南京,37
中山,蚌埠,19
中山,宁波,29
贵阳,沈阳,12
贵阳,苏州,12
贵阳,厦门,9
贵阳,衡阳,7
贵阳,贵阳,323
贵阳,西安,14
海口,哈尔滨,8
海口,青岛,4
海口,杭州,6
海口,宁波,4
海口,西安,6
成都,沈阳,79
成都,苏州,49
成都,湖州,10
成都,嘉兴,19
成都,台州,18
成都,温州,29
成都,汕头,30
昆明,南昌,26
昆明,武汉,34
昆明,汕头,16
昆明,南通,7
昆明,烟台,7
西安,南京,58
西安,合肥,49
西安,宁波,50
西安,中山,79
西安,南宁,79
西安,成都,159
锦州,沈阳,32
芜湖,常州,22
信阳,芜湖,11
南宁,广州,99
南充,武汉,19
南充,汕头,10
呼和浩特,唐山,5
呼和浩特,长沙,8
呼和浩特,昆明,6
呼和浩特,青岛,7
呼和浩特,中山,4
呼和浩特,南宁,5
锦州,郑州,4
太原,石家庄,20
天津,连云港,6
天津,扬州,6
天津,义乌,4
天津,乌鲁木齐,20
天津,拉萨,4
沈阳,常德,13
长春,芜湖,5
哈尔滨,泉州,8
蚌埠,阿克苏,5
济南,盐城,32
济南,宝鸡,23
济南,拉萨,15
青岛,盐城,7
青岛,台州,9
鹰潭,安庆,6
福州,扬州,15
福州,阿克苏,7
衡阳,襄阳,8
襄阳,烟台,6
襄阳,临沂,6
襄阳,银川,5
漯河,芜湖,9
信阳,盐城,8
漯河,义乌,5
广州,义乌,22
汕头,内江,4
中山,安庆,10
中山,内江,5
中山,宝鸡,5
南宁,太原,11
南宁,天津,15
南宁,信阳,12
南宁,东莞,27
南宁,湛江,13
南宁,大理州,7
柳州,长春,3
柳州,上海,6
柳州,福州,4
贵阳,大连,6
贵阳,烟台,4
南充,沈阳,11
南充,杭州,13
南充,常州,6
南充,宁波,7
大理州,北京,10
大理州,长春,6
大理州,天津,8
大理州,福州,4
大理州,广州,10
大理州,深圳,5
大理州,东莞,4
大理州,成都,10
大理州,昆明,26
西安,鹰潭,12
义乌,上海,1221
义乌,台州,233
呼和浩特,漯河,4
呼和浩特,信阳,4
太原,青岛,14
太原,杭州,7
侯马,侯马,4
廊坊,西宁,9
北京,汕头,12
大连,锦州,5
大连,济南,14
大连,郑州,11
大连,信阳,4
上海,锦州,32
上海,长春,90
上海,安庆,29
上海,南昌,112
上海,洛阳,48
烟台,呼和浩特,8
烟台,南京,10
烟台,厦门,6
烟台,洛阳,6
青岛,柳州,5
济宁,芜湖,7
义乌,石家庄,575
义乌,天津,542
义乌,南京,493
义乌,贵阳,443
赣州,天津,8
赣州,武汉,11
赣州,郑州,14
常德,信阳,6
常德,汕头,7
衡阳,安庆,8
深圳,锦州,26
深圳,天津,83
深圳,常州,69
深圳,合肥,74
深圳,青岛,58
深圳,杭州,151
深圳,宁波,87
深圳,福州,165
深圳,厦门,113
深圳,漯河,54
深圳,西安,157
深圳,拉萨,53
东莞,呼和浩特,58
东莞,天津,127
东莞,洛阳,55
东莞,贵阳,154
东莞,海口,75
东莞,南充,56
南宁,锦州,3
南宁,常州,6
兰州,中山,7
兰州,西安,51
银川,西安,17
乌鲁木齐,漯河,4
乌鲁木齐,西安,12
呼和浩特,无锡,3
呼和浩特,盐城,1
呼和浩特,南通,2
呼和浩特,泉州,2
呼和浩特,荆州,1
呼和浩特,洛阳,3
呼和浩特,西宁,1
呼和浩特,乌鲁木齐,4
呼和浩特,阿克苏,1
包头,唐山,1
包头,北京,3
包头,连云港,1
包头,蚌埠,1
包头,芜湖,1
包头,鹰潭,1
包头,厦门,1
包头,东莞,1
包头,宝鸡,1
太原,廊坊,4
太原,常州,3
太原,盐城,2
太原,蚌埠,4
太原,台州,2
太原,义乌,1
太原,东莞,5
太原,宝鸡,2
侯马,沈阳,3
侯马,南京,2
侯马,盐城,1
侯马,济宁,1
侯马,湖州,1
侯马,重庆,3
侯马,长沙,4
侯马,大理州,1
侯马,银川,1
侯马,乌鲁木齐,1
唐山,连云港,2
唐山,台州,3
唐山,海口,2
唐山,拉萨,1
北京,喀什,1
大连,扬州,1
大连,合肥,4
大连,芜湖,2
大连,重庆,5
大连,襄阳,2
大连,东莞,4
大连,成都,9
大连,宝鸡,1
大连,拉萨,1
锦州,唐山,2
锦州,常州,1
锦州,芜湖,1
锦州,襄阳,1
锦州,东莞,1
锦州,内江,1
哈尔滨,荆州,2
哈尔滨,大理州,3
哈尔滨,宝鸡,2
上海,包头,30
上海,无锡,68
上海,南通,48
上海,泉州,59
上海,东莞,68
上海,内江,6
淮安,宝鸡,2
盐城,喀什,2
扬州,喀什,3
潍坊,宝鸡,3
烟台,扬州,3
烟台,安庆,3
烟台,泉州,4
烟台,重庆,9
烟台,东莞,8
烟台,昆明,4
烟台,兰州,6
青岛,鹰潭,4
济宁,廊坊,5
济宁,扬州,4
义乌,潍坊,253
义乌,重庆,356
义乌,常德,172
鹰潭,包头,4
赣州,廊坊,2
赣州,金华,3
赣州,洛阳,4
赣州,阿克苏,1
常德,保定,3
常德,连云港,3
常德,蚌埠,3
常德,青岛,5
常德,临沂,2
衡阳,包头,4
衡阳,扬州,4
衡阳,临沂,7
衡阳,荆州,4
衡阳,西宁,3
衡阳,拉萨,3
荆州,大理州,4
荆州,宝鸡,2
荆州,乌鲁木齐,8
襄阳,济宁,5
深圳,包头,14
深圳,廊坊,16
深圳,蚌埠,43
深圳,临沂,29
深圳,温州,85
深圳,东莞,225
东莞,包头,16
东莞,廊坊,24
东莞,连云港,21
东莞,扬州,20
东莞,安庆,28
东莞,济宁,37
东莞,湖州,18
湛江,义乌,2
湛江,宝鸡,2
中山,拉萨,7
南宁,保定,5
南宁,无锡,6
柳州,盐城,1
柳州,赣州,1
柳州,漯河,2
柳州,大理州,1
柳州,西宁,1
柳州,喀什,1
贵阳,包头,1
贵阳,唐山,2
贵阳,湖州,3
贵阳,义乌,3
贵阳,内江,2
海口,呼和浩特,2
海口,无锡,2
海口,南通,2
海口,临沂,1
海口,义乌,1
海口,常德,2
海口,衡阳,2
成都,荆州,7
南充,唐山,3
南充,蚌埠,4
南充,芜湖,3
南充,烟台,3
南充,嘉兴,4
南充,金华,5
南充,衡阳,5
南充,阿克苏,1
内江,徐州,2
内江,连云港,1
内江,青岛,2
内江,济宁,1
内江,杭州,3
内江,泉州,2
内江,武汉,4
内江,汕头,3
内江,东莞,3
内江,西宁,1
昆明,廊坊,4
昆明,淮安,2
昆明,扬州,4
大理州,唐山,2
大理州,金华,2
大理州,义乌,1
大理州,衡阳,2
大理州,襄阳,1
大理州,漯河,2
大理州,汕头,2
大理州,阿克苏,1
西安,淮安,6
宝鸡,侯马,1
宝鸡,石家庄,2
宝鸡,大连,1
宝鸡,扬州,1
宝鸡,南通,1
宝鸡,芜湖,1
宝鸡,潍坊,1
宝鸡,烟台,1
宝鸡,临沂,1
宝鸡,湖州,1
宝鸡,赣州,1
宝鸡,厦门,1
宝鸡,长沙,3
宝鸡,柳州,1
宝鸡,海口,1
宝鸡,银川,1
宝鸡,阿克苏,1
兰州,盐城,1
兰州,湖州,1
兰州,襄阳,1
兰州,柳州,3
兰州,成都,15
银川,包头,3
银川,廊坊,1
银川,南京,4
银川,烟台,2
银川,义乌,2
银川,福州,5
银川,洛阳,2
银川,大理州,1
银川,宝鸡,1
西宁,石家庄,2
西宁,长春,1
西宁,苏州,1
西宁,连云港,1
西宁,济南,2
西宁,临沂,1
西宁,宁波,1
西宁,武汉,2
西宁,湛江,1
西宁,昆明,1
西宁,宝鸡,1
乌鲁木齐,侯马,1
乌鲁木齐,廊坊,1
乌鲁木齐,蚌埠,2
乌鲁木齐,天津,3
乌鲁木齐,义乌,1
乌鲁木齐,南昌,2
乌鲁木齐,长沙,4
乌鲁木齐,洛阳,1
乌鲁木齐,深圳,4
乌鲁木齐,南宁,2
阿克苏,廊坊,1
阿克苏,大连,1
阿克苏,哈尔滨,1
阿克苏,安庆,1
阿克苏,潍坊,1
阿克苏,青岛,1
阿克苏,鹰潭,1
阿克苏,泉州,1
阿克苏,南宁,1
阿克苏,内江,1
喀什,呼和浩特,1
喀什,台州,1
喀什,汕头,1
喀什,南宁,1
喀什,大理州,1
喀什,银川,1
喀什,西宁,1
拉萨,南京,1
拉萨,合肥,1
拉萨,青岛,1
拉萨,福州,1
拉萨,银川,1
拉萨,乌鲁木齐,1
保定,唐山,56
保定,天津,140
沈阳,大连,127
沈阳,锦州,115
南京,徐州,175
南京,连云港,59
常州,苏州,214
淮安,徐州,52
盐城,南京,105
常州,盐城,62
南通,南京,114
合肥,合肥,162
杭州,金华,483
湖州,宁波,103
宁波,湖州,60
宁波,温州,154
金华,杭州,898
金华,湖州,150
金华,嘉兴,276
温州,台州,131
温州,金华,180
武汉,武汉,510
广州,湛江,156
石家庄,信阳,122
石家庄,厦门,93
石家庄,呼和浩特,129
石家庄,贵阳,216
石家庄,金华,59
石家庄,大理州,33
天津,石家庄,58
天津,天津,42
天津,广州,55
唐山,天津,65
唐山,北京,38
廊坊,石家庄,53
廊坊,北京,111
廊坊,锦州,12
廊坊,沈阳,68
廊坊,武汉,48
廊坊,湛江,12
廊坊,南宁,27
廊坊,柳州,12
廊坊,成都,54
保定,厦门,31
保定,郑州,149
保定,贵阳,109
保定,哈尔滨,97
保定,杭州,41
保定,阿克苏,34
保定,武汉,75
保定,西宁,13
北京,贵阳,42
沈阳,石家庄,137
沈阳,广州,145
沈阳,银川,54
沈阳,乌鲁木齐,51
长春,广州,41
哈尔滨,天津,62
南京,北京,249
南京,蚌埠,93
南京,合肥,189
南京,济南,230
南京,宁波,119
南京,厦门,105
南京,南充,66
南京,西安,201
扬州,锦州,16
常州,济南,278
无锡,侯马,45
无锡,南昌,67
无锡,阿克苏,10
常州,合肥,163
苏州,合肥,146
苏州,杭州,221
苏州,太原,95
苏州,南昌,114
苏州,兰州,86
苏州,阿克苏,26
徐州,石家庄,207
徐州,南宁,163
徐州,柳州,67
徐州,成都,302
连云港,太原,25
连云港,侯马,14
连云港,合肥,46
连云港,青岛,48
淮安,沈阳,27
淮安,合肥,36
淮安,南昌,29
徐州,兰州,118
盐城,济南,131
盐城,杭州,74
盐城,漯河,44
盐城,湛江,22
盐城,宁波,44
扬州,乌鲁木齐,36
常州,长春,157
常州,青岛,135
常州,金华,72
常州,海口,72
南通,石家庄,46
南通,洛阳,26
南通,拉萨,18
合肥,呼和浩特,141
合肥,哈尔滨,227
合肥,天津,242
合肥,蚌埠,173
合肥,杭州,201
合肥,武汉,354
合肥,成都,399
安庆,北京,99
安庆,芜湖,56
安庆,厦门,82
安庆,信阳,78
安庆,柳州,55
蚌埠,汕头,89
蚌埠,侯马,87
蚌埠,常州,63
蚌埠,南充,70
合肥,南充,101
芜湖,合肥,86
潍坊,天津,33
青岛,天津,40
临沂,郑州,47
临沂,沈阳,49
杭州,呼和浩特,202
杭州,太原,358
杭州,南京,451
杭州,洛阳,200
杭州,漯河,274
杭州,兰州,239
湖州,锦州,38
湖州,南昌,167
湖州,厦门,106
嘉兴,太原,97
嘉兴,侯马,57
嘉兴,信阳,78
嘉兴,阿克苏,27
宁波,沈阳,211
宁波,侯马,80
宁波,长春,138
宁波,济南,301
宁波,柳州,77
宁波,海口,80
台州,哈尔滨,235
台州,石家庄,229
台州,长春,191
台州,南京,232
台州,福州,311
台州,厦门,208
台州,长沙,384
台州,武汉,382
台州,中山,215
金华,济南,880
金华,成都,744
金华,阿克苏,44
温州,哈尔滨,192
温州,南京,170
温州,常州,106
温州,南昌,219
温州,南宁,204
温州,成都,329
温州,安庆,63
温州,银川,52
南昌,锦州,41
南昌,呼和浩特,102
南昌,侯马,79
南昌,洛阳,67
南昌,柳州,75
南昌,长春,122
南昌,阿克苏,39
福州,广州,296
福州,石家庄,91
福州,柳州,40
福州,南充,34
厦门,厦门,56
泉州,南宁,52
泉州,乌鲁木齐,54
重庆,哈尔滨,72
重庆,沈阳,69
重庆,南京,31
重庆,青岛,35
重庆,漯河,21
重庆,湛江,15
长沙,石家庄,175
长沙,合肥,136
长沙,郑州,238
长沙,贵阳,283
长沙,成都,350
长沙,阿克苏,26
武汉,锦州,44
武汉,南京,118
武汉,柳州,76
武汉,成都,331
武汉,昆明,161
武汉,大理州,42
武汉,乌鲁木齐,121
郑州,南昌,217
郑州,武汉,304
郑州,呼和浩特,141
洛阳,北京,216
洛阳,贵阳,128
洛阳,长沙,115
洛阳,武汉,121
漯河,天津,44
漯河,信阳,40
信阳,广州,99
郑州,成都,336
郑州,银川,94
广州,西安,263
汕头,沈阳,41
汕头,天津,49
汕头,青岛,28
汕头,杭州,30
汕头,南昌,52
汕头,福州,72
汕头,厦门,45
汕头,长沙,99
汕头,漯河,28
汕头,乌鲁木齐,50
广州,石家庄,149
湛江,汕头,15
中山,哈尔滨,62
昆明,杭州,33
西安,西安,293
石家庄,重庆,148
石家庄,无锡,61
石家庄,东莞,114
天津,临沂,17
天津,嘉兴,8
天津,金华,10
天津,厦门,14
天津,武汉,33
天津,襄阳,8
天津,中山,17
天津,深圳,21
唐山,芜湖,3
唐山,烟台,4
唐山,兰州,6
北京,苏州,30
北京,徐州,23
北京,重庆,41
北京,洛阳,25
廊坊,无锡,12
廊坊,潍坊,12
廊坊,包头,7
廊坊,连云港,5
廊坊,金华,10
廊坊,内江,3
保定,海口,29
保定,烟台,32
保定,金华,21
保定,大理州,14
北京,赣州,11
北京,福州,39
北京,银川,24
沈阳,烟台,35
沈阳,金华,38
沈阳,南充,24
沈阳,拉萨,9
长春,潍坊,10
长春,兰州,14
哈尔滨,北京,89
哈尔滨,烟台,16
哈尔滨,临沂,12
南京,保定,47
南京,济宁,44
南京,湖州,37
南京,温州,91
南京,常德,38
扬州,廊坊,11
扬州,上海,133
扬州,烟台,15
扬州,温州,31
扬州,常德,14
常州,大连,55
常州,临沂,51
常州,东莞,102
常州,银川,51
无锡,烟台,33
无锡,温州,55
无锡,昆明,55
无锡,拉萨,7
苏州,湖州,38
苏州,荆州,17
徐州,台州,53
徐州,东莞,125
徐州,包头,31
徐州,荆州,22
徐州,拉萨,9
连云港,湖州,10
连云港,大理州,10
淮安,柳州,10
盐城,哈尔滨,47
盐城,潍坊,30
盐城,台州,23
盐城,泉州,23
盐城,长沙,59
盐城,洛阳,33
盐城,义乌,9
盐城,阿克苏,10
常州,廊坊,35
常州,内江,12
南通,保定,17
南通,烟台,20
南通,嘉兴,31
南通,大理州,10
合肥,保定,77
合肥,苏州,170
合肥,盐城,52
合肥,南通,64
合肥,宁波,120
合肥,台州,60
合肥,宝鸡,27
安庆,济宁,35
安庆,湖州,26
安庆,温州,68
蚌埠,兰州,91
蚌埠,银川,74
蚌埠,包头,28
蚌埠,荆州,16
芜湖,厦门,36
芜湖,汕头,38
芜湖,兰州,48
芜湖,包头,15
芜湖,唐山,18
济南,北京,544
济南,温州,78
济南,昆明,97
济南,襄阳,46
潍坊,长春,23
潍坊,苏州,22
潍坊,南宁,13
潍坊,兰州,31
潍坊,常州,13
潍坊,南通,8
潍坊,湛江,7
潍坊,柳州,5
潍坊,南充,9
潍坊,大理州,4
青岛,南京,29
青岛,武汉,41
青岛,信阳,21
青岛,西安,52
青岛,呼和浩特,39
青岛,无锡,14
青岛,徐州,21
青岛,兰州,33
青岛,唐山,12
青岛,保定,14
济宁,侯马,16
济宁,天津,31
济宁,杭州,23
济宁,金华,11
临沂,青岛,29
临沂,南昌,23
临沂,长沙,36
临沂,汕头,16
济宁,潍坊,12
济宁,南充,12
临沂,廊坊,7
临沂,济宁,12
临沂,襄阳,8
临沂,南宁,9
杭州,扬州,101
杭州,烟台,133
杭州,内江,29
杭州,喀什,18
湖州,大连,33
湖州,连云港,35
湖州,盐城,46
湖州,台州,61
湖州,荆州,19
嘉兴,上海,431
嘉兴,无锡,67
嘉兴,烟台,42
嘉兴,西宁,19
嘉兴,拉萨,18
宁波,包头,20
宁波,唐山,46
宁波,保定,58
宁波,上海,317
宁波,连云港,32
宁波,宝鸡,18
台州,无锡,130
台州,连云港,61
台州,扬州,54
台州,内江,19
台州,喀什,10
金华,盐城,143
温州,内江,13
南昌,昆明,166
南昌,唐山,40
南昌,无锡,54
南昌,赣州,49
南昌,宝鸡,16
鹰潭,南昌,31
鹰潭,贵阳,32
鹰潭,昆明,28
鹰潭,兰州,16
鹰潭,无锡,7
鹰潭,中山,16
福州,北京,138
福州,温州,53
福州,呼和浩特,35
福州,潍坊,25
福州,济宁,26
福州,赣州,28
福州,常德,21
厦门,苏州,38
厦门,南昌,48
厦门,郑州,37
厦门,中山,45
厦门,成都,62
厦门,昆明,23
泉州,嘉兴,17
泉州,宁波,30
泉州,台州,18
泉州,温州,26
泉州,东莞,80
泉州,烟台,16
泉州,喀什,5
厦门,信阳,19
重庆,深圳,47
重庆,唐山,10
重庆,湖州,7
重庆,台州,13
重庆,鹰潭,8
重庆,内江,7
重庆,宝鸡,5
长沙,廊坊,37
长沙,淮安,19
长沙,扬州,31
长沙,潍坊,50
长沙,嘉兴,61
长沙,温州,92
长沙,泉州,86
长沙,宝鸡,20
常德,呼和浩特,9
常德,北京,45
衡阳,昆明,37
衡阳,嘉兴,11
武汉,东莞,138
武汉,扬州,27
荆州,太原,17
荆州,济南,31
荆州,无锡,9
襄阳,上海,72
襄阳,济南,29
襄阳,天津,28
襄阳,衡阳,9
襄阳,漯河,12
襄阳,贵阳,15
襄阳,南充,8
郑州,宁波,112
郑州,南通,54
郑州,湖州,34
洛阳,宁波,52
洛阳,台州,25
洛阳,衡阳,38
漯河,保定,15
漯河,合肥,30
漯河,洛阳,24
漯河,大理州,10
漯河,厦门,22
信阳,石家庄,52
信阳,合肥,30
信阳,侯马,27
信阳,洛阳,23
信阳,东莞,28
信阳,柳州,19
广州,徐州,78
广州,金华,65
广州,温州,78
广州,泉州,147
广州,洛阳,65
汕头,呼和浩特,21
汕头,大连,10
汕头,台州,12
汕头,襄阳,12
汕头,海口,31
汕头,拉萨,11
广州,廊坊,30
湛江,哈尔滨,14
湛江,青岛,10
湛江,重庆,15
湛江,侯马,6
湛江,唐山,4
湛江,常州,7
湛江,常德,5
湛江,襄阳,5
湛江,洛阳,5
湛江,大理州,5
中山,南宁,91
中山,上海,84
中山,济南,72
中山,长沙,82
中山,郑州,58
中山,呼和浩特,32
中山,湖州,10
中山,赣州,16
中山,重庆,46
中山,常德,16
中山,襄阳,14
贵阳,无锡,6
海口,厦门,4
海口,重庆,6
海口,郑州,5
成都,长沙,85
成都,青岛,44
成都,唐山,15
成都,徐州,32
成都,盐城,13
成都,南通,16
成都,柳州,29
昆明,呼和浩特,17
昆明,石家庄,19
昆明,大连,12
昆明,宁波,17
昆明,福州,29
昆明,侯马,9
昆明,常州,11
昆明,襄阳,7
昆明,柳州,13
西安,南昌,81
西安,湛江,35
西安,昆明,51
西安,太原,114
西安,石家庄,45
西安,锦州,13
西安,兰州,89
衡阳,衡阳,31
南充,广州,38
西安,金华,33
呼和浩特,太原,15
锦州,天津,6
锦州,成都,3
太原,沈阳,14
太原,长春,10
太原,济南,22
太原,成都,11
天津,鹰潭,4
天津,宝鸡,4
长春,连云港,5
长春,嘉兴,6
哈尔滨,盐城,5
哈尔滨,南通,7
哈尔滨,济宁,9
哈尔滨,湛江,6
芜湖,廊坊,11
芜湖,南通,14
芜湖,赣州,16
济南,淮安,17
济南,内江,13
青岛,连云港,6
青岛,安庆,7
青岛,湖州,6
青岛,襄阳,8
青岛,银川,11
南昌,荆州,20
南昌,内江,12
福州,拉萨,5
厦门,保定,10
厦门,淮安,6
厦门,荆州,7
衡阳,芜湖,9
襄阳,兰州,6
武汉,宝鸡,16
漯河,烟台,10
信阳,烟台,14
信阳,济宁,14
信阳,赣州,10
信阳,淮安,4
广州,连云港,22
南宁,沈阳,13
南宁,哈尔滨,14
南宁,济南,23
南宁,南昌,21
柳州,南京,3
柳州,苏州,3
柳州,天津,3
贵阳,大理州,6
贵阳,临沂,4
贵阳,漯河,4
南充,石家庄,10
南充,重庆,18
南充,郑州,12
南充,东莞,11
南充,厦门,7
成都,扬州,10
大理州,武汉,5
西安,廊坊,10
西安,烟台,13
西安,临沂,10
西安,赣州,24
西安,荆州,8
西安,襄阳,15
深圳,湛江,94
乌鲁木齐,阿克苏,32
大连,哈尔滨,35
上海,太原,90
上海,常州,68
上海,芜湖,34
上海,青岛,114
上海,南宁,92
上海,兰州,99
上海,乌鲁木齐,112
上海,阿克苏,18
烟台,福州,10
烟台,汕头,7
烟台,湛江,4
义乌,青岛,511
义乌,厦门,387
义乌,汕头,383
义乌,湛江,233
义乌,南宁,445
义乌,昆明,350
赣州,石家庄,11
赣州,合肥,6
赣州,信阳,6
赣州,贵阳,10
襄阳,锦州,5
洛阳,阿克苏,5
深圳,济南,138
深圳,洛阳,45
深圳,柳州,66
深圳,昆明,144
深圳,兰州,60
南宁,蚌埠,8
南宁,洛阳,6
南充,信阳,7
西安,阿克苏,20
兰州,厦门,5
银川,锦州,3
银川,银川,37
呼和浩特,常州,2
呼和浩特,连云港,1
呼和浩特,济宁,2
呼和浩特,临沂,3
呼和浩特,柳州,2
呼和浩特,内江,1
呼和浩特,大理州,2
包头,侯马,1
包头,大连,1
包头,锦州,1
包头,长春,2
包头,盐城,1
包头,安庆,1
包头,临沂,1
包头,湖州,1
包头,义乌,1
包头,南昌,1
包头,重庆,1
包头,荆州,1
包头,深圳,1
包头,昆明,1
包头,西宁,1
太原,淮安,1
太原,潍坊,5
太原,烟台,5
太原,鹰潭,1
太原,泉州,3
太原,常德,2
太原,衡阳,2
太原,中山,4
侯马,北京,7
侯马,哈尔滨,3
侯马,无锡,1
侯马,烟台,1
侯马,宁波,2
侯马,广州,6
侯马,深圳,3
侯马,昆明,2
侯马,西安,5
侯马,拉萨,1
唐山,包头,2
唐山,襄阳,2
唐山,湛江,2
唐山,西宁,1
北京,盐城,9
北京,湖州,5
北京,荆州,4
北京,内江,3
大连,南京,5
大连,苏州,5
大连,临沂,3
大连,长沙,7
大连,深圳,8
大连,内江,1
锦州,湖州,1
锦州,厦门,1
锦州,常德,1
锦州,漯河,1
锦州,柳州,1
哈尔滨,赣州,3
上海,大连,47
上海,苏州,141
上海,扬州,26
上海,西宁,19
连云港,喀什,1
连云港,拉萨,3
盐城,宝鸡,5
济南,喀什,4
潍坊,喀什,1
烟台,潍坊,8
烟台,温州,6
烟台,衡阳,4
烟台,柳州,2
烟台,阿克苏,1
青岛,阿克苏,3
青岛,喀什,1
济宁,盐城,5
济宁,赣州,5
济宁,西宁,1
济宁,拉萨,1
临沂,连云港,6
临沂,内江,2
临沂,拉萨,3
湖州,拉萨,12
义乌,唐山,154
义乌,盐城,174
义乌,衡阳,270
义乌,深圳,576
鹰潭,湖州,3
赣州,唐山,3
赣州,沈阳,11
赣州,常州,3
赣州,潍坊,3
赣州,宁波,4
赣州,长沙,10
赣州,昆明,9
赣州,乌鲁木齐,3
厦门,内江,3
厦门,拉萨,3
重庆,喀什,1
常德,大理州,3
常德,西宁,1
常德,喀什,1
衡阳,潍坊,7
衡阳,义乌,5
荆州,大连,5
荆州,济宁,5
荆州,常德,7
荆州,银川,6
荆州,喀什,1
襄阳,连云港,3
襄阳,内江,2
襄阳,宝鸡,2
襄阳,乌鲁木齐,4
襄阳,阿克苏,1
漯河,荆州,4
信阳,喀什,1
深圳,大连,24
深圳,扬州,28
深圳,安庆,29
深圳,潍坊,27
深圳,常德,55
深圳,喀什,8
东莞,上海,158
东莞,南通,35
东莞,临沂,46
东莞,嘉兴,36
东莞,义乌,15
东莞,宝鸡,12
东莞,阿克苏,21
湛江,包头,2
湛江,喀什,1
南宁,淮安,2
南宁,义乌,3
南宁,鹰潭,3
南宁,银川,3
南宁,阿克苏,1
柳州,临沂,1
柳州,义乌,1
柳州,泉州,2
柳州,常德,1
柳州,襄阳,1
柳州,银川,1
柳州,拉萨,1
贵阳,济宁,3
贵阳,乌鲁木齐,3
贵阳,拉萨,2
海口,侯马,2
海口,徐州,3
海口,湛江,3
南充,包头,2
南充,廊坊,2
南充,南通,3
南充,台州,3
南充,义乌,2
南充,鹰潭,2
南充,洛阳,4
内江,呼和浩特,2
内江,太原,3
内江,石家庄,2
内江,大连,1
内江,上海,4
内江,无锡,1
内江,苏州,2
内江,扬州,1
内江,南通,1
内江,蚌埠,1
内江,济南,4
内江,金华,2
内江,厦门,2
内江,兰州,2
内江,喀什,1
昆明,鹰潭,4
昆明,喀什,1
大理州,保定,2
大理州,连云港,1
大理州,临沂,1
大理州,嘉兴,2
大理州,湛江,1
大理州,南宁,3
大理州,银川,1
大理州,拉萨,1
宝鸡,太原,2
宝鸡,哈尔滨,2
宝鸡,南京,2
宝鸡,常州,1
宝鸡,杭州,2
宝鸡,泉州,1
宝鸡,重庆,2
宝鸡,贵阳,1
宝鸡,大理州,1
宝鸡,西宁,1
兰州,太原,4
兰州,南通,2
兰州,济南,7
兰州,义乌,1
兰州,南昌,5
兰州,郑州,6
兰州,信阳,2
兰州,内江,1
银川,长春,5
银川,徐州,2
银川,连云港,1
银川,济南,6
银川,天津,5
银川,温州,3
银川,南昌,4
银川,长沙,8
银川,武汉,6
银川,荆州,1
银川,漯河,2
银川,信阳,2
银川,成都,10
银川,西宁,2
银川,拉萨,1
西宁,包头,1
西宁,廊坊,1
西宁,南京,1
西宁,合肥,1
西宁,蚌埠,1
西宁,安庆,1
西宁,天津,2
西宁,杭州,2
西宁,衡阳,1
西宁,信阳,1
西宁,洛阳,1
西宁,柳州,1
西宁,贵阳,1
西宁,阿克苏,1
西宁,喀什,1
西宁,拉萨,2
乌鲁木齐,保定,3
乌鲁木齐,南京,3
乌鲁木齐,烟台,1
乌鲁木齐,杭州,5
乌鲁木齐,湖州,1
乌鲁木齐,宁波,2
乌鲁木齐,赣州,1
乌鲁木齐,湛江,1
乌鲁木齐,中山,2
乌鲁木齐,拉萨,1
阿克苏,石家庄,1
阿克苏,唐山,1
阿克苏,南京,1
阿克苏,盐城,1
阿克苏,天津,1
阿克苏,杭州,1
阿克苏,湖州,1
阿克苏,金华,1
阿克苏,长沙,2
阿克苏,常德,1
阿克苏,漯河,1
阿克苏,深圳,1
阿克苏,湛江,1
喀什,廊坊,1
喀什,保定,1
喀什,北京,1
喀什,锦州,1
喀什,哈尔滨,1
喀什,南京,1
喀什,连云港,1
喀什,淮安,1
喀什,安庆,1
喀什,宁波,1
喀什,赣州,1
喀什,长沙,2
喀什,武汉,1
喀什,广州,1
喀什,昆明,1
喀什,乌鲁木齐,1
拉萨,沈阳,1
拉萨,大连,1
拉萨,哈尔滨,1
拉萨,上海,1
拉萨,烟台,1
拉萨,济宁,1
拉萨,临沂,1
拉萨,杭州,1
拉萨,武汉,1
石家庄,保定,132
唐山,保定,26
南京,无锡,179
扬州,苏州,81
无锡,扬州,49
无锡,南通,73
连云港,徐州,67
淮安,南通,35
徐州,淮安,33
常州,扬州,49
杭州,杭州,315
台州,杭州,424
台州,湖州,75
金华,宁波,527
温州,宁波,268
温州,湖州,70
福州,泉州,85
汕头,广州,281
昆明,大理州,117
昆明,昆明,159
石家庄,石家庄,256
石家庄,青岛,146
石家庄,漯河,113
石家庄,福州,140
石家庄,柳州,62
石家庄,昆明,137
石家庄,安庆,41
石家庄,鹰潭,24
石家庄,海口,86
廊坊,太原,40
廊坊,青岛,29
廊坊,银川,23
保定,成都,146
保定,西安,134
保定,锦州,20
保定,南京,37
保定,徐州,38
保定,洛阳,47
保定,南宁,53
北京,成都,80
沈阳,哈尔滨,320
沈阳,侯马,48
沈阳,济南,148
长春,石家庄,33
长春,合肥,14
南京,石家庄,153
南京,芜湖,73
南京,柳州,56
南京,贵阳,155
南京,兰州,96
常州,郑州,271
常州,广州,394
无锡,锦州,24
无锡,西安,134
无锡,兰州,57
常州,南宁,156
苏州,锦州,32
苏州,天津,122
苏州,信阳,68
苏州,柳州,46
苏州,拉萨,26
徐州,信阳,126
徐州,漯河,112
徐州,中山,134
徐州,锦州,49
徐州,福州,171
徐州,武汉,286
徐州,西安,298
连云港,呼和浩特,36
连云港,哈尔滨,69
连云港,锦州,19
连云港,长春,68
连云港,武汉,80
连云港,洛阳,30
徐州,昆明,141
盐城,石家庄,49
盐城,北京,57
盐城,信阳,50
盐城,南宁,41
盐城,金华,34
扬州,呼和浩特,40
扬州,武汉,75
扬州,西安,79
常州,长沙,196
常州,乌鲁木齐,65
南通,沈阳,65
南通,长春,43
南通,安庆,21
南通,柳州,21
合肥,湛江,71
合肥,南宁,210
安庆,长春,127
安庆,长沙,148
蚌埠,济南,252
蚌埠,中山,110
蚌埠,北京,137
蚌埠,杭州,118
蚌埠,福州,135
芜湖,哈尔滨,44
芜湖,广州,149
芜湖,贵阳,64
济南,西安,386
潍坊,呼和浩特,30
临沂,广州,63
天津,青岛,45
杭州,哈尔滨,488
杭州,长春,381
杭州,常州,253
杭州,鹰潭,84
杭州,福州,457
杭州,长沙,613
杭州,昆明,397
湖州,呼和浩特,61
湖州,长沙,210
湖州,洛阳,69
湖州,昆明,302
嘉兴,天津,106
嘉兴,武汉,215
嘉兴,郑州,171
嘉兴,广州,317
嘉兴,湛江,41
嘉兴,柳州,46
宁波,安庆,46
宁波,漯河,111
宁波,成都,283
台州,侯马,109
台州,北京,205
台州,鹰潭,53
台州,兰州,137
金华,呼和浩特,208
金华,太原,387
金华,衡阳,184
金华,中山,331
金华,汕头,275
金华,湛江,174
金华,南宁,465
金华,乌鲁木齐,224
温州,青岛,145
温州,福州,267
温州,漯河,110
温州,兰州,101
南昌,沈阳,169
南昌,合肥,125
南昌,兰州,115
鹰潭,济南,35
鹰潭,信阳,16
鹰潭,广州,54
福州,武汉,136
福州,贵阳,83
泉州,广州,322
泉州,天津,42
泉州,青岛,37
泉州,阿克苏,21
厦门,杭州,54
重庆,金华,21
重庆,福州,47
重庆,柳州,27
长沙,呼和浩特,132
长沙,太原,131
长沙,济南,242
长沙,武汉,324
长沙,漯河,106
长沙,信阳,121
长沙,南充,98
长沙,西安,310
长沙,乌鲁木齐,111
衡阳,郑州,36
武汉,南昌,212
武汉,沈阳,203
武汉,徐州,86
武汉,西安,253
襄阳,常州,13
襄阳,广州,60
襄阳,中山,19
郑州,青岛,178
郑州,厦门,117
郑州,汕头,135
郑州,锦州,66
郑州,太原,243
洛阳,石家庄,125
洛阳,福州,69
洛阳,湛江,32
洛阳,银川,51
漯河,郑州,74
信阳,银川,21
广州,厦门,221
广州,成都,389
广州,兰州,146
汕头,常州,16
汕头,合肥,26
汕头,贵阳,69
汕头,成都,96
汕头,阿克苏,16
湛江,天津,13
广州,沈阳,176
中山,中山,85
成都,杭州,63
石家庄,上海,245
石家庄,常德,43
石家庄,烟台,60
石家庄,衡阳,65
石家庄,赣州,43
石家庄,荆州,21
石家庄,内江,14
天津,廊坊,15
天津,徐州,18
天津,南通,9
天津,衡阳,9
天津,银川,15
唐山,无锡,4
唐山,南充,4
北京,无锡,17
北京,南通,13
北京,宁波,21
北京,乌鲁木齐,21
廊坊,蚌埠,14
廊坊,襄阳,10
廊坊,宁波,12
廊坊,鹰潭,6
廊坊,荆州,4
保定,宁波,28
保定,长沙,83
保定,连云港,13
保定,芜湖,17
保定,潍坊,37
保定,泉州,21
保定,鹰潭,10
北京,温州,16
北京,中山,20
北京,拉萨,7
沈阳,保定,62
沈阳,重庆,38
沈阳,盐城,18
沈阳,南通,29
沈阳,临沂,41
沈阳,台州,24
沈阳,温州,39
沈阳,福州,47
沈阳,西宁,15
长春,太原,29
长春,沈阳,102
长春,上海,26
长春,宁波,10
长春,成都,23
长春,南充,5
长春,昆明,18
哈尔滨,太原,31
哈尔滨,上海,49
哈尔滨,苏州,22
哈尔滨,徐州,14
哈尔滨,青岛,42
南京,包头,25
南京,唐山,41
南京,烟台,41
南京,鹰潭,23
南京,内江,13
扬州,南通,29
扬州,金华,26
淮安,哈尔滨,20
淮安,中山,17
淮安,昆明,18
常州,烟台,54
常州,济宁,74
常州,温州,84
常州,常德,37
无锡,唐山,26
无锡,大连,34
无锡,潍坊,31
无锡,嘉兴,40
无锡,赣州,16
无锡,常德,18
无锡,包头,16
无锡,喀什,3
常州,安庆,48
苏州,义乌,26
苏州,泉州,52
苏州,深圳,115
苏州,烟台,37
苏州,衡阳,47
苏州,内江,9
徐州,温州,82
徐州,廊坊,39
徐州,湖州,34
连云港,嘉兴,17
连云港,泉州,24
连云港,衡阳,18
连云港,深圳,63
淮安,扬州,19
淮安,海口,16
盐城,长春,34
盐城,安庆,18
盐城,烟台,27
盐城,嘉兴,25
盐城,鹰潭,9
盐城,襄阳,14
盐城,昆明,34
盐城,包头,7
常州,荆州,19
常州,阿克苏,15
南通,临沂,21
南通,台州,28
合肥,廊坊,45
合肥,上海,465
安庆,扬州,25
安庆,潍坊,43
安庆,嘉兴,47
安庆,内江,10
安庆,乌鲁木齐,18
蚌埠,安庆,42
蚌埠,温州,63
蚌埠,乌鲁木齐,26
蚌埠,内江,12
芜湖,济南,95
芜湖,青岛,49
芜湖,南宁,74
芜湖,成都,107
芜湖,蚌埠,44
芜湖,潍坊,20
芜湖,柳州,31
济南,廊坊,47
济南,南京,126
济南,无锡,63
济南,烟台,113
济南,南充,74
潍坊,包头,8
潍坊,侯马,13
潍坊,南京,19
潍坊,福州,18
潍坊,重庆,18
潍坊,芜湖,7
青岛,北京,107
青岛,苏州,27
青岛,青岛,32
青岛,临沂,19
青岛,乌鲁木齐,17
青岛,汕头,16
济宁,太原,27
济宁,沈阳,40
济宁,嘉兴,7
济宁,厦门,14
济宁,信阳,16
临沂,武汉,39
临沂,东莞,18
济宁,保定,11
济南,台州,45
临沂,芜湖,9
临沂,赣州,8
临沂,湛江,11
杭州,苏州,491
杭州,常德,118
湖州,苏州,113
湖州,南通,47
湖州,蚌埠,109
湖州,常德,52
湖州,深圳,121
湖州,大理州,77
嘉兴,廊坊,20
嘉兴,淮安,21
嘉兴,喀什,7
宁波,潍坊,63
宁波,济宁,54
宁波,泉州,92
台州,包头,26
台州,保定,80
台州,盐城,76
台州,临沂,99
台州,荆州,33
台州,东莞,230
台州,海口,116
台州,宝鸡,26
金华,连云港,110
金华,泉州,227
金华,荆州,52
温州,廊坊,34
温州,包头,20
温州,东莞,153
南昌,太原,130
南昌,上海,248
南昌,苏州,120
南昌,金华,70
南昌,常州,61
南昌,西宁,24
鹰潭,太原,20
鹰潭,北京,44
鹰潭,沈阳,27
鹰潭,大连,7
鹰潭,南京,13
鹰潭,金华,10
福州,上海,128
福州,徐州,48
福州,重庆,72
福州,沈阳,103
福州,大连,26
福州,嘉兴,29
福州,盐城,18
厦门,沈阳,31
厦门,哈尔滨,30
厦门,天津,33
厦门,泉州,56
厦门,深圳,66
泉州,临沂,17
泉州,盐城,12
泉州,扬州,10
泉州,银川,17
泉州,拉萨,15
厦门,常州,22
厦门,温州,27
重庆,苏州,34
重庆,东莞,37
重庆,淮安,6
重庆,济宁,10
重庆,临沂,10
长沙,包头,37
长沙,苏州,144
长沙,烟台,40
长沙,深圳,285
长沙,东莞,210
常德,上海,50
常德,南通,6
常德,重庆,15
衡阳,呼和浩特,16
衡阳,长沙,76
衡阳,中山,31
衡阳,海口,19
衡阳,成都,48
衡阳,西安,39
衡阳,兰州,13
衡阳,银川,9
衡阳,侯马,15
衡阳,杭州,31
衡阳,信阳,17
衡阳,湛江,13
衡阳,宁波,15
衡阳,温州,14
武汉,无锡,62
武汉,芜湖,52
武汉,安庆,48
武汉,泉州,81
武汉,潍坊,48
武汉,义乌,23
荆州,哈尔滨,19
荆州,青岛,16
荆州,南昌,24
荆州,西安,31
荆州,深圳,31
荆州,金华,12
荆州,台州,7
襄阳,北京,52
襄阳,苏州,22
襄阳,南通,6
襄阳,青岛,14
襄阳,赣州,6
襄阳,厦门,13
襄阳,常德,5
襄阳,海口,11
郑州,东莞,144
郑州,大连,69
郑州,泉州,83
洛阳,内江,9
漯河,沈阳,55
漯河,福州,36
漯河,重庆,37
漯河,常德,13
漯河,南宁,46
漯河,柳州,21
漯河,蚌埠,16
漯河,海口,15
漯河,金华,15
漯河,赣州,12
信阳,北京,101
信阳,南宁,44
信阳,南京,26
信阳,泉州,15
信阳,昆明,26
洛阳,乌鲁木齐,21
广州,北京,320
广州,杭州,155
广州,银川,61
汕头,廊坊,10
汕头,潍坊,14
汕头,嘉兴,10
汕头,赣州,19
汕头,重庆,45
汕头,常德,23
汕头,宝鸡,5
汕头,银川,15
汕头,深圳,85
湛江,温州,9
湛江,衡阳,9
湛江,兰州,10
湛江,徐州,8
湛江,烟台,4
中山,泉州,31
中山,海口,38
中山,南昌,55
中山,成都,97
中山,唐山,16
中山,徐州,29
中山,南通,15
中山,台州,16
贵阳,南京,9
贵阳,常州,5
贵阳,徐州,6
贵阳,青岛,7
海口,贵阳,6
成都,呼和浩特,73
成都,常州,27
成都,宁波,35
成都,义乌,10
成都,赣州,16
成都,厦门,34
昆明,太原,17
昆明,上海,57
昆明,南充,15
昆明,银川,9
昆明,无锡,10
昆明,合肥,14
昆明,蚌埠,7
昆明,洛阳,8
昆明,拉萨,5
西安,北京,136
西安,沈阳,74
西安,哈尔滨,62
西安,济南,68
西安,长沙,106
西安,贵阳,64
西安,徐州,26
西安,信阳,34
西安,银川,46
太原,太原,40
太原,北京,46
厦门,锦州,8
南宁,贵阳,35
呼和浩特,包头,23
呼和浩特,侯马,5
呼和浩特,上海,10
呼和浩特,深圳,7
呼和浩特,西安,14
呼和浩特,重庆,7
锦州,石家庄,4
锦州,大连,4
太原,侯马,17
太原,哈尔滨,15
天津,西宁,5
哈尔滨,扬州,5
哈尔滨,芜湖,6
哈尔滨,安庆,6
哈尔滨,台州,8
哈尔滨,金华,10
哈尔滨,衡阳,7
合肥,拉萨,10
济南,扬州,28
济南,赣州,34
青岛,扬州,6
青岛,嘉兴,10
鹰潭,常德,6
福州,连云港,13
福州,内江,6
厦门,包头,6
厦门,唐山,9
厦门,大理州,6
衡阳,常德,12
信阳,大连,13
信阳,扬州,7
信阳,嘉兴,12
广州,扬州,23
中山,乌鲁木齐,41
汕头,包头,5
南宁,青岛,10
南宁,温州,10
南宁,长沙,38
南宁,柳州,43
南宁,兰州,5
柳州,合肥,3
柳州,济南,5
柳州,长沙,7
柳州,郑州,4
柳州,深圳,10
柳州,柳州,18
柳州,贵阳,7
贵阳,盐城,3
贵阳,潍坊,4
贵阳,嘉兴,5
贵阳,襄阳,4
贵阳,洛阳,4
南充,天津,11
南充,长沙,17
南充,深圳,15
南充,兰州,8
南充,呼和浩特,5
成都,连云港,9
大理州,石家庄,4
大理州,苏州,4
西安,大连,23
西安,盐城,14
西安,湖州,13
西安,台州,23
深圳,广州,855
深圳,汕头,122
东莞,汕头,141
东莞,湛江,92
包头,太原,5
太原,汕头,5
太原,贵阳,7
大连,侯马,4
哈尔滨,襄阳,5
上海,呼和浩特,102
上海,银川,65
上海,哈尔滨,119
上海,侯马,45
上海,徐州,65
上海,福州,141
上海,汕头,52
上海,海口,80
上海,西安,156
济宁,湛江,7
济宁,南宁,9
义乌,锦州,94
义乌,长春,405
义乌,徐州,442
义乌,合肥,543
义乌,长沙,854
义乌,武汉,910
鹰潭,鹰潭,3
赣州,济南,15
赣州,南昌,12
赣州,福州,8
荆州,芜湖,7
深圳,侯马,51
深圳,长春,81
深圳,南昌,121
深圳,长沙,261
深圳,成都,252
深圳,乌鲁木齐,116
东莞,蚌埠,50
东莞,厦门,98
东莞,郑州,165
东莞,南宁,201
东莞,乌鲁木齐,94
南充,徐州,5
银川,呼和浩特,10
呼和浩特,宝鸡,1
包头,淮安,1
包头,杭州,1
包头,南充,1
太原,南通,2
太原,临沂,4
太原,嘉兴,2
太原,赣州,2
太原,重庆,6
太原,南充,3
太原,大理州,2
侯马,唐山,1
侯马,保定,2
侯马,锦州,1
侯马,上海,4
侯马,连云港,1
侯马,扬州,1
侯马,蚌埠,1
侯马,芜湖,1
侯马,潍坊,1
侯马,天津,4
侯马,福州,2
侯马,衡阳,1
侯马,洛阳,2
侯马,中山,2
侯马,海口,1
侯马,成都,4
侯马,南充,1
侯马,喀什,1
唐山,盐城,2
唐山,济宁,3
唐山,宝鸡,1
唐山,阿克苏,1
廊坊,拉萨,5
北京,潍坊,14
大连,淮安,1
大连,南通,2
大连,烟台,4
大连,温州,4
大连,鹰潭,1
大连,衡阳,2
大连,洛阳,4
大连,南宁,6
大连,昆明,7
大连,乌鲁木齐,3
大连,阿克苏,1
锦州,廊坊,2
锦州,保定,2
锦州,锦州,2
锦州,苏州,2
锦州,烟台,2
锦州,济宁,1
锦州,金华,1
锦州,深圳,2
锦州,湛江,1
锦州,南宁,2
锦州,海口,1
锦州,宝鸡,1
锦州,兰州,2
长春,淮安,2
长春,鹰潭,2
长春,内江,1
长春,阿克苏,2
长春,喀什,1
上海,保定,28
上海,连云港,20
上海,湖州,23
上海,义乌,16
淮安,喀什,2
盐城,内江,3
扬州,义乌,10
扬州,拉萨,5
芜湖,淮安,5
安庆,喀什,2
潍坊,扬州,4
潍坊,湖州,4
潍坊,鹰潭,3
烟台,唐山,4
烟台,廊坊,3
烟台,淮安,2
烟台,盐城,3
烟台,湖州,3
烟台,嘉兴,5
烟台,义乌,2
烟台,常德,3
烟台,襄阳,3
烟台,大理州,1
烟台,拉萨,1
青岛,西宁,2
济宁,台州,6
济宁,鹰潭,3
济宁,大理州,2
临沂,扬州,5
临沂,义乌,3
临沂,荆州,3
临沂,海口,4
临沂,宝鸡,4
临沂,西宁,3
临沂,喀什,1
天津,喀什,1
义乌,廊坊,100
义乌,保定,195
义乌,大理州,84
鹰潭,内江,2
鹰潭,宝鸡,3
鹰潭,西宁,3
赣州,太原,9
赣州,保定,3
赣州,大连,2
赣州,无锡,3
赣州,徐州,4
赣州,扬州,2
赣州,南通,2
赣州,安庆,2
赣州,青岛,6
赣州,襄阳,2
赣州,深圳,10
常德,大连,2
常德,芜湖,3
常德,赣州,3
常德,内江,1
常德,银川,3
衡阳,内江,2
衡阳,宝鸡,3
荆州,廊坊,4
荆州,连云港,3
荆州,阿克苏,2
襄阳,喀什,1
深圳,苏州,129
深圳,南通,45
深圳,济宁,28
深圳,西宁,29
东莞,保定,42
东莞,常德,38
湛江,拉萨,1
南宁,廊坊,3
南宁,荆州,2
南宁,乌鲁木齐,4
柳州,呼和浩特,1
柳州,唐山,1
柳州,保定,1
柳州,大连,1
柳州,锦州,1
柳州,潍坊,1
柳州,宝鸡,1
贵阳,呼和浩特,3
贵阳,喀什,1
海口,太原,4
海口,廊坊,1
海口,盐城,1
海口,嘉兴,2
海口,赣州,2
海口,荆州,1
海口,襄阳,1
海口,兰州,2
海口,乌鲁木齐,2
南充,保定,3
南充,大连,4
南充,扬州,2
南充,临沂,3
南充,银川,3
南充,乌鲁木齐,3
内江,唐山,1
内江,沈阳,2
内江,湖州,1
内江,南昌,3
内江,成都,12
内江,南充,2
昆明,荆州,3
大理州,呼和浩特,2
大理州,包头,1
大理州,锦州,2
大理州,常州,2
大理州,盐城,1
大理州,蚌埠,2
大理州,台州,1
大理州,赣州,1
大理州,厦门,2
宝鸡,包头,1
宝鸡,北京,5
宝鸡,连云港,1
宝鸡,淮安,1
宝鸡,天津,2
宝鸡,福州,2
宝鸡,荆州,1
宝鸡,汕头,2
宝鸡,东莞,2
宝鸡,中山,2
宝鸡,南宁,2
宝鸡,成都,3
宝鸡,兰州,2
兰州,北京,15
兰州,沈阳,11
兰州,泉州,3
兰州,长沙,8
兰州,东莞,5
兰州,喀什,2
银川,保定,2
银川,北京,11
银川,合肥,4
银川,安庆,2
银川,湖州,1
银川,湛江,2
银川,中山,3
银川,贵阳,4
银川,海口,4
西宁,唐山,1
西宁,沈阳,2
西宁,哈尔滨,1
西宁,无锡,1
西宁,淮安,1
西宁,南通,1
西宁,潍坊,1
西宁,湖州,1
西宁,嘉兴,1
西宁,义乌,1
西宁,南昌,1
西宁,泉州,1
西宁,广州,3
西宁,大理州,1
西宁,兰州,6
西宁,乌鲁木齐,2
乌鲁木齐,哈尔滨,3
乌鲁木齐,无锡,1
乌鲁木齐,苏州,3
乌鲁木齐,淮安,1
乌鲁木齐,潍坊,1
乌鲁木齐,金华,2
乌鲁木齐,温州,2
乌鲁木齐,厦门,2
乌鲁木齐,泉州,2
乌鲁木齐,襄阳,1
阿克苏,呼和浩特,1
阿克苏,锦州,1
阿克苏,常州,1
阿克苏,徐州,1
阿克苏,连云港,1
阿克苏,南通,1
阿克苏,芜湖,1
阿克苏,临沂,1
阿克苏,襄阳,1
阿克苏,信阳,1
阿克苏,汕头,1
阿克苏,南充,1
阿克苏,兰州,1
阿克苏,喀什,1
喀什,合肥,1
喀什,天津,1
喀什,嘉兴,1
喀什,义乌,1
喀什,鹰潭,1
喀什,泉州,1
拉萨,呼和浩特,1
拉萨,包头,1
拉萨,淮安,1
拉萨,盐城,1
拉萨,南通,1
拉萨,安庆,1
拉萨,济南,1
拉萨,嘉兴,1
拉萨,南昌,1
拉萨,常德,1
拉萨,贵阳,1
拉萨,成都,2
拉萨,喀什,1
拉萨,拉萨,2
义乌,东莞,460
