收寄城市,寄达城市,运量（重量）
北京,北京,0.0
北京,天津,8838.901600000001
北京,石家庄,5717.9394
北京,唐山,3815.2082
北京,廊坊,3187.0138
北京,保定,5921.0254
北京,太原,4923.835
北京,侯马,7268.461400000001
北京,呼和浩特,14238.3146
北京,包头,0.0
北京,沈阳,13461.314400000001
北京,大连,41555.7456
北京,锦州,27966.456000000002
北京,长春,12529.9822
北京,哈尔滨,14411.729200000002
北京,上海,7802.440200000001
北京,南京,8249.0658
北京,常州,0.0
北京,无锡,0.0
北京,苏州,0.0
北京,徐州,15787.245
北京,连云港,0.0
北京,淮安,0.0
北京,盐城,0.0
北京,扬州,0.0
北京,南通,0.0
北京,杭州,2879.9886
北京,湖州,0.0
北京,嘉兴,0.0
北京,宁波,0.0
北京,台州,0.0
北京,金华,0.0
北京,义乌,0.0
北京,温州,0.0
北京,合肥,0.0
北京,蚌埠,0.0
北京,芜湖,0.0
北京,安庆,0.0
北京,福州,5389.535800000001
北京,厦门,0.0
北京,泉州,0.0
北京,南昌,3644.3596000000002
北京,鹰潭,0.0
北京,赣州,0.0
北京,济南,11311.9372
北京,潍坊,0.0
北京,烟台,0.0
北京,青岛,16482.5422
北京,济宁,0.0
北京,临沂,0.0
北京,郑州,11948.092400000001
北京,漯河,0.0
北京,信阳,0.0
北京,洛阳,0.0
北京,武汉,10029.1074
北京,荆州,0.0
北京,襄阳,0.0
北京,长沙,8311.4308
北京,常德,0.0
北京,衡阳,0.0
北京,广州,9794.0542
北京,汕头,0.0
北京,深圳,0.0
北京,东莞,0.0
北京,湛江,0.0
北京,中山,0.0
北京,南宁,0.0
北京,柳州,0.0
北京,海口,0.0
北京,重庆,5087.379800000001
北京,成都,6361.1976
北京,南充,0.0
北京,内江,0.0
北京,贵阳,7733.8994
北京,昆明,0.0
北京,大理州,0.0
北京,拉萨,0.0
北京,西安,10505.860600000002
北京,宝鸡,0.0
北京,兰州,10446.069000000001
北京,西宁,4455.6376
北京,银川,9343.2312
北京,乌鲁木齐,0.0
北京,阿克苏,0.0
北京,喀什,0.0
天津,北京,19612.6256
天津,天津,0.0
天津,石家庄,13188.745600000002
天津,唐山,63992.584200000005
天津,廊坊,4621.547600000001
天津,保定,0.0
天津,太原,9647.474800000002
天津,侯马,0.0
天津,呼和浩特,7479.895
天津,包头,0.0
天津,沈阳,25053.5184
天津,大连,0.0
天津,锦州,0.0
天津,长春,21026.722999999998
天津,哈尔滨,79767.30920000002
天津,上海,20053.8786
天津,南京,16237.9366
天津,常州,0.0
天津,无锡,0.0
天津,苏州,0.0
天津,徐州,0.0
天津,连云港,0.0
天津,淮安,0.0
天津,盐城,0.0
天津,扬州,0.0
天津,南通,0.0
天津,杭州,4507.5378
天津,湖州,0.0
天津,嘉兴,0.0
天津,宁波,0.0
天津,台州,0.0
天津,金华,0.0
天津,义乌,0.0
天津,温州,0.0
天津,合肥,0.0
天津,蚌埠,0.0
天津,芜湖,0.0
天津,安庆,0.0
天津,福州,0.0
天津,厦门,0.0
天津,泉州,0.0
天津,南昌,8265.513
天津,鹰潭,0.0
天津,赣州,0.0
天津,济南,35566.3608
天津,潍坊,0.0
天津,烟台,0.0
天津,青岛,0.0
天津,济宁,0.0
天津,临沂,0.0
天津,郑州,15569.412600000001
天津,漯河,0.0
天津,信阳,0.0
天津,洛阳,0.0
天津,武汉,10442.9626
天津,荆州,0.0
天津,襄阳,0.0
天津,长沙,8455.630200000001
天津,常德,0.0
天津,衡阳,0.0
天津,广州,15082.534200000002
天津,汕头,0.0
天津,深圳,0.0
天津,东莞,0.0
天津,湛江,0.0
天津,中山,0.0
天津,南宁,0.0
天津,柳州,0.0
天津,海口,0.0
天津,重庆,0.0
天津,成都,0.0
天津,南充,0.0
天津,内江,0.0
天津,贵阳,0.0
天津,昆明,0.0
天津,大理州,0.0
天津,拉萨,0.0
天津,西安,18559.5236
天津,宝鸡,0.0
天津,兰州,0.0
天津,西宁,0.0
天津,银川,0.0
天津,乌鲁木齐,0.0
天津,阿克苏,0.0
天津,喀什,0.0
石家庄,北京,27340.331600000005
石家庄,天津,11711.083000000002
石家庄,石家庄,0.0
石家庄,唐山,14648.3888
石家庄,廊坊,6326.332200000001
石家庄,保定,68723.92940000001
石家庄,太原,14296.157400000002
石家庄,侯马,0.0
石家庄,呼和浩特,12014.7538
石家庄,包头,0.0
石家庄,沈阳,12430.3246
石家庄,大连,0.0
石家庄,锦州,0.0
石家庄,长春,8566.826000000001
石家庄,哈尔滨,11163.872599999999
石家庄,上海,10742.7062
石家庄,南京,34210.596600000004
石家庄,常州,0.0
石家庄,无锡,0.0
石家庄,苏州,0.0
石家庄,徐州,0.0
石家庄,连云港,0.0
石家庄,淮安,0.0
石家庄,盐城,0.0
石家庄,扬州,0.0
石家庄,南通,0.0
石家庄,杭州,6209.439
石家庄,湖州,0.0
石家庄,嘉兴,0.0
石家庄,宁波,0.0
石家庄,台州,0.0
石家庄,金华,0.0
石家庄,义乌,0.0
石家庄,温州,0.0
石家庄,合肥,7218.470200000001
石家庄,蚌埠,3759.2272000000003
石家庄,芜湖,0.0
石家庄,安庆,0.0
石家庄,福州,14509.438000000002
石家庄,厦门,0.0
石家庄,泉州,0.0
石家庄,南昌,14425.9574
石家庄,鹰潭,0.0
石家庄,赣州,0.0
石家庄,济南,37544.1204
石家庄,潍坊,0.0
石家庄,烟台,0.0
石家庄,青岛,0.0
石家庄,济宁,0.0
石家庄,临沂,0.0
石家庄,郑州,30778.196200000002
石家庄,漯河,0.0
石家庄,信阳,0.0
石家庄,洛阳,0.0
石家庄,武汉,19169.2128
石家庄,荆州,0.0
石家庄,襄阳,0.0
石家庄,长沙,16292.903400000001
石家庄,常德,0.0
石家庄,衡阳,0.0
石家庄,广州,26634.7084
石家庄,汕头,0.0
石家庄,深圳,0.0
石家庄,东莞,0.0
石家庄,湛江,0.0
石家庄,中山,0.0
石家庄,南宁,8853.655400000001
石家庄,柳州,0.0
石家庄,海口,0.0
石家庄,重庆,19658.0622
石家庄,成都,16276.843
石家庄,南充,0.0
石家庄,内江,0.0
石家庄,贵阳,8916.2832
石家庄,昆明,0.0
石家庄,大理州,0.0
石家庄,拉萨,0.0
石家庄,西安,21926.712600000003
石家庄,宝鸡,0.0
石家庄,兰州,15725.5592
石家庄,西宁,0.0
石家庄,银川,0.0
石家庄,乌鲁木齐,0.0
石家庄,阿克苏,0.0
石家庄,喀什,0.0
唐山,北京,4850.162200000001
唐山,天津,12343.1574
唐山,石家庄,2661.8462
唐山,唐山,0.0
唐山,廊坊,493.33180000000004
唐山,保定,4244.204
唐山,太原,0.0
唐山,侯马,0.0
唐山,呼和浩特,0.0
唐山,包头,0.0
唐山,沈阳,0.0
唐山,大连,0.0
唐山,锦州,0.0
唐山,长春,0.0
唐山,哈尔滨,0.0
唐山,上海,0.0
唐山,南京,0.0
唐山,常州,0.0
唐山,无锡,0.0
唐山,苏州,0.0
唐山,徐州,0.0
唐山,连云港,0.0
唐山,淮安,0.0
唐山,盐城,0.0
唐山,扬州,0.0
唐山,南通,0.0
唐山,杭州,0.0
唐山,湖州,0.0
唐山,嘉兴,0.0
唐山,宁波,0.0
唐山,台州,0.0
唐山,金华,0.0
唐山,义乌,0.0
唐山,温州,0.0
唐山,合肥,0.0
唐山,蚌埠,0.0
唐山,芜湖,0.0
唐山,安庆,0.0
唐山,福州,0.0
唐山,厦门,0.0
唐山,泉州,0.0
唐山,南昌,0.0
唐山,鹰潭,0.0
唐山,赣州,0.0
唐山,济南,0.0
唐山,潍坊,0.0
唐山,烟台,0.0
唐山,青岛,0.0
唐山,济宁,0.0
唐山,临沂,0.0
唐山,郑州,0.0
唐山,漯河,0.0
唐山,信阳,0.0
唐山,洛阳,0.0
唐山,武汉,0.0
唐山,荆州,0.0
唐山,襄阳,0.0
唐山,长沙,0.0
唐山,常德,0.0
唐山,衡阳,0.0
唐山,广州,0.0
唐山,汕头,0.0
唐山,深圳,0.0
唐山,东莞,0.0
唐山,湛江,0.0
唐山,中山,0.0
唐山,南宁,0.0
唐山,柳州,0.0
唐山,海口,0.0
唐山,重庆,0.0
唐山,成都,0.0
唐山,南充,0.0
唐山,内江,0.0
唐山,贵阳,0.0
唐山,昆明,0.0
唐山,大理州,0.0
唐山,拉萨,0.0
唐山,西安,0.0
唐山,宝鸡,0.0
唐山,兰州,0.0
唐山,西宁,0.0
唐山,银川,0.0
唐山,乌鲁木齐,0.0
唐山,阿克苏,0.0
唐山,喀什,0.0
廊坊,北京,10508.6496
廊坊,天津,7968.704600000001
廊坊,石家庄,3288.7266
廊坊,唐山,572.144
廊坊,廊坊,0.0
廊坊,保定,6015.496400000001
廊坊,太原,4980.4804
廊坊,侯马,0.0
廊坊,呼和浩特,0.0
廊坊,包头,0.0
廊坊,沈阳,2203.1864
廊坊,大连,0.0
廊坊,锦州,0.0
廊坊,长春,0.0
廊坊,哈尔滨,2186.6078
廊坊,上海,0.0
廊坊,南京,0.0
廊坊,常州,0.0
廊坊,无锡,5792.685600000001
廊坊,苏州,0.0
廊坊,徐州,0.0
廊坊,连云港,0.0
廊坊,淮安,0.0
廊坊,盐城,0.0
廊坊,扬州,0.0
廊坊,南通,0.0
廊坊,杭州,2201.0146000000004
廊坊,湖州,0.0
廊坊,嘉兴,0.0
廊坊,宁波,0.0
廊坊,台州,0.0
廊坊,金华,0.0
廊坊,义乌,0.0
廊坊,温州,0.0
廊坊,合肥,0.0
廊坊,蚌埠,0.0
廊坊,芜湖,0.0
廊坊,安庆,0.0
廊坊,福州,0.0
廊坊,厦门,0.0
廊坊,泉州,0.0
廊坊,南昌,1848.3344000000002
廊坊,鹰潭,0.0
廊坊,赣州,0.0
廊坊,济南,6965.593800000001
廊坊,潍坊,0.0
廊坊,烟台,0.0
廊坊,青岛,0.0
廊坊,济宁,0.0
廊坊,临沂,0.0
廊坊,郑州,5099.3668
廊坊,漯河,0.0
廊坊,信阳,0.0
廊坊,洛阳,0.0
廊坊,武汉,3593.0544000000004
廊坊,荆州,0.0
廊坊,襄阳,0.0
廊坊,长沙,3006.8977999999997
廊坊,常德,0.0
廊坊,衡阳,0.0
廊坊,广州,4282.5626
廊坊,汕头,0.0
廊坊,深圳,0.0
廊坊,东莞,0.0
廊坊,湛江,0.0
廊坊,中山,0.0
廊坊,南宁,0.0
廊坊,柳州,0.0
廊坊,海口,0.0
廊坊,重庆,0.0
廊坊,成都,0.0
廊坊,南充,0.0
廊坊,内江,0.0
廊坊,贵阳,0.0
廊坊,昆明,0.0
廊坊,大理州,0.0
廊坊,拉萨,0.0
廊坊,西安,10028.728000000001
廊坊,宝鸡,0.0
廊坊,兰州,0.0
廊坊,西宁,0.0
廊坊,银川,0.0
廊坊,乌鲁木齐,0.0
廊坊,阿克苏,0.0
廊坊,喀什,0.0
保定,北京,19439.0916
保定,天津,0.0
保定,石家庄,13905.4036
保定,唐山,1667.2912000000001
保定,廊坊,5893.1464000000005
保定,保定,0.0
保定,太原,4278.9454000000005
保定,侯马,0.0
保定,呼和浩特,0.0
保定,包头,0.0
保定,沈阳,0.0
保定,大连,0.0
保定,锦州,0.0
保定,长春,0.0
保定,哈尔滨,0.0
保定,上海,3656.9342000000006
保定,南京,12164.501600000001
保定,常州,0.0
保定,无锡,0.0
保定,苏州,0.0
保定,徐州,0.0
保定,连云港,0.0
保定,淮安,0.0
保定,盐城,0.0
保定,扬州,0.0
保定,南通,0.0
保定,杭州,0.0
保定,湖州,0.0
保定,嘉兴,0.0
保定,宁波,0.0
保定,台州,0.0
保定,金华,0.0
保定,义乌,0.0
保定,温州,0.0
保定,合肥,0.0
保定,蚌埠,0.0
保定,芜湖,0.0
保定,安庆,0.0
保定,福州,0.0
保定,厦门,0.0
保定,泉州,0.0
保定,南昌,0.0
保定,鹰潭,0.0
保定,赣州,0.0
保定,济南,18095.272800000002
保定,潍坊,0.0
保定,烟台,0.0
保定,青岛,0.0
保定,济宁,0.0
保定,临沂,0.0
保定,郑州,28851.4808
保定,漯河,0.0
保定,信阳,0.0
保定,洛阳,0.0
保定,武汉,0.0
保定,荆州,0.0
保定,襄阳,0.0
保定,长沙,0.0
保定,常德,0.0
保定,衡阳,0.0
保定,广州,0.0
保定,汕头,0.0
保定,深圳,0.0
保定,东莞,0.0
保定,湛江,0.0
保定,中山,2864.8008
保定,南宁,0.0
保定,柳州,0.0
保定,海口,0.0
保定,重庆,0.0
保定,成都,6042.6786
保定,南充,0.0
保定,内江,0.0
保定,贵阳,0.0
保定,昆明,0.0
保定,大理州,0.0
保定,拉萨,0.0
保定,西安,15286.6538
保定,宝鸡,0.0
保定,兰州,0.0
保定,西宁,0.0
保定,银川,0.0
保定,乌鲁木齐,0.0
保定,阿克苏,0.0
保定,喀什,0.0
太原,北京,11072.2628
太原,天津,8781.7232
太原,石家庄,5573.7946
太原,唐山,0.0
太原,廊坊,0.0
太原,保定,0.0
太原,太原,0.0
太原,侯马,12309.992800000002
太原,呼和浩特,19403.6016
太原,包头,0.0
太原,沈阳,2894.4574000000002
太原,大连,0.0
太原,锦州,0.0
太原,长春,0.0
太原,哈尔滨,0.0
太原,上海,2269.9496000000004
太原,南京,5893.3176
太原,常州,0.0
太原,无锡,0.0
太原,苏州,0.0
太原,徐州,0.0
太原,连云港,0.0
太原,淮安,0.0
太原,盐城,0.0
太原,扬州,0.0
太原,南通,0.0
太原,杭州,1438.808
太原,湖州,0.0
太原,嘉兴,0.0
太原,宁波,0.0
太原,台州,0.0
太原,金华,0.0
太原,义乌,0.0
太原,温州,0.0
太原,合肥,2806.239
太原,蚌埠,0.0
太原,芜湖,0.0
太原,安庆,0.0
太原,福州,0.0
太原,厦门,0.0
太原,泉州,0.0
太原,南昌,2113.4458
太原,鹰潭,0.0
太原,赣州,0.0
太原,济南,8018.0786
太原,潍坊,0.0
太原,烟台,0.0
太原,青岛,0.0
太原,济宁,0.0
太原,临沂,0.0
太原,郑州,9417.152
太原,漯河,0.0
太原,信阳,0.0
太原,洛阳,0.0
太原,武汉,5906.936000000001
太原,荆州,0.0
太原,襄阳,0.0
太原,长沙,4131.1066
太原,常德,0.0
太原,衡阳,0.0
太原,广州,7455.1474
太原,汕头,0.0
太原,深圳,0.0
太原,东莞,0.0
太原,湛江,0.0
太原,中山,0.0
太原,南宁,0.0
太原,柳州,0.0
太原,海口,0.0
太原,重庆,2682.2974
太原,成都,1930.625
太原,南充,0.0
太原,内江,0.0
太原,贵阳,0.0
太原,昆明,0.0
太原,大理州,0.0
太原,拉萨,0.0
太原,西安,7302.3922
太原,宝鸡,0.0
太原,兰州,0.0
太原,西宁,0.0
太原,银川,0.0
太原,乌鲁木齐,0.0
太原,阿克苏,0.0
太原,喀什,0.0
侯马,北京,0.0
侯马,天津,0.0
侯马,石家庄,0.0
侯马,唐山,0.0
侯马,廊坊,0.0
侯马,保定,0.0
侯马,太原,8204.972800000001
侯马,侯马,0.0
侯马,呼和浩特,0.0
侯马,包头,0.0
侯马,沈阳,0.0
侯马,大连,0.0
侯马,锦州,0.0
侯马,长春,0.0
侯马,哈尔滨,0.0
侯马,上海,0.0
侯马,南京,0.0
侯马,常州,0.0
侯马,无锡,0.0
侯马,苏州,0.0
侯马,徐州,0.0
侯马,连云港,0.0
侯马,淮安,0.0
侯马,盐城,0.0
侯马,扬州,0.0
侯马,南通,0.0
侯马,杭州,0.0
侯马,湖州,0.0
侯马,嘉兴,0.0
侯马,宁波,0.0
侯马,台州,0.0
侯马,金华,0.0
侯马,义乌,0.0
侯马,温州,0.0
侯马,合肥,0.0
侯马,蚌埠,0.0
侯马,芜湖,0.0
侯马,安庆,0.0
侯马,福州,0.0
侯马,厦门,0.0
侯马,泉州,0.0
侯马,南昌,0.0
侯马,鹰潭,0.0
侯马,赣州,0.0
侯马,济南,0.0
侯马,潍坊,0.0
侯马,烟台,0.0
侯马,青岛,0.0
侯马,济宁,0.0
侯马,临沂,0.0
侯马,郑州,23256.174600000002
侯马,漯河,0.0
侯马,信阳,0.0
侯马,洛阳,0.0
侯马,武汉,0.0
侯马,荆州,0.0
侯马,襄阳,0.0
侯马,长沙,0.0
侯马,常德,0.0
侯马,衡阳,0.0
侯马,广州,0.0
侯马,汕头,0.0
侯马,深圳,0.0
侯马,东莞,0.0
侯马,湛江,0.0
侯马,中山,0.0
侯马,南宁,0.0
侯马,柳州,0.0
侯马,海口,0.0
侯马,重庆,0.0
侯马,成都,0.0
侯马,南充,0.0
侯马,内江,0.0
侯马,贵阳,0.0
侯马,昆明,0.0
侯马,大理州,0.0
侯马,拉萨,0.0
侯马,西安,5133.6844
侯马,宝鸡,0.0
侯马,兰州,0.0
侯马,西宁,0.0
侯马,银川,0.0
侯马,乌鲁木齐,0.0
侯马,阿克苏,0.0
侯马,喀什,0.0
呼和浩特,北京,11792.0448
呼和浩特,天津,0.0
呼和浩特,石家庄,2024.5704000000003
呼和浩特,唐山,0.0
呼和浩特,廊坊,0.0
呼和浩特,保定,0.0
呼和浩特,太原,7336.213800000001
呼和浩特,侯马,0.0
呼和浩特,呼和浩特,0.0
呼和浩特,包头,51410.6102
呼和浩特,沈阳,2089.5014
呼和浩特,大连,0.0
呼和浩特,锦州,0.0
呼和浩特,长春,0.0
呼和浩特,哈尔滨,0.0
呼和浩特,上海,0.0
呼和浩特,南京,4367.087
呼和浩特,常州,0.0
呼和浩特,无锡,0.0
呼和浩特,苏州,0.0
呼和浩特,徐州,0.0
呼和浩特,连云港,0.0
呼和浩特,淮安,0.0
呼和浩特,盐城,0.0
呼和浩特,扬州,0.0
呼和浩特,南通,0.0
呼和浩特,杭州,0.0
呼和浩特,湖州,0.0
呼和浩特,嘉兴,0.0
呼和浩特,宁波,0.0
呼和浩特,台州,0.0
呼和浩特,金华,0.0
呼和浩特,义乌,0.0
呼和浩特,温州,0.0
呼和浩特,合肥,0.0
呼和浩特,蚌埠,0.0
呼和浩特,芜湖,0.0
呼和浩特,安庆,0.0
呼和浩特,福州,0.0
呼和浩特,厦门,0.0
呼和浩特,泉州,0.0
呼和浩特,南昌,0.0
呼和浩特,鹰潭,0.0
呼和浩特,赣州,0.0
呼和浩特,济南,3532.1274000000003
呼和浩特,潍坊,0.0
呼和浩特,烟台,0.0
呼和浩特,青岛,0.0
呼和浩特,济宁,0.0
呼和浩特,临沂,0.0
呼和浩特,郑州,4890.9406
呼和浩特,漯河,0.0
呼和浩特,信阳,0.0
呼和浩特,洛阳,0.0
呼和浩特,武汉,0.0
呼和浩特,荆州,0.0
呼和浩特,襄阳,0.0
呼和浩特,长沙,0.0
呼和浩特,常德,0.0
呼和浩特,衡阳,0.0
呼和浩特,广州,0.0
呼和浩特,汕头,0.0
呼和浩特,深圳,0.0
呼和浩特,东莞,0.0
呼和浩特,湛江,0.0
呼和浩特,中山,0.0
呼和浩特,南宁,0.0
呼和浩特,柳州,0.0
呼和浩特,海口,0.0
呼和浩特,重庆,0.0
呼和浩特,成都,0.0
呼和浩特,南充,0.0
呼和浩特,内江,0.0
呼和浩特,贵阳,0.0
呼和浩特,昆明,0.0
呼和浩特,大理州,0.0
呼和浩特,拉萨,0.0
呼和浩特,西安,5354.075400000001
呼和浩特,宝鸡,0.0
呼和浩特,兰州,0.0
呼和浩特,西宁,0.0
呼和浩特,银川,5617.949600000001
呼和浩特,乌鲁木齐,0.0
呼和浩特,阿克苏,0.0
呼和浩特,喀什,0.0
包头,北京,0.0
包头,天津,0.0
包头,石家庄,0.0
包头,唐山,0.0
包头,廊坊,0.0
包头,保定,0.0
包头,太原,0.0
包头,侯马,0.0
包头,呼和浩特,6013.394
包头,包头,0.0
包头,沈阳,0.0
包头,大连,0.0
包头,锦州,0.0
包头,长春,0.0
包头,哈尔滨,0.0
包头,上海,0.0
包头,南京,0.0
包头,常州,0.0
包头,无锡,0.0
包头,苏州,0.0
包头,徐州,0.0
包头,连云港,0.0
包头,淮安,0.0
包头,盐城,0.0
包头,扬州,0.0
包头,南通,0.0
包头,杭州,0.0
包头,湖州,0.0
包头,嘉兴,0.0
包头,宁波,0.0
包头,台州,0.0
包头,金华,0.0
包头,义乌,0.0
包头,温州,0.0
包头,合肥,0.0
包头,蚌埠,0.0
包头,芜湖,0.0
包头,安庆,0.0
包头,福州,0.0
包头,厦门,0.0
包头,泉州,0.0
包头,南昌,0.0
包头,鹰潭,0.0
包头,赣州,0.0
包头,济南,0.0
包头,潍坊,0.0
包头,烟台,0.0
包头,青岛,0.0
包头,济宁,0.0
包头,临沂,0.0
包头,郑州,0.0
包头,漯河,0.0
包头,信阳,0.0
包头,洛阳,0.0
包头,武汉,0.0
包头,荆州,0.0
包头,襄阳,0.0
包头,长沙,0.0
包头,常德,0.0
包头,衡阳,0.0
包头,广州,0.0
包头,汕头,0.0
包头,深圳,0.0
包头,东莞,0.0
包头,湛江,0.0
包头,中山,0.0
包头,南宁,0.0
包头,柳州,0.0
包头,海口,0.0
包头,重庆,0.0
包头,成都,0.0
包头,南充,0.0
包头,内江,0.0
包头,贵阳,0.0
包头,昆明,0.0
包头,大理州,0.0
包头,拉萨,0.0
包头,西安,0.0
包头,宝鸡,0.0
包头,兰州,0.0
包头,西宁,0.0
包头,银川,0.0
包头,乌鲁木齐,0.0
包头,阿克苏,0.0
包头,喀什,0.0
沈阳,北京,16421.667
沈阳,天津,13228.3312
沈阳,石家庄,6270.2346
沈阳,唐山,0.0
沈阳,廊坊,3717.1274000000003
沈阳,保定,0.0
沈阳,太原,3357.4756
沈阳,侯马,0.0
沈阳,呼和浩特,4293.0894
沈阳,包头,0.0
沈阳,沈阳,0.0
沈阳,大连,9990.5702
沈阳,锦州,6571.2626
沈阳,长春,10961.589800000002
沈阳,哈尔滨,13278.191000000003
沈阳,上海,0.0
沈阳,南京,15931.04
沈阳,常州,0.0
沈阳,无锡,0.0
沈阳,苏州,0.0
沈阳,徐州,0.0
沈阳,连云港,0.0
沈阳,淮安,0.0
沈阳,盐城,0.0
沈阳,扬州,0.0
沈阳,南通,0.0
沈阳,杭州,4269.5392
沈阳,湖州,0.0
沈阳,嘉兴,0.0
沈阳,宁波,0.0
沈阳,台州,0.0
沈阳,金华,0.0
沈阳,义乌,0.0
沈阳,温州,0.0
沈阳,合肥,0.0
沈阳,蚌埠,0.0
沈阳,芜湖,0.0
沈阳,安庆,0.0
沈阳,福州,0.0
沈阳,厦门,0.0
沈阳,泉州,0.0
沈阳,南昌,0.0
沈阳,鹰潭,0.0
沈阳,赣州,0.0
沈阳,济南,15801.502800000002
沈阳,潍坊,0.0
沈阳,烟台,0.0
沈阳,青岛,0.0
沈阳,济宁,0.0
沈阳,临沂,0.0
沈阳,郑州,7333.608
沈阳,漯河,0.0
沈阳,信阳,0.0
沈阳,洛阳,0.0
沈阳,武汉,5621.8444
沈阳,荆州,0.0
沈阳,襄阳,0.0
沈阳,长沙,3771.3382
沈阳,常德,0.0
沈阳,衡阳,0.0
沈阳,广州,7944.961000000001
沈阳,汕头,0.0
沈阳,深圳,0.0
沈阳,东莞,0.0
沈阳,湛江,0.0
沈阳,中山,0.0
沈阳,南宁,0.0
沈阳,柳州,0.0
沈阳,海口,0.0
沈阳,重庆,0.0
沈阳,成都,0.0
沈阳,南充,0.0
沈阳,内江,0.0
沈阳,贵阳,0.0
沈阳,昆明,0.0
沈阳,大理州,0.0
沈阳,拉萨,0.0
沈阳,西安,10900.020600000002
沈阳,宝鸡,0.0
沈阳,兰州,0.0
沈阳,西宁,0.0
沈阳,银川,0.0
沈阳,乌鲁木齐,0.0
沈阳,阿克苏,0.0
沈阳,喀什,0.0
大连,北京,8505.713000000002
大连,天津,0.0
大连,石家庄,0.0
大连,唐山,0.0
大连,廊坊,0.0
大连,保定,0.0
大连,太原,0.0
大连,侯马,0.0
大连,呼和浩特,0.0
大连,包头,0.0
大连,沈阳,3918.8226000000004
大连,大连,0.0
大连,锦州,1486.5728
大连,长春,2209.563
大连,哈尔滨,2951.5664
大连,上海,0.0
大连,南京,3405.6272
大连,常州,0.0
大连,无锡,0.0
大连,苏州,0.0
大连,徐州,0.0
大连,连云港,0.0
大连,淮安,0.0
大连,盐城,0.0
大连,扬州,0.0
大连,南通,0.0
大连,杭州,1240.2044
大连,湖州,0.0
大连,嘉兴,0.0
大连,宁波,0.0
大连,台州,0.0
大连,金华,0.0
大连,义乌,0.0
大连,温州,0.0
大连,合肥,0.0
大连,蚌埠,0.0
大连,芜湖,0.0
大连,安庆,0.0
大连,福州,0.0
大连,厦门,0.0
大连,泉州,0.0
大连,南昌,0.0
大连,鹰潭,0.0
大连,赣州,0.0
大连,济南,0.0
大连,潍坊,0.0
大连,烟台,685.296
大连,青岛,0.0
大连,济宁,0.0
大连,临沂,0.0
大连,郑州,0.0
大连,漯河,0.0
大连,信阳,0.0
大连,洛阳,0.0
大连,武汉,0.0
大连,荆州,0.0
大连,襄阳,0.0
大连,长沙,0.0
大连,常德,0.0
大连,衡阳,0.0
大连,广州,0.0
大连,汕头,0.0
大连,深圳,0.0
大连,东莞,0.0
大连,湛江,0.0
大连,中山,0.0
大连,南宁,0.0
大连,柳州,0.0
大连,海口,0.0
大连,重庆,0.0
大连,成都,0.0
大连,南充,0.0
大连,内江,0.0
大连,贵阳,0.0
大连,昆明,0.0
大连,大理州,0.0
大连,拉萨,0.0
大连,西安,0.0
大连,宝鸡,0.0
大连,兰州,0.0
大连,西宁,0.0
大连,银川,0.0
大连,乌鲁木齐,0.0
大连,阿克苏,0.0
大连,喀什,0.0
锦州,北京,10446.7186
锦州,天津,0.0
锦州,石家庄,0.0
锦州,唐山,0.0
锦州,廊坊,0.0
锦州,保定,0.0
锦州,太原,0.0
锦州,侯马,0.0
锦州,呼和浩特,0.0
锦州,包头,0.0
锦州,沈阳,19301.378
锦州,大连,11927.3858
锦州,锦州,0.0
锦州,长春,0.0
锦州,哈尔滨,0.0
锦州,上海,0.0
锦州,南京,0.0
锦州,常州,0.0
锦州,无锡,0.0
锦州,苏州,0.0
锦州,徐州,0.0
锦州,连云港,0.0
锦州,淮安,0.0
锦州,盐城,0.0
锦州,扬州,0.0
锦州,南通,0.0
锦州,杭州,0.0
锦州,湖州,0.0
锦州,嘉兴,0.0
锦州,宁波,0.0
锦州,台州,0.0
锦州,金华,0.0
锦州,义乌,0.0
锦州,温州,0.0
锦州,合肥,0.0
锦州,蚌埠,0.0
锦州,芜湖,0.0
锦州,安庆,0.0
锦州,福州,0.0
锦州,厦门,0.0
锦州,泉州,0.0
锦州,南昌,0.0
锦州,鹰潭,0.0
锦州,赣州,0.0
锦州,济南,0.0
锦州,潍坊,0.0
锦州,烟台,0.0
锦州,青岛,0.0
锦州,济宁,0.0
锦州,临沂,0.0
锦州,郑州,0.0
锦州,漯河,0.0
锦州,信阳,0.0
锦州,洛阳,0.0
锦州,武汉,0.0
锦州,荆州,0.0
锦州,襄阳,0.0
锦州,长沙,0.0
锦州,常德,0.0
锦州,衡阳,0.0
锦州,广州,0.0
锦州,汕头,0.0
锦州,深圳,0.0
锦州,东莞,0.0
锦州,湛江,0.0
锦州,中山,0.0
锦州,南宁,0.0
锦州,柳州,0.0
锦州,海口,0.0
锦州,重庆,0.0
锦州,成都,0.0
锦州,南充,0.0
锦州,内江,0.0
锦州,贵阳,0.0
锦州,昆明,0.0
锦州,大理州,0.0
锦州,拉萨,0.0
锦州,西安,0.0
锦州,宝鸡,0.0
锦州,兰州,0.0
锦州,西宁,0.0
锦州,银川,0.0
锦州,乌鲁木齐,0.0
锦州,阿克苏,0.0
锦州,喀什,0.0
长春,北京,16683.573
长春,天津,23375.4774
长春,石家庄,0.0
长春,唐山,0.0
长春,廊坊,0.0
长春,保定,0.0
长春,太原,0.0
长春,侯马,0.0
长春,呼和浩特,0.0
长春,包头,0.0
长春,沈阳,13051.780600000002
长春,大连,0.0
长春,锦州,0.0
长春,长春,0.0
长春,哈尔滨,12647.262200000001
长春,上海,0.0
长春,南京,10651.969
长春,常州,0.0
长春,无锡,0.0
长春,苏州,0.0
长春,徐州,0.0
长春,连云港,0.0
长春,淮安,0.0
长春,盐城,0.0
长春,扬州,0.0
长春,南通,0.0
长春,杭州,0.0
长春,湖州,0.0
长春,嘉兴,0.0
长春,宁波,0.0
长春,台州,0.0
长春,金华,0.0
长春,义乌,0.0
长春,温州,0.0
长春,合肥,0.0
长春,蚌埠,0.0
长春,芜湖,0.0
长春,安庆,0.0
长春,福州,0.0
长春,厦门,0.0
长春,泉州,0.0
长春,南昌,0.0
长春,鹰潭,0.0
长春,赣州,0.0
长春,济南,10307.5124
长春,潍坊,0.0
长春,烟台,0.0
长春,青岛,0.0
长春,济宁,0.0
长春,临沂,0.0
长春,郑州,14357.905200000001
长春,漯河,0.0
长春,信阳,0.0
长春,洛阳,0.0
长春,武汉,0.0
长春,荆州,0.0
长春,襄阳,0.0
长春,长沙,0.0
长春,常德,0.0
长春,衡阳,0.0
长春,广州,0.0
长春,汕头,0.0
长春,深圳,0.0
长春,东莞,0.0
长春,湛江,0.0
长春,中山,0.0
长春,南宁,0.0
长春,柳州,0.0
长春,海口,0.0
长春,重庆,0.0
长春,成都,0.0
长春,南充,0.0
长春,内江,0.0
长春,贵阳,0.0
长春,昆明,0.0
长春,大理州,0.0
长春,拉萨,0.0
长春,西安,0.0
长春,宝鸡,0.0
长春,兰州,0.0
长春,西宁,0.0
长春,银川,0.0
长春,乌鲁木齐,0.0
长春,阿克苏,0.0
长春,喀什,0.0
哈尔滨,北京,21679.828800000003
哈尔滨,天津,13163.549200000001
哈尔滨,石家庄,8583.9774
哈尔滨,唐山,0.0
哈尔滨,廊坊,8836.2662
哈尔滨,保定,0.0
哈尔滨,太原,0.0
哈尔滨,侯马,0.0
哈尔滨,呼和浩特,0.0
哈尔滨,包头,0.0
哈尔滨,沈阳,11382.124200000002
哈尔滨,大连,3135.7632000000003
哈尔滨,锦州,0.0
哈尔滨,长春,8557.923200000001
哈尔滨,哈尔滨,0.0
哈尔滨,上海,0.0
哈尔滨,南京,13745.6944
哈尔滨,常州,0.0
哈尔滨,无锡,0.0
哈尔滨,苏州,0.0
哈尔滨,徐州,0.0
哈尔滨,连云港,0.0
哈尔滨,淮安,0.0
哈尔滨,盐城,0.0
哈尔滨,扬州,0.0
哈尔滨,南通,0.0
哈尔滨,杭州,4223.143
哈尔滨,湖州,0.0
哈尔滨,嘉兴,0.0
哈尔滨,宁波,0.0
哈尔滨,台州,0.0
哈尔滨,金华,0.0
哈尔滨,义乌,0.0
哈尔滨,温州,0.0
哈尔滨,合肥,0.0
哈尔滨,蚌埠,0.0
哈尔滨,芜湖,0.0
哈尔滨,安庆,0.0
哈尔滨,福州,0.0
哈尔滨,厦门,0.0
哈尔滨,泉州,0.0
哈尔滨,南昌,0.0
哈尔滨,鹰潭,0.0
哈尔滨,赣州,0.0
哈尔滨,济南,15007.602
哈尔滨,潍坊,0.0
哈尔滨,烟台,0.0
哈尔滨,青岛,0.0
哈尔滨,济宁,0.0
哈尔滨,临沂,0.0
哈尔滨,郑州,9564.257000000001
哈尔滨,漯河,0.0
哈尔滨,信阳,0.0
哈尔滨,洛阳,0.0
哈尔滨,武汉,9799.1788
哈尔滨,荆州,0.0
哈尔滨,襄阳,0.0
哈尔滨,长沙,0.0
哈尔滨,常德,0.0
哈尔滨,衡阳,0.0
哈尔滨,广州,10169.094600000002
哈尔滨,汕头,0.0
哈尔滨,深圳,0.0
哈尔滨,东莞,0.0
哈尔滨,湛江,0.0
哈尔滨,中山,0.0
哈尔滨,南宁,0.0
哈尔滨,柳州,0.0
哈尔滨,海口,0.0
哈尔滨,重庆,0.0
哈尔滨,成都,0.0
哈尔滨,南充,0.0
哈尔滨,内江,0.0
哈尔滨,贵阳,0.0
哈尔滨,昆明,0.0
哈尔滨,大理州,0.0
哈尔滨,拉萨,0.0
哈尔滨,西安,0.0
哈尔滨,宝鸡,0.0
哈尔滨,兰州,0.0
哈尔滨,西宁,0.0
哈尔滨,银川,0.0
哈尔滨,乌鲁木齐,0.0
哈尔滨,阿克苏,0.0
哈尔滨,喀什,0.0
上海,北京,14582.577800000001
上海,天津,6509.6166
上海,石家庄,5722.2210000000005
上海,唐山,0.0
上海,廊坊,888.8382
上海,保定,0.0
上海,太原,4551.0284
上海,侯马,0.0
上海,呼和浩特,6831.18
上海,包头,0.0
上海,沈阳,8063.555
上海,大连,0.0
上海,锦州,0.0
上海,长春,4568.001200000001
上海,哈尔滨,5958.789000000001
上海,上海,0.0
上海,南京,6817.1674
上海,常州,5177.7080000000005
上海,无锡,7153.006200000001
上海,苏州,7418.3878
上海,徐州,3335.1006000000007
上海,连云港,0.0
上海,淮安,0.0
上海,盐城,0.0
上海,扬州,0.0
上海,南通,8469.256000000001
上海,杭州,14339.6952
上海,湖州,1557.8184
上海,嘉兴,5813.531000000001
上海,宁波,10053.7162
上海,台州,3589.8240000000005
上海,金华,5993.1288
上海,义乌,0.0
上海,温州,4230.122
上海,合肥,7398.323400000001
上海,蚌埠,2344.8198
上海,芜湖,2110.5550000000003
上海,安庆,0.0
上海,福州,10420.4784
上海,厦门,5019.8208
上海,泉州,0.0
上海,南昌,0.0
上海,鹰潭,2426.5922
上海,赣州,0.0
上海,济南,12415.0526
上海,潍坊,0.0
上海,烟台,0.0
上海,青岛,10304.760400000001
上海,济宁,0.0
上海,临沂,0.0
上海,郑州,18340.027400000003
上海,漯河,0.0
上海,信阳,0.0
上海,洛阳,0.0
上海,武汉,11901.393600000001
上海,荆州,0.0
上海,襄阳,0.0
上海,长沙,8992.1278
上海,常德,0.0
上海,衡阳,0.0
上海,广州,16469.920400000003
上海,汕头,4419.852400000001
上海,深圳,7635.679800000001
上海,东莞,0.0
上海,湛江,0.0
上海,中山,3541.0774
上海,南宁,4754.439200000001
上海,柳州,0.0
上海,海口,4190.256
上海,重庆,7649.4296
上海,成都,10363.508200000002
上海,南充,0.0
上海,内江,0.0
上海,贵阳,4576.3562
上海,昆明,5614.7266
上海,大理州,0.0
上海,拉萨,0.0
上海,西安,8300.78
上海,宝鸡,0.0
上海,兰州,7874.8138
上海,西宁,0.0
上海,银川,0.0
上海,乌鲁木齐,9366.464
上海,阿克苏,0.0
上海,喀什,0.0
南京,北京,17827.1864
南京,天津,12652.57
南京,石家庄,11276.3204
南京,唐山,0.0
南京,廊坊,0.0
南京,保定,0.0
南京,太原,7294.7312
南京,侯马,0.0
南京,呼和浩特,11036.2666
南京,包头,0.0
南京,沈阳,16035.698200000003
南京,大连,0.0
南京,锦州,0.0
南京,长春,10454.5156
南京,哈尔滨,12217.8546
南京,上海,32869.398400000005
南京,南京,0.0
南京,常州,45770.4716
南京,无锡,21566.706400000003
南京,苏州,44667.2322
南京,徐州,14785.415800000002
南京,连云港,21693.7544
南京,淮安,16987.2808
南京,盐城,31017.5708
南京,扬州,25578.492599999998
南京,南通,37463.6324
南京,杭州,12952.794800000001
南京,湖州,23871.5982
南京,嘉兴,12394.856800000001
南京,宁波,19325.253
南京,台州,17952.0876
南京,金华,12244.2114
南京,义乌,0.0
南京,温州,28156.858200000002
南京,合肥,16492.4962
南京,蚌埠,13632.5174
南京,芜湖,24113.9154
南京,安庆,11844.6316
南京,福州,9047.065
南京,厦门,13883.7402
南京,泉州,0.0
南京,南昌,0.0
南京,鹰潭,6285.028200000001
南京,赣州,0.0
南京,济南,17994.403000000002
南京,潍坊,0.0
南京,烟台,0.0
南京,青岛,21622.392200000002
南京,济宁,0.0
南京,临沂,0.0
南京,郑州,18462.407
南京,漯河,0.0
南京,信阳,0.0
南京,洛阳,0.0
南京,武汉,15187.229400000002
南京,荆州,0.0
南京,襄阳,0.0
南京,长沙,14684.754200000001
南京,常德,0.0
南京,衡阳,0.0
南京,广州,29638.313800000004
南京,汕头,0.0
南京,深圳,14181.560000000001
南京,东莞,0.0
南京,湛江,0.0
南京,中山,0.0
南京,南宁,6215.4908000000005
南京,柳州,0.0
南京,海口,0.0
南京,重庆,11834.0974
南京,成都,12312.960400000002
南京,南充,0.0
南京,内江,0.0
南京,贵阳,12009.691200000001
南京,昆明,16379.1434
南京,大理州,0.0
南京,拉萨,0.0
南京,西安,8975.9508
南京,宝鸡,0.0
南京,兰州,12132.326200000001
南京,西宁,0.0
南京,银川,0.0
南京,乌鲁木齐,0.0
南京,阿克苏,0.0
南京,喀什,0.0
常州,北京,6807.637200000001
常州,天津,21993.644200000002
常州,石家庄,10748.2398
常州,唐山,0.0
常州,廊坊,0.0
常州,保定,0.0
常州,太原,5454.675000000001
常州,侯马,0.0
常州,呼和浩特,0.0
常州,包头,0.0
常州,沈阳,0.0
常州,大连,0.0
常州,锦州,21831.158000000003
常州,长春,8478.0968
常州,哈尔滨,0.0
常州,上海,12074.228000000001
常州,南京,28255.3082
常州,常州,0.0
常州,无锡,11999.233800000002
常州,苏州,9901.570800000001
常州,徐州,5969.4546
常州,连云港,3777.3354
常州,淮安,977.5202
常州,盐城,2087.994
常州,扬州,1679.5262
常州,南通,5112.390200000001
常州,杭州,19676.239800000003
常州,湖州,0.0
常州,嘉兴,0.0
常州,宁波,4431.3684
常州,台州,0.0
常州,金华,2578.8912
常州,义乌,0.0
常州,温州,0.0
常州,合肥,15993.5836
常州,蚌埠,0.0
常州,芜湖,0.0
常州,安庆,0.0
常州,福州,9121.541000000001
常州,厦门,0.0
常州,泉州,0.0
常州,南昌,0.0
常州,鹰潭,2562.1812
常州,赣州,0.0
常州,济南,19345.595
常州,潍坊,0.0
常州,烟台,0.0
常州,青岛,0.0
常州,济宁,0.0
常州,临沂,0.0
常州,郑州,21740.22
常州,漯河,0.0
常州,信阳,0.0
常州,洛阳,0.0
常州,武汉,11570.7016
常州,荆州,0.0
常州,襄阳,0.0
常州,长沙,10905.995600000002
常州,常德,0.0
常州,衡阳,0.0
常州,广州,27262.6548
常州,汕头,0.0
常州,深圳,5384.349200000001
常州,东莞,0.0
常州,湛江,0.0
常州,中山,0.0
常州,南宁,5812.4872000000005
常州,柳州,0.0
常州,海口,0.0
常州,重庆,8123.430800000001
常州,成都,9690.7248
常州,南充,0.0
常州,内江,0.0
常州,贵阳,0.0
常州,昆明,0.0
常州,大理州,0.0
常州,拉萨,0.0
常州,西安,16499.7454
常州,宝鸡,0.0
常州,兰州,0.0
常州,西宁,0.0
常州,银川,0.0
常州,乌鲁木齐,0.0
常州,阿克苏,0.0
常州,喀什,0.0
无锡,北京,18901.247600000002
无锡,天津,19516.8822
无锡,石家庄,8908.6074
无锡,唐山,0.0
无锡,廊坊,3618.5210000000006
无锡,保定,0.0
无锡,太原,2210.8844
无锡,侯马,0.0
无锡,呼和浩特,0.0
无锡,包头,0.0
无锡,沈阳,13991.4872
无锡,大连,0.0
无锡,锦州,0.0
无锡,长春,13430.581600000001
无锡,哈尔滨,58380.28660000001
无锡,上海,8115.8716
无锡,南京,6469.5026
无锡,常州,7864.7654
无锡,无锡,0.0
无锡,苏州,22199.212
无锡,徐州,4364.7986
无锡,连云港,10104.1386
无锡,淮安,1980.2368000000001
无锡,盐城,6407.1996
无锡,扬州,5124.3624
无锡,南通,4494.9928
无锡,杭州,4591.496800000001
无锡,湖州,3983.166
无锡,嘉兴,4515.049800000001
无锡,宁波,6955.8554
无锡,台州,7933.112800000001
无锡,金华,3072.9494
无锡,义乌,0.0
无锡,温州,1690.053
无锡,合肥,4193.6872
无锡,蚌埠,2224.897
无锡,芜湖,3739.9586000000004
无锡,安庆,4892.995800000001
无锡,福州,2185.2938000000004
无锡,厦门,0.0
无锡,泉州,7444.603
无锡,南昌,0.0
无锡,鹰潭,1225.1406000000002
无锡,赣州,0.0
无锡,济南,6708.636600000001
无锡,潍坊,0.0
无锡,烟台,0.0
无锡,青岛,25654.374200000002
无锡,济宁,0.0
无锡,临沂,0.0
无锡,郑州,8305.2078
无锡,漯河,0.0
无锡,信阳,0.0
无锡,洛阳,0.0
无锡,武汉,5370.8696
无锡,荆州,0.0
无锡,襄阳,0.0
无锡,长沙,3956.9878000000003
无锡,常德,0.0
无锡,衡阳,0.0
无锡,广州,6655.283600000001
无锡,汕头,2927.1038
无锡,深圳,2352.0616
无锡,东莞,0.0
无锡,湛江,0.0
无锡,中山,1315.1366
无锡,南宁,1596.9654
无锡,柳州,0.0
无锡,海口,0.0
无锡,重庆,3033.0834
无锡,成都,4145.5976
无锡,南充,0.0
无锡,内江,0.0
无锡,贵阳,6139.4528
无锡,昆明,6089.717000000001
无锡,大理州,0.0
无锡,拉萨,0.0
无锡,西安,4278.157
无锡,宝鸡,0.0
无锡,兰州,4477.8192
无锡,西宁,0.0
无锡,银川,0.0
无锡,乌鲁木齐,0.0
无锡,阿克苏,0.0
无锡,喀什,0.0
苏州,北京,7479.453600000001
苏州,天津,4825.4988
苏州,石家庄,0.0
苏州,唐山,0.0
苏州,廊坊,0.0
苏州,保定,0.0
苏州,太原,4537.6256
苏州,侯马,0.0
苏州,呼和浩特,0.0
苏州,包头,0.0
苏州,沈阳,4934.1138
苏州,大连,0.0
苏州,锦州,0.0
苏州,长春,3359.7788
苏州,哈尔滨,0.0
苏州,上海,16668.561
苏州,南京,7723.5882
苏州,常州,9537.984400000001
苏州,无锡,25778.4074
苏州,苏州,0.0
苏州,徐州,16018.16
苏州,连云港,1435.8552
苏州,淮安,5550.7996
苏州,盐城,14266.1362
苏州,扬州,4425.7876
苏州,南通,19227.1472
苏州,杭州,14186.7068
苏州,湖州,0.0
苏州,嘉兴,34032.955
苏州,宁波,14468.4514
苏州,台州,0.0
苏州,金华,6900.338
苏州,义乌,0.0
苏州,温州,5453.4304
苏州,合肥,6712.910800000001
苏州,蚌埠,3427.0824000000002
苏州,芜湖,2352.1310000000003
苏州,安庆,0.0
苏州,福州,10817.854000000001
苏州,厦门,8528.807
苏州,泉州,0.0
苏州,南昌,0.0
苏州,鹰潭,2142.2668000000003
苏州,赣州,0.0
苏州,济南,16884.638000000003
苏州,潍坊,0.0
苏州,烟台,0.0
苏州,青岛,0.0
苏州,济宁,0.0
苏州,临沂,0.0
苏州,郑州,11293.9502
苏州,漯河,0.0
苏州,信阳,0.0
苏州,洛阳,0.0
苏州,武汉,8030.087800000001
苏州,荆州,0.0
苏州,襄阳,0.0
苏州,长沙,7735.5604
苏州,常德,0.0
苏州,衡阳,0.0
苏州,广州,11771.229000000001
苏州,汕头,0.0
苏州,深圳,3696.2746000000006
苏州,东莞,0.0
苏州,湛江,0.0
苏州,中山,6042.0762
苏州,南宁,0.0
苏州,柳州,0.0
苏州,海口,0.0
苏州,重庆,5219.6912
苏州,成都,6906.127
苏州,南充,0.0
苏州,内江,0.0
苏州,贵阳,0.0
苏州,昆明,0.0
苏州,大理州,0.0
苏州,拉萨,0.0
苏州,西安,6286.8132000000005
苏州,宝鸡,0.0
苏州,兰州,9808.366600000001
苏州,西宁,0.0
苏州,银川,0.0
苏州,乌鲁木齐,0.0
苏州,阿克苏,0.0
苏州,喀什,0.0
徐州,北京,19627.719
徐州,天津,18973.7406
徐州,石家庄,17829.1898
徐州,唐山,0.0
徐州,廊坊,0.0
徐州,保定,0.0
徐州,太原,8462.4778
徐州,侯马,0.0
徐州,呼和浩特,13030.293000000001
徐州,包头,0.0
徐州,沈阳,26317.079600000005
徐州,大连,0.0
徐州,锦州,12301.1816
徐州,长春,10457.709
徐州,哈尔滨,18423.0518
徐州,上海,19727.8402
徐州,南京,23224.251800000002
徐州,常州,11769.754
徐州,无锡,7208.9872000000005
徐州,苏州,20963.5076
徐州,徐州,0.0
徐州,连云港,9243.4968
徐州,淮安,5922.2774
徐州,盐城,9687.618400000001
徐州,扬州,7342.4044
徐州,南通,12359.922
徐州,杭州,14057.7276
徐州,湖州,0.0
徐州,嘉兴,0.0
徐州,宁波,7863.560600000001
徐州,台州,0.0
徐州,金华,4842.9204
徐州,义乌,0.0
徐州,温州,0.0
徐州,合肥,55054.5858
徐州,蚌埠,13350.334200000001
徐州,芜湖,0.0
徐州,安庆,0.0
徐州,福州,17051.8574
徐州,厦门,20196.1838
徐州,泉州,0.0
徐州,南昌,0.0
徐州,鹰潭,6558.363200000001
徐州,赣州,0.0
徐州,济南,32208.875
徐州,潍坊,0.0
徐州,烟台,0.0
徐州,青岛,19845.752200000003
徐州,济宁,0.0
徐州,临沂,0.0
徐州,郑州,44490.30960000001
徐州,漯河,0.0
徐州,信阳,0.0
徐州,洛阳,0.0
徐州,武汉,31615.6774
徐州,荆州,0.0
徐州,襄阳,0.0
徐州,长沙,26542.0474
徐州,常德,0.0
徐州,衡阳,0.0
徐州,广州,46324.4306
徐州,汕头,0.0
徐州,深圳,0.0
徐州,东莞,0.0
徐州,湛江,0.0
徐州,中山,0.0
徐州,南宁,0.0
徐州,柳州,11966.989000000001
徐州,海口,0.0
徐州,重庆,19433.459000000003
徐州,成都,20896.6676
徐州,南充,0.0
徐州,内江,0.0
徐州,贵阳,14315.4806
徐州,昆明,11177.2134
徐州,大理州,0.0
徐州,拉萨,0.0
徐州,西安,22471.7216
徐州,宝鸡,0.0
徐州,兰州,12930.481800000001
徐州,西宁,0.0
徐州,银川,0.0
徐州,乌鲁木齐,0.0
徐州,阿克苏,0.0
徐州,喀什,0.0
连云港,北京,0.0
连云港,天津,0.0
连云港,石家庄,0.0
连云港,唐山,0.0
连云港,廊坊,0.0
连云港,保定,0.0
连云港,太原,0.0
连云港,侯马,0.0
连云港,呼和浩特,0.0
连云港,包头,0.0
连云港,沈阳,0.0
连云港,大连,0.0
连云港,锦州,0.0
连云港,长春,0.0
连云港,哈尔滨,0.0
连云港,上海,3906.7264000000005
连云港,南京,5316.0712
连云港,常州,2705.5996
连云港,无锡,3201.2346
连云港,苏州,7613.071600000001
连云港,徐州,7046.453800000001
连云港,连云港,0.0
连云港,淮安,335.0504
连云港,盐城,684.2448
连云港,扬州,526.489
连云港,南通,908.972
连云港,杭州,0.0
连云港,湖州,0.0
连云港,嘉兴,0.0
连云港,宁波,0.0
连云港,台州,0.0
连云港,金华,0.0
连云港,义乌,0.0
连云港,温州,0.0
连云港,合肥,13829.1028
连云港,蚌埠,0.0
连云港,芜湖,0.0
连云港,安庆,0.0
连云港,福州,0.0
连云港,厦门,0.0
连云港,泉州,0.0
连云港,南昌,0.0
连云港,鹰潭,0.0
连云港,赣州,0.0
连云港,济南,23972.4504
连云港,潍坊,0.0
连云港,烟台,0.0
连云港,青岛,0.0
连云港,济宁,0.0
连云港,临沂,0.0
连云港,郑州,12122.8654
连云港,漯河,0.0
连云港,信阳,0.0
连云港,洛阳,0.0
连云港,武汉,0.0
连云港,荆州,0.0
连云港,襄阳,0.0
连云港,长沙,0.0
连云港,常德,0.0
连云港,衡阳,0.0
连云港,广州,6774.8196
连云港,汕头,0.0
连云港,深圳,0.0
连云港,东莞,0.0
连云港,湛江,0.0
连云港,中山,0.0
连云港,南宁,0.0
连云港,柳州,0.0
连云港,海口,0.0
连云港,重庆,0.0
连云港,成都,0.0
连云港,南充,0.0
连云港,内江,0.0
连云港,贵阳,0.0
连云港,昆明,0.0
连云港,大理州,0.0
连云港,拉萨,0.0
连云港,西安,0.0
连云港,宝鸡,0.0
连云港,兰州,0.0
连云港,西宁,0.0
连云港,银川,0.0
连云港,乌鲁木齐,0.0
连云港,阿克苏,0.0
连云港,喀什,0.0
淮安,北京,0.0
淮安,天津,0.0
淮安,石家庄,0.0
淮安,唐山,0.0
淮安,廊坊,0.0
淮安,保定,0.0
淮安,太原,0.0
淮安,侯马,0.0
淮安,呼和浩特,0.0
淮安,包头,0.0
淮安,沈阳,0.0
淮安,大连,0.0
淮安,锦州,0.0
淮安,长春,0.0
淮安,哈尔滨,0.0
淮安,上海,3719.0984
淮安,南京,6048.7924
淮安,常州,1899.9098000000001
淮安,无锡,2629.6782000000003
淮安,苏州,7125.9776
淮安,徐州,10098.4042
淮安,连云港,645.4300000000001
淮安,淮安,0.0
淮安,盐城,975.3484000000001
淮安,扬州,699.0458000000001
淮安,南通,1299.4778000000001
淮安,杭州,2576.7194
淮安,湖州,0.0
淮安,嘉兴,0.0
淮安,宁波,1057.1208000000001
淮安,台州,0.0
淮安,金华,0.0
淮安,义乌,0.0
淮安,温州,0.0
淮安,合肥,10256.160000000002
淮安,蚌埠,0.0
淮安,芜湖,0.0
淮安,安庆,0.0
淮安,福州,0.0
淮安,厦门,0.0
淮安,泉州,0.0
淮安,南昌,0.0
淮安,鹰潭,0.0
淮安,赣州,0.0
淮安,济南,2319.6928000000003
淮安,潍坊,0.0
淮安,烟台,0.0
淮安,青岛,0.0
淮安,济宁,0.0
淮安,临沂,0.0
淮安,郑州,7026.575400000001
淮安,漯河,0.0
淮安,信阳,0.0
淮安,洛阳,0.0
淮安,武汉,0.0
淮安,荆州,0.0
淮安,襄阳,0.0
淮安,长沙,0.0
淮安,常德,0.0
淮安,衡阳,0.0
淮安,广州,4008.3624000000004
淮安,汕头,0.0
淮安,深圳,0.0
淮安,东莞,0.0
淮安,湛江,0.0
淮安,中山,0.0
淮安,南宁,0.0
淮安,柳州,0.0
淮安,海口,0.0
淮安,重庆,0.0
淮安,成都,0.0
淮安,南充,0.0
淮安,内江,0.0
淮安,贵阳,0.0
淮安,昆明,0.0
淮安,大理州,0.0
淮安,拉萨,0.0
淮安,西安,1741.8912
淮安,宝鸡,0.0
淮安,兰州,0.0
淮安,西宁,0.0
淮安,银川,0.0
淮安,乌鲁木齐,0.0
淮安,阿克苏,0.0
淮安,喀什,0.0
盐城,北京,0.0
盐城,天津,0.0
盐城,石家庄,0.0
盐城,唐山,0.0
盐城,廊坊,0.0
盐城,保定,0.0
盐城,太原,0.0
盐城,侯马,0.0
盐城,呼和浩特,0.0
盐城,包头,0.0
盐城,沈阳,0.0
盐城,大连,0.0
盐城,锦州,0.0
盐城,长春,0.0
盐城,哈尔滨,0.0
盐城,上海,5353.4406
盐城,南京,5691.1264
盐城,常州,1519.1424000000002
盐城,无锡,3825.487
盐城,苏州,8313.6396
盐城,徐州,3378.3358000000007
盐城,连云港,449.98
盐城,淮安,379.6542
盐城,盐城,0.0
盐城,扬州,632.9322000000001
盐城,南通,1485.1968000000002
盐城,杭州,2023.0010000000002
盐城,湖州,0.0
盐城,嘉兴,0.0
盐城,宁波,0.0
盐城,台州,0.0
盐城,金华,0.0
盐城,义乌,0.0
盐城,温州,0.0
盐城,合肥,12943.958600000002
盐城,蚌埠,0.0
盐城,芜湖,0.0
盐城,安庆,0.0
盐城,福州,0.0
盐城,厦门,0.0
盐城,泉州,0.0
盐城,南昌,0.0
盐城,鹰潭,0.0
盐城,赣州,0.0
盐城,济南,14944.3292
盐城,潍坊,0.0
盐城,烟台,0.0
盐城,青岛,0.0
盐城,济宁,0.0
盐城,临沂,0.0
盐城,郑州,10248.8164
盐城,漯河,0.0
盐城,信阳,0.0
盐城,洛阳,0.0
盐城,武汉,0.0
盐城,荆州,0.0
盐城,襄阳,0.0
盐城,长沙,0.0
盐城,常德,0.0
盐城,衡阳,0.0
盐城,广州,5969.4694
盐城,汕头,0.0
盐城,深圳,0.0
盐城,东莞,0.0
盐城,湛江,0.0
盐城,中山,0.0
盐城,南宁,0.0
盐城,柳州,0.0
盐城,海口,0.0
盐城,重庆,0.0
盐城,成都,0.0
盐城,南充,0.0
盐城,内江,0.0
盐城,贵阳,0.0
盐城,昆明,0.0
盐城,大理州,0.0
盐城,拉萨,0.0
盐城,西安,1983.5292
盐城,宝鸡,0.0
盐城,兰州,0.0
盐城,西宁,0.0
盐城,银川,0.0
盐城,乌鲁木齐,0.0
盐城,阿克苏,0.0
盐城,喀什,0.0
扬州,北京,0.0
扬州,天津,0.0
扬州,石家庄,3540.7526000000003
扬州,唐山,0.0
扬州,廊坊,0.0
扬州,保定,0.0
扬州,太原,1290.9914
扬州,侯马,0.0
扬州,呼和浩特,0.0
扬州,包头,0.0
扬州,沈阳,11849.624800000001
扬州,大连,0.0
扬州,锦州,0.0
扬州,长春,0.0
扬州,哈尔滨,0.0
扬州,上海,5594.863
扬州,南京,8494.660600000001
扬州,常州,1603.9370000000001
扬州,无锡,2638.8216
扬州,苏州,5407.111000000001
扬州,徐州,8617.9452
扬州,连云港,563.6576
扬州,淮安,402.8102
扬州,盐城,808.9748
扬州,扬州,0.0
扬州,南通,1849.2542
扬州,杭州,7431.356600000001
扬州,湖州,0.0
扬州,嘉兴,0.0
扬州,宁波,0.0
扬州,台州,0.0
扬州,金华,0.0
扬州,义乌,0.0
扬州,温州,0.0
扬州,合肥,13762.766200000002
扬州,蚌埠,0.0
扬州,芜湖,0.0
扬州,安庆,0.0
扬州,福州,2444.2914
扬州,厦门,0.0
扬州,泉州,0.0
扬州,南昌,0.0
扬州,鹰潭,806.0146
扬州,赣州,0.0
扬州,济南,5872.2862000000005
扬州,潍坊,0.0
扬州,烟台,0.0
扬州,青岛,0.0
扬州,济宁,0.0
扬州,临沂,0.0
扬州,郑州,7100.7812
扬州,漯河,0.0
扬州,信阳,0.0
扬州,洛阳,0.0
扬州,武汉,3698.6398000000004
扬州,荆州,0.0
扬州,襄阳,0.0
扬州,长沙,3701.7314
扬州,常德,0.0
扬州,衡阳,0.0
扬州,广州,6448.0474
扬州,汕头,0.0
扬州,深圳,0.0
扬州,东莞,0.0
扬州,湛江,0.0
扬州,中山,0.0
扬州,南宁,1970.7612000000001
扬州,柳州,0.0
扬州,海口,0.0
扬州,重庆,0.0
扬州,成都,4747.1428
扬州,南充,0.0
扬州,内江,0.0
扬州,贵阳,0.0
扬州,昆明,0.0
扬州,大理州,0.0
扬州,拉萨,0.0
扬州,西安,7402.9372
扬州,宝鸡,0.0
扬州,兰州,0.0
扬州,西宁,0.0
扬州,银川,0.0
扬州,乌鲁木齐,0.0
扬州,阿克苏,0.0
扬州,喀什,0.0
南通,北京,0.0
南通,天津,0.0
南通,石家庄,0.0
南通,唐山,0.0
南通,廊坊,0.0
南通,保定,0.0
南通,太原,0.0
南通,侯马,0.0
南通,呼和浩特,0.0
南通,包头,0.0
南通,沈阳,0.0
南通,大连,0.0
南通,锦州,0.0
南通,长春,6392.183000000001
南通,哈尔滨,0.0
南通,上海,17369.9896
南通,南京,18624.075200000003
南通,常州,4960.7408000000005
南通,无锡,9170.860400000001
南通,苏州,19248.4516
南通,徐州,6652.169800000001
南通,连云港,2732.3654
南通,淮安,1157.3114
南通,盐城,4134.8626
南通,扬州,6674.6688
南通,南通,0.0
南通,杭州,16430.9594
南通,湖州,0.0
南通,嘉兴,0.0
南通,宁波,6062.396
南通,台州,0.0
南通,金华,7527.783800000001
南通,义乌,0.0
南通,温州,3365.7538
南通,合肥,7714.090400000001
南通,蚌埠,2953.2746
南通,芜湖,0.0
南通,安庆,0.0
南通,福州,8648.4522
南通,厦门,0.0
南通,泉州,0.0
南通,南昌,0.0
南通,鹰潭,0.0
南通,赣州,0.0
南通,济南,32073.077800000003
南通,潍坊,0.0
南通,烟台,0.0
南通,青岛,0.0
南通,济宁,0.0
南通,临沂,0.0
南通,郑州,13694.057
南通,漯河,0.0
南通,信阳,0.0
南通,洛阳,0.0
南通,武汉,8171.304800000001
南通,荆州,0.0
南通,襄阳,0.0
南通,长沙,8970.541200000001
南通,常德,0.0
南通,衡阳,0.0
南通,广州,20251.361600000004
南通,汕头,0.0
南通,深圳,5766.2918
南通,东莞,0.0
南通,湛江,0.0
南通,中山,0.0
南通,南宁,0.0
南通,柳州,8818.2644
南通,海口,0.0
南通,重庆,0.0
南通,成都,7860.7938
南通,南充,0.0
南通,内江,0.0
南通,贵阳,3594.2296
南通,昆明,0.0
南通,大理州,0.0
南通,拉萨,0.0
南通,西安,19737.439800000004
南通,宝鸡,0.0
南通,兰州,0.0
南通,西宁,0.0
南通,银川,0.0
南通,乌鲁木齐,0.0
南通,阿克苏,0.0
南通,喀什,0.0
杭州,北京,23455.5656
杭州,天津,32727.7122
杭州,石家庄,12697.3024
杭州,唐山,0.0
杭州,廊坊,5113.8504
杭州,保定,0.0
杭州,太原,26375.127800000002
杭州,侯马,0.0
杭州,呼和浩特,16012.6486
杭州,包头,0.0
杭州,沈阳,32493.943400000004
杭州,大连,0.0
杭州,锦州,0.0
杭州,长春,18433.846
杭州,哈尔滨,0.0
杭州,上海,26779.3732
杭州,南京,7730.9364000000005
杭州,常州,22285.310400000002
杭州,无锡,8649.471000000001
杭州,苏州,32294.8318
杭州,徐州,22021.250200000002
杭州,连云港,0.0
杭州,淮安,0.0
杭州,盐城,0.0
杭州,扬州,7222.0402
杭州,南通,0.0
杭州,杭州,0.0
杭州,湖州,12471.1946
杭州,嘉兴,23413.508400000002
杭州,宁波,45085.6142
杭州,台州,24825.0648
杭州,金华,14929.185800000001
杭州,义乌,23088.429600000003
杭州,温州,32115.3358
杭州,合肥,6511.1832
杭州,蚌埠,22357.9468
杭州,芜湖,7932.8796
杭州,安庆,0.0
杭州,福州,12000.483
杭州,厦门,12785.2978
杭州,泉州,0.0
杭州,南昌,26784.792999999998
杭州,鹰潭,0.0
杭州,赣州,0.0
杭州,济南,16877.671000000002
杭州,潍坊,0.0
杭州,烟台,0.0
杭州,青岛,9808.944
杭州,济宁,0.0
杭州,临沂,0.0
杭州,郑州,19173.828400000002
杭州,漯河,0.0
杭州,信阳,16432.3224
杭州,洛阳,0.0
杭州,武汉,12337.001
杭州,荆州,0.0
杭州,襄阳,0.0
杭州,长沙,13512.807400000002
杭州,常德,0.0
杭州,衡阳,0.0
杭州,广州,26412.809
杭州,汕头,17349.4116
杭州,深圳,10433.583200000001
杭州,东莞,0.0
杭州,湛江,0.0
杭州,中山,0.0
杭州,南宁,19814.0672
杭州,柳州,0.0
杭州,海口,3470.9746000000005
杭州,重庆,7955.532200000001
杭州,成都,10419.8408
杭州,南充,0.0
杭州,内江,0.0
杭州,贵阳,9403.8926
杭州,昆明,15667.842200000003
杭州,大理州,0.0
杭州,拉萨,0.0
杭州,西安,10425.892600000001
杭州,宝鸡,0.0
杭州,兰州,15584.671600000001
杭州,西宁,0.0
杭州,银川,0.0
杭州,乌鲁木齐,0.0
杭州,阿克苏,0.0
杭州,喀什,0.0
湖州,北京,0.0
湖州,天津,0.0
湖州,石家庄,0.0
湖州,唐山,0.0
湖州,廊坊,0.0
湖州,保定,0.0
湖州,太原,0.0
湖州,侯马,0.0
湖州,呼和浩特,0.0
湖州,包头,0.0
湖州,沈阳,0.0
湖州,大连,0.0
湖州,锦州,0.0
湖州,长春,0.0
湖州,哈尔滨,0.0
湖州,上海,3097.8978
湖州,南京,31530.6708
湖州,常州,0.0
湖州,无锡,5181.957200000001
湖州,苏州,0.0
湖州,徐州,0.0
湖州,连云港,0.0
湖州,淮安,0.0
湖州,盐城,0.0
湖州,扬州,0.0
湖州,南通,0.0
湖州,杭州,20964.922400000003
湖州,湖州,0.0
湖州,嘉兴,2744.097
湖州,宁波,1607.3682000000001
湖州,台州,939.6326000000001
湖州,金华,4272.7844000000005
湖州,义乌,2174.7670000000003
湖州,温州,3815.1064000000006
湖州,合肥,23276.537800000002
湖州,蚌埠,0.0
湖州,芜湖,0.0
湖州,安庆,0.0
湖州,福州,0.0
湖州,厦门,0.0
湖州,泉州,0.0
湖州,南昌,0.0
湖州,鹰潭,1341.1288
湖州,赣州,0.0
湖州,济南,8607.5396
湖州,潍坊,0.0
湖州,烟台,0.0
湖州,青岛,0.0
湖州,济宁,0.0
湖州,临沂,0.0
湖州,郑州,17097.2514
湖州,漯河,0.0
湖州,信阳,0.0
湖州,洛阳,0.0
湖州,武汉,0.0
湖州,荆州,0.0
湖州,襄阳,0.0
湖州,长沙,11276.4416
湖州,常德,0.0
湖州,衡阳,0.0
湖州,广州,13411.288
湖州,汕头,0.0
湖州,深圳,0.0
湖州,东莞,0.0
湖州,湛江,0.0
湖州,中山,0.0
湖州,南宁,0.0
湖州,柳州,0.0
湖州,海口,0.0
湖州,重庆,0.0
湖州,成都,0.0
湖州,南充,0.0
湖州,内江,0.0
湖州,贵阳,0.0
湖州,昆明,0.0
湖州,大理州,0.0
湖州,拉萨,0.0
湖州,西安,0.0
湖州,宝鸡,0.0
湖州,兰州,0.0
湖州,西宁,0.0
湖州,银川,0.0
湖州,乌鲁木齐,0.0
湖州,阿克苏,0.0
湖州,喀什,0.0
嘉兴,北京,0.0
嘉兴,天津,0.0
嘉兴,石家庄,0.0
嘉兴,唐山,0.0
嘉兴,廊坊,0.0
嘉兴,保定,0.0
嘉兴,太原,0.0
嘉兴,侯马,0.0
嘉兴,呼和浩特,0.0
嘉兴,包头,0.0
嘉兴,沈阳,0.0
嘉兴,大连,0.0
嘉兴,锦州,0.0
嘉兴,长春,0.0
嘉兴,哈尔滨,0.0
嘉兴,上海,9383.813400000001
嘉兴,南京,3219.6676
嘉兴,常州,0.0
嘉兴,无锡,17892.144200000002
嘉兴,苏州,20566.8352
嘉兴,徐州,0.0
嘉兴,连云港,0.0
嘉兴,淮安,0.0
嘉兴,盐城,0.0
嘉兴,扬州,0.0
嘉兴,南通,0.0
嘉兴,杭州,18195.2894
嘉兴,湖州,7551.4552
嘉兴,嘉兴,0.0
嘉兴,宁波,3011.1248000000005
嘉兴,台州,3158.4778
嘉兴,金华,6574.1978
嘉兴,义乌,2886.2486
嘉兴,温州,4367.186
嘉兴,合肥,18990.521800000002
嘉兴,蚌埠,0.0
嘉兴,芜湖,0.0
嘉兴,安庆,0.0
嘉兴,福州,0.0
嘉兴,厦门,0.0
嘉兴,泉州,0.0
嘉兴,南昌,0.0
嘉兴,鹰潭,0.0
嘉兴,赣州,0.0
嘉兴,济南,0.0
嘉兴,潍坊,0.0
嘉兴,烟台,0.0
嘉兴,青岛,0.0
嘉兴,济宁,0.0
嘉兴,临沂,0.0
嘉兴,郑州,0.0
嘉兴,漯河,0.0
嘉兴,信阳,0.0
嘉兴,洛阳,0.0
嘉兴,武汉,0.0
嘉兴,荆州,0.0
嘉兴,襄阳,0.0
嘉兴,长沙,4455.141600000001
嘉兴,常德,0.0
嘉兴,衡阳,0.0
嘉兴,广州,9568.481200000002
嘉兴,汕头,0.0
嘉兴,深圳,0.0
嘉兴,东莞,0.0
嘉兴,湛江,0.0
嘉兴,中山,0.0
嘉兴,南宁,0.0
嘉兴,柳州,0.0
嘉兴,海口,0.0
嘉兴,重庆,0.0
嘉兴,成都,0.0
嘉兴,南充,0.0
嘉兴,内江,0.0
嘉兴,贵阳,0.0
嘉兴,昆明,0.0
嘉兴,大理州,0.0
嘉兴,拉萨,0.0
嘉兴,西安,0.0
嘉兴,宝鸡,0.0
嘉兴,兰州,0.0
嘉兴,西宁,0.0
嘉兴,银川,0.0
嘉兴,乌鲁木齐,0.0
嘉兴,阿克苏,0.0
嘉兴,喀什,0.0
宁波,北京,0.0
宁波,天津,0.0
宁波,石家庄,8755.249800000001
宁波,唐山,0.0
宁波,廊坊,0.0
宁波,保定,0.0
宁波,太原,0.0
宁波,侯马,0.0
宁波,呼和浩特,0.0
宁波,包头,0.0
宁波,沈阳,7937.525800000001
宁波,大连,0.0
宁波,锦州,0.0
宁波,长春,0.0
宁波,哈尔滨,0.0
宁波,上海,10495.6262
宁波,南京,4281.9056
宁波,常州,0.0
宁波,无锡,23910.4648
宁波,苏州,15749.989400000002
宁波,徐州,0.0
宁波,连云港,0.0
宁波,淮安,0.0
宁波,盐城,0.0
宁波,扬州,0.0
宁波,南通,0.0
宁波,杭州,26570.540800000002
宁波,湖州,1669.5944
宁波,嘉兴,2917.7596000000003
宁波,宁波,0.0
宁波,台州,4967.657800000001
宁波,金华,28894.3764
宁波,义乌,1264.8752
宁波,温州,4675.572400000001
宁波,合肥,5442.509400000001
宁波,蚌埠,0.0
宁波,芜湖,2917.7596000000003
宁波,安庆,0.0
宁波,福州,16123.854600000002
宁波,厦门,0.0
宁波,泉州,0.0
宁波,南昌,0.0
宁波,鹰潭,2456.2016000000003
宁波,赣州,0.0
宁波,济南,12940.7134
宁波,潍坊,0.0
宁波,烟台,0.0
宁波,青岛,7997.719000000001
宁波,济宁,0.0
宁波,临沂,0.0
宁波,郑州,18210.4032
宁波,漯河,0.0
宁波,信阳,0.0
宁波,洛阳,0.0
宁波,武汉,10461.618600000002
宁波,荆州,0.0
宁波,襄阳,0.0
宁波,长沙,12372.5808
宁波,常德,0.0
宁波,衡阳,0.0
宁波,广州,21719.7762
宁波,汕头,0.0
宁波,深圳,0.0
宁波,东莞,0.0
宁波,湛江,0.0
宁波,中山,3814.0330000000004
宁波,南宁,5986.4968
宁波,柳州,0.0
宁波,海口,0.0
宁波,重庆,0.0
宁波,成都,11560.7772
宁波,南充,0.0
宁波,内江,0.0
宁波,贵阳,5971.958600000001
宁波,昆明,0.0
宁波,大理州,0.0
宁波,拉萨,0.0
宁波,西安,11861.619200000001
宁波,宝鸡,0.0
宁波,兰州,0.0
宁波,西宁,0.0
宁波,银川,0.0
宁波,乌鲁木齐,0.0
宁波,阿克苏,0.0
宁波,喀什,0.0
台州,北京,0.0
台州,天津,0.0
台州,石家庄,6893.125800000001
台州,唐山,0.0
台州,廊坊,0.0
台州,保定,0.0
台州,太原,3566.9530000000004
台州,侯马,0.0
台州,呼和浩特,0.0
台州,包头,0.0
台州,沈阳,0.0
台州,大连,0.0
台州,锦州,0.0
台州,长春,0.0
台州,哈尔滨,0.0
台州,上海,9408.6082
台州,南京,4328.696
台州,常州,3600.6358
台州,无锡,25315.168
台州,苏州,11882.5164
台州,徐州,0.0
台州,连云港,0.0
台州,淮安,0.0
台州,盐城,0.0
台州,扬州,0.0
台州,南通,1848.3418000000001
台州,杭州,18993.0036
台州,湖州,1345.1402
台州,嘉兴,2437.6594
台州,宁波,4976.63
台州,台州,0.0
台州,金华,15982.342400000001
台州,义乌,1241.5258000000001
台州,温州,4046.9986
台州,合肥,5135.0428
台州,蚌埠,0.0
台州,芜湖,1713.2164
台州,安庆,0.0
台州,福州,21466.8424
台州,厦门,0.0
台州,泉州,0.0
台州,南昌,6814.050800000001
台州,鹰潭,0.0
台州,赣州,0.0
台州,济南,12092.179800000002
台州,潍坊,0.0
台州,烟台,0.0
台州,青岛,6733.198200000001
台州,济宁,0.0
台州,临沂,0.0
台州,郑州,15521.572800000002
台州,漯河,0.0
台州,信阳,0.0
台州,洛阳,0.0
台州,武汉,8883.7654
台州,荆州,0.0
台州,襄阳,0.0
台州,长沙,10854.1398
台州,常德,0.0
台州,衡阳,0.0
台州,广州,16174.438
台州,汕头,0.0
台州,深圳,0.0
台州,东莞,0.0
台州,湛江,0.0
台州,中山,8221.6874
台州,南宁,4696.9036
台州,柳州,0.0
台州,海口,0.0
台州,重庆,0.0
台州,成都,9821.8832
台州,南充,0.0
台州,内江,0.0
台州,贵阳,6187.696
台州,昆明,6095.528200000001
台州,大理州,0.0
台州,拉萨,0.0
台州,西安,10721.317600000002
台州,宝鸡,0.0
台州,兰州,0.0
台州,西宁,0.0
台州,银川,0.0
台州,乌鲁木齐,0.0
台州,阿克苏,0.0
台州,喀什,0.0
金华,北京,22843.9378
金华,天津,17901.9326
金华,石家庄,15214.952000000001
金华,唐山,0.0
金华,廊坊,2675.4026000000003
金华,保定,20035.3882
金华,太原,11521.769
金华,侯马,0.0
金华,呼和浩特,7662.475200000001
金华,包头,0.0
金华,沈阳,17083.4202
金华,大连,0.0
金华,锦州,0.0
金华,长春,11332.108
金华,哈尔滨,0.0
金华,上海,38852.6074
金华,南京,14192.9594
金华,常州,12722.702400000002
金华,无锡,22714.1452
金华,苏州,18810.379
金华,徐州,11511.2422
金华,连云港,3323.53
金华,淮安,2185.5566000000003
金华,盐城,4331.9042
金华,扬州,3781.9964000000004
金华,南通,9209.109800000002
金华,杭州,29389.3692
金华,湖州,5029.5046
金华,嘉兴,9722.1812
金华,宁波,37004.298
金华,台州,17996.450800000002
金华,金华,0.0
金华,义乌,10060.5092
金华,温州,20596.596400000002
金华,合肥,15221.1352
金华,蚌埠,8646.178600000001
金华,芜湖,5052.2664
金华,安庆,13632.400800000001
金华,福州,25076.664200000003
金华,厦门,9673.828800000001
金华,泉州,0.0
金华,南昌,44411.4372
金华,鹰潭,9201.627400000001
金华,赣州,0.0
金华,济南,31349.4028
金华,潍坊,28769.2596
金华,烟台,17948.5694
金华,青岛,11939.380200000001
金华,济宁,0.0
金华,临沂,0.0
金华,郑州,43176.226
金华,漯河,0.0
金华,信阳,0.0
金华,洛阳,0.0
金华,武汉,33803.764800000004
金华,荆州,0.0
金华,襄阳,0.0
金华,长沙,26882.5046
金华,常德,0.0
金华,衡阳,0.0
金华,广州,45513.285800000005
金华,汕头,11746.952400000002
金华,深圳,36432.5778
金华,东莞,53610.9622
金华,湛江,0.0
金华,中山,10327.613800000001
金华,南宁,28052.445200000002
金华,柳州,0.0
金华,海口,7244.4004
金华,重庆,45971.4348
金华,成都,43690.009000000005
金华,南充,0.0
金华,内江,0.0
金华,贵阳,31631.5712
金华,昆明,36688.243200000004
金华,大理州,0.0
金华,拉萨,0.0
金华,西安,25400.600200000004
金华,宝鸡,0.0
金华,兰州,17769.8368
金华,西宁,0.0
金华,银川,0.0
金华,乌鲁木齐,0.0
金华,阿克苏,0.0
金华,喀什,0.0
义乌,北京,0.0
义乌,天津,0.0
义乌,石家庄,23100.369400000003
义乌,唐山,0.0
义乌,廊坊,0.0
义乌,保定,0.0
义乌,太原,0.0
义乌,侯马,0.0
义乌,呼和浩特,0.0
义乌,包头,0.0
义乌,沈阳,0.0
义乌,大连,0.0
义乌,锦州,0.0
义乌,长春,0.0
义乌,哈尔滨,0.0
义乌,上海,38777.992600000005
义乌,南京,15629.4022
义乌,常州,0.0
义乌,无锡,30340.1634
义乌,苏州,33211.2788
义乌,徐州,0.0
义乌,连云港,0.0
义乌,淮安,0.0
义乌,盐城,0.0
义乌,扬州,0.0
义乌,南通,0.0
义乌,杭州,142765.181
义乌,湖州,4188.9494
义乌,嘉兴,7718.719000000001
义乌,宁波,14679.644400000001
义乌,台州,7358.209400000001
义乌,金华,164380.68580000004
义乌,义乌,0.0
义乌,温州,12270.8754
义乌,合肥,34213.864
义乌,蚌埠,0.0
义乌,芜湖,5811.6368
义乌,安庆,0.0
义乌,福州,51756.268800000005
义乌,厦门,0.0
义乌,泉州,0.0
义乌,南昌,0.0
义乌,鹰潭,8597.756800000001
义乌,赣州,0.0
义乌,济南,52032.177200000006
义乌,潍坊,0.0
义乌,烟台,0.0
义乌,青岛,27128.997000000003
义乌,济宁,0.0
义乌,临沂,0.0
义乌,郑州,70686.8334
义乌,漯河,0.0
义乌,信阳,0.0
义乌,洛阳,0.0
义乌,武汉,64471.99220000001
义乌,荆州,0.0
义乌,襄阳,0.0
义乌,长沙,41053.808000000005
义乌,常德,0.0
义乌,衡阳,0.0
义乌,广州,82992.3114
义乌,汕头,0.0
义乌,深圳,0.0
义乌,东莞,0.0
义乌,湛江,0.0
义乌,中山,0.0
义乌,南宁,0.0
义乌,柳州,0.0
义乌,海口,0.0
义乌,重庆,0.0
义乌,成都,0.0
义乌,南充,0.0
义乌,内江,0.0
义乌,贵阳,0.0
义乌,昆明,0.0
义乌,大理州,0.0
义乌,拉萨,0.0
义乌,西安,0.0
义乌,宝鸡,0.0
义乌,兰州,0.0
义乌,西宁,0.0
义乌,银川,0.0
义乌,乌鲁木齐,0.0
义乌,阿克苏,0.0
义乌,喀什,0.0
温州,北京,0.0
温州,天津,0.0
温州,石家庄,0.0
温州,唐山,0.0
温州,廊坊,0.0
温州,保定,0.0
温州,太原,0.0
温州,侯马,0.0
温州,呼和浩特,0.0
温州,包头,0.0
温州,沈阳,0.0
温州,大连,0.0
温州,锦州,0.0
温州,长春,0.0
温州,哈尔滨,0.0
温州,上海,8514.6926
温州,南京,3982.261
温州,常州,12449.1888
温州,无锡,5591.863
温州,苏州,8173.312800000001
温州,徐州,0.0
温州,连云港,0.0
温州,淮安,0.0
温州,盐城,0.0
温州,扬州,0.0
温州,南通,2606.7230000000004
温州,杭州,31545.737400000005
温州,湖州,2008.4628000000002
温州,嘉兴,3840.2880000000005
温州,宁波,7714.2588
温州,台州,6880.0108
温州,金华,23002.030400000003
温州,义乌,1632.163
温州,温州,0.0
温州,合肥,5991.9758
温州,蚌埠,0.0
温州,芜湖,0.0
温州,安庆,0.0
温州,福州,22728.1624
温州,厦门,0.0
温州,泉州,0.0
温州,南昌,0.0
温州,鹰潭,1885.5104000000001
温州,赣州,0.0
温州,济南,8787.447400000001
温州,潍坊,0.0
温州,烟台,0.0
温州,青岛,5047.674800000001
温州,济宁,0.0
温州,临沂,0.0
温州,郑州,14609.0382
温州,漯河,0.0
温州,信阳,0.0
温州,洛阳,0.0
温州,武汉,15442.359
温州,荆州,0.0
温州,襄阳,0.0
温州,长沙,9204.0074
温州,常德,0.0
温州,衡阳,0.0
温州,广州,19610.9886
温州,汕头,0.0
温州,深圳,0.0
温州,东莞,0.0
温州,湛江,0.0
温州,中山,5982.8324
温州,南宁,0.0
温州,柳州,0.0
温州,海口,0.0
温州,重庆,0.0
温州,成都,8066.034000000001
温州,南充,0.0
温州,内江,0.0
温州,贵阳,0.0
温州,昆明,0.0
温州,大理州,0.0
温州,拉萨,0.0
温州,西安,0.0
温州,宝鸡,0.0
温州,兰州,0.0
温州,西宁,0.0
温州,银川,0.0
温州,乌鲁木齐,0.0
温州,阿克苏,0.0
温州,喀什,0.0
合肥,北京,19404.9156
合肥,天津,25059.143600000003
合肥,石家庄,12421.776200000002
合肥,唐山,0.0
合肥,廊坊,0.0
合肥,保定,0.0
合肥,太原,8220.5298
合肥,侯马,0.0
合肥,呼和浩特,6951.906000000001
合肥,包头,0.0
合肥,沈阳,0.0
合肥,大连,0.0
合肥,锦州,17581.737800000003
合肥,长春,16823.55
合肥,哈尔滨,26225.737200000003
合肥,上海,23857.7938
合肥,南京,26536.6276
合肥,常州,0.0
合肥,无锡,8649.8356
合肥,苏州,12540.5784
合肥,徐州,46331.392
合肥,连云港,0.0
合肥,淮安,0.0
合肥,盐城,0.0
合肥,扬州,0.0
合肥,南通,0.0
合肥,杭州,15411.7558
合肥,湖州,0.0
合肥,嘉兴,0.0
合肥,宁波,6354.759000000001
合肥,台州,0.0
合肥,金华,15891.323000000002
合肥,义乌,0.0
合肥,温州,12134.1362
合肥,合肥,0.0
合肥,蚌埠,36503.7494
合肥,芜湖,16058.1676
合肥,安庆,33251.603800000004
合肥,福州,8711.295600000001
合肥,厦门,13589.815200000001
合肥,泉州,0.0
合肥,南昌,34191.1892
合肥,鹰潭,0.0
合肥,赣州,0.0
合肥,济南,31050.447600000003
合肥,潍坊,0.0
合肥,烟台,0.0
合肥,青岛,41251.81940000001
合肥,济宁,0.0
合肥,临沂,0.0
合肥,郑州,20887.754600000004
合肥,漯河,0.0
合肥,信阳,70610.8278
合肥,洛阳,0.0
合肥,武汉,31344.679799999998
合肥,荆州,0.0
合肥,襄阳,0.0
合肥,长沙,23640.462000000003
合肥,常德,0.0
合肥,衡阳,0.0
合肥,广州,29265.383200000004
合肥,汕头,0.0
合肥,深圳,34377.743800000004
合肥,东莞,32116.612800000003
合肥,湛江,0.0
合肥,中山,6500.612000000001
合肥,南宁,11323.939
合肥,柳州,0.0
合肥,海口,0.0
合肥,重庆,25238.114
合肥,成都,23585.4378
合肥,南充,0.0
合肥,内江,0.0
合肥,贵阳,14481.095400000002
合肥,昆明,11957.791000000001
合肥,大理州,0.0
合肥,拉萨,0.0
合肥,西安,35461.9274
合肥,宝鸡,0.0
合肥,兰州,0.0
合肥,西宁,0.0
合肥,银川,0.0
合肥,乌鲁木齐,0.0
合肥,阿克苏,0.0
合肥,喀什,0.0
蚌埠,北京,9520.270400000001
蚌埠,天津,11052.366800000002
蚌埠,石家庄,8081.9186
蚌埠,唐山,0.0
蚌埠,廊坊,0.0
蚌埠,保定,0.0
蚌埠,太原,5550.854200000001
蚌埠,侯马,0.0
蚌埠,呼和浩特,6845.200000000001
蚌埠,包头,0.0
蚌埠,沈阳,8449.137
蚌埠,大连,0.0
蚌埠,锦州,0.0
蚌埠,长春,6882.1058
蚌埠,哈尔滨,0.0
蚌埠,上海,9541.6488
蚌埠,南京,16669.342
蚌埠,常州,0.0
蚌埠,无锡,6780.1302000000005
蚌埠,苏州,5646.507799999999
蚌埠,徐州,22027.899800000003
蚌埠,连云港,0.0
蚌埠,淮安,0.0
蚌埠,盐城,0.0
蚌埠,扬州,0.0
蚌埠,南通,0.0
蚌埠,杭州,4966.6066
蚌埠,湖州,0.0
蚌埠,嘉兴,0.0
蚌埠,宁波,0.0
蚌埠,台州,0.0
蚌埠,金华,1947.7366000000002
蚌埠,义乌,0.0
蚌埠,温州,0.0
蚌埠,合肥,21068.735800000002
蚌埠,蚌埠,0.0
蚌埠,芜湖,9046.0064
蚌埠,安庆,4715.6318
蚌埠,福州,8270.2656
蚌埠,厦门,0.0
蚌埠,泉州,0.0
蚌埠,南昌,6813.2948
蚌埠,鹰潭,0.0
蚌埠,赣州,0.0
蚌埠,济南,18145.2566
蚌埠,潍坊,0.0
蚌埠,烟台,0.0
蚌埠,青岛,0.0
蚌埠,济宁,0.0
蚌埠,临沂,0.0
蚌埠,郑州,20096.084800000004
蚌埠,漯河,0.0
蚌埠,信阳,0.0
蚌埠,洛阳,0.0
蚌埠,武汉,9895.055400000001
蚌埠,荆州,0.0
蚌埠,襄阳,0.0
蚌埠,长沙,11590.0396
蚌埠,常德,0.0
蚌埠,衡阳,0.0
蚌埠,广州,20968.151
蚌埠,汕头,0.0
蚌埠,深圳,0.0
蚌埠,东莞,0.0
蚌埠,湛江,0.0
蚌埠,中山,0.0
蚌埠,南宁,6047.014800000001
蚌埠,柳州,0.0
蚌埠,海口,0.0
蚌埠,重庆,7475.6976
蚌埠,成都,9035.556400000001
蚌埠,南充,0.0
蚌埠,内江,0.0
蚌埠,贵阳,9733.1568
蚌埠,昆明,0.0
蚌埠,大理州,0.0
蚌埠,拉萨,0.0
蚌埠,西安,15112.7682
蚌埠,宝鸡,0.0
蚌埠,兰州,0.0
蚌埠,西宁,0.0
蚌埠,银川,0.0
蚌埠,乌鲁木齐,0.0
蚌埠,阿克苏,0.0
蚌埠,喀什,0.0
芜湖,北京,0.0
芜湖,天津,0.0
芜湖,石家庄,4438.734200000001
芜湖,唐山,0.0
芜湖,廊坊,0.0
芜湖,保定,0.0
芜湖,太原,2464.75
芜湖,侯马,0.0
芜湖,呼和浩特,0.0
芜湖,包头,0.0
芜湖,沈阳,0.0
芜湖,大连,0.0
芜湖,锦州,0.0
芜湖,长春,0.0
芜湖,哈尔滨,0.0
芜湖,上海,5498.0888
芜湖,南京,15313.3428
芜湖,常州,0.0
芜湖,无锡,2529.681
芜湖,苏州,0.0
芜湖,徐州,0.0
芜湖,连云港,0.0
芜湖,淮安,0.0
芜湖,盐城,0.0
芜湖,扬州,0.0
芜湖,南通,0.0
芜湖,杭州,5324.480800000001
芜湖,湖州,0.0
芜湖,嘉兴,0.0
芜湖,宁波,1316.9762
芜湖,台州,0.0
芜湖,金华,978.7028
芜湖,义乌,0.0
芜湖,温州,0.0
芜湖,合肥,13447.247200000002
芜湖,蚌埠,11116.5714
芜湖,芜湖,0.0
芜湖,安庆,8925.7736
芜湖,福州,5405.859
芜湖,厦门,0.0
芜湖,泉州,0.0
芜湖,南昌,17893.486
芜湖,鹰潭,0.0
芜湖,赣州,0.0
芜湖,济南,8666.6224
芜湖,潍坊,0.0
芜湖,烟台,0.0
芜湖,青岛,0.0
芜湖,济宁,0.0
芜湖,临沂,0.0
芜湖,郑州,8152.175000000001
芜湖,漯河,0.0
芜湖,信阳,0.0
芜湖,洛阳,0.0
芜湖,武汉,7118.473
芜湖,荆州,0.0
芜湖,襄阳,0.0
芜湖,长沙,5578.0216
芜湖,常德,0.0
芜湖,衡阳,0.0
芜湖,广州,0.0
芜湖,汕头,0.0
芜湖,深圳,0.0
芜湖,东莞,0.0
芜湖,湛江,0.0
芜湖,中山,3823.8954000000003
芜湖,南宁,4404.7886
芜湖,柳州,0.0
芜湖,海口,0.0
芜湖,重庆,0.0
芜湖,成都,6109.0476
芜湖,南充,0.0
芜湖,内江,0.0
芜湖,贵阳,0.0
芜湖,昆明,0.0
芜湖,大理州,0.0
芜湖,拉萨,0.0
芜湖,西安,9820.7108
芜湖,宝鸡,0.0
芜湖,兰州,0.0
芜湖,西宁,0.0
芜湖,银川,0.0
芜湖,乌鲁木齐,0.0
芜湖,阿克苏,0.0
芜湖,喀什,0.0
安庆,北京,0.0
安庆,天津,10659.481000000002
安庆,石家庄,5831.500400000001
安庆,唐山,0.0
安庆,廊坊,0.0
安庆,保定,0.0
安庆,太原,4146.5794000000005
安庆,侯马,0.0
安庆,呼和浩特,2770.1984
安庆,包头,0.0
安庆,沈阳,0.0
安庆,大连,0.0
安庆,锦州,9935.315600000002
安庆,长春,7447.4022
安庆,哈尔滨,0.0
安庆,上海,8439.1358
安庆,南京,15130.398000000001
安庆,常州,0.0
安庆,无锡,9574.211
安庆,苏州,0.0
安庆,徐州,0.0
安庆,连云港,0.0
安庆,淮安,0.0
安庆,盐城,0.0
安庆,扬州,0.0
安庆,南通,0.0
安庆,杭州,10483.9094
安庆,湖州,0.0
安庆,嘉兴,0.0
安庆,宁波,0.0
安庆,台州,0.0
安庆,金华,14428.7242
安庆,义乌,0.0
安庆,温州,0.0
安庆,合肥,24077.3344
安庆,蚌埠,5215.7344
安庆,芜湖,7778.704
安庆,安庆,0.0
安庆,福州,0.0
安庆,厦门,0.0
安庆,泉州,12409.278400000001
安庆,南昌,0.0
安庆,鹰潭,9317.717400000001
安庆,赣州,0.0
安庆,济南,13132.469400000002
安庆,潍坊,0.0
安庆,烟台,0.0
安庆,青岛,0.0
安庆,济宁,0.0
安庆,临沂,0.0
安庆,郑州,12186.266800000001
安庆,漯河,0.0
安庆,信阳,0.0
安庆,洛阳,0.0
安庆,武汉,12289.548999999999
安庆,荆州,0.0
安庆,襄阳,0.0
安庆,长沙,8448.0858
安庆,常德,0.0
安庆,衡阳,0.0
安庆,广州,28873.625400000004
安庆,汕头,0.0
安庆,深圳,0.0
安庆,东莞,0.0
安庆,湛江,0.0
安庆,中山,0.0
安庆,南宁,5051.0764
安庆,柳州,0.0
安庆,海口,0.0
安庆,重庆,0.0
安庆,成都,9903.0856
安庆,南充,0.0
安庆,内江,0.0
安庆,贵阳,13783.031400000002
安庆,昆明,0.0
安庆,大理州,0.0
安庆,拉萨,0.0
安庆,西安,13161.483800000002
安庆,宝鸡,0.0
安庆,兰州,0.0
安庆,西宁,0.0
安庆,银川,0.0
安庆,乌鲁木齐,0.0
安庆,阿克苏,0.0
安庆,喀什,0.0
福州,北京,10320.6126
福州,天津,0.0
福州,石家庄,10634.1532
福州,唐山,0.0
福州,廊坊,0.0
福州,保定,0.0
福州,太原,0.0
福州,侯马,0.0
福州,呼和浩特,0.0
福州,包头,0.0
福州,沈阳,4314.5298
福州,大连,0.0
福州,锦州,0.0
福州,长春,0.0
福州,哈尔滨,0.0
福州,上海,7094.784
福州,南京,3280.9592000000002
福州,常州,0.0
福州,无锡,6222.593800000001
福州,苏州,0.0
福州,徐州,0.0
福州,连云港,0.0
福州,淮安,0.0
福州,盐城,0.0
福州,扬州,0.0
福州,南通,0.0
福州,杭州,5664.8566
福州,湖州,0.0
福州,嘉兴,0.0
福州,宁波,0.0
福州,台州,0.0
福州,金华,4861.6088
福州,义乌,0.0
福州,温州,20119.412000000004
福州,合肥,17617.376800000002
福州,蚌埠,0.0
福州,芜湖,0.0
福州,安庆,0.0
福州,福州,0.0
福州,厦门,30614.309
福州,泉州,57949.6474
福州,南昌,6424.822
福州,鹰潭,0.0
福州,赣州,0.0
福州,济南,7372.6088
福州,潍坊,0.0
福州,烟台,0.0
福州,青岛,0.0
福州,济宁,0.0
福州,临沂,0.0
福州,郑州,11572.9354
福州,漯河,0.0
福州,信阳,0.0
福州,洛阳,0.0
福州,武汉,11111.570800000001
福州,荆州,0.0
福州,襄阳,0.0
福州,长沙,19632.603000000003
福州,常德,0.0
福州,衡阳,0.0
福州,广州,21519.1572
福州,汕头,46094.2882
福州,深圳,14891.958000000002
福州,东莞,0.0
福州,湛江,0.0
福州,中山,5065.4138
福州,南宁,0.0
福州,柳州,0.0
福州,海口,0.0
福州,重庆,0.0
福州,成都,7725.351000000001
福州,南充,0.0
福州,内江,0.0
福州,贵阳,0.0
福州,昆明,0.0
福州,大理州,0.0
福州,拉萨,0.0
福州,西安,8790.626
福州,宝鸡,0.0
福州,兰州,0.0
福州,西宁,0.0
福州,银川,0.0
福州,乌鲁木齐,0.0
福州,阿克苏,0.0
福州,喀什,0.0
厦门,北京,0.0
厦门,天津,0.0
厦门,石家庄,0.0
厦门,唐山,0.0
厦门,廊坊,0.0
厦门,保定,0.0
厦门,太原,0.0
厦门,侯马,0.0
厦门,呼和浩特,0.0
厦门,包头,0.0
厦门,沈阳,0.0
厦门,大连,0.0
厦门,锦州,0.0
厦门,长春,0.0
厦门,哈尔滨,0.0
厦门,上海,11648.100800000002
厦门,南京,7450.548400000001
厦门,常州,0.0
厦门,无锡,2867.1586
厦门,苏州,0.0
厦门,徐州,0.0
厦门,连云港,0.0
厦门,淮安,0.0
厦门,盐城,0.0
厦门,扬州,0.0
厦门,南通,0.0
厦门,杭州,16537.2638
厦门,湖州,0.0
厦门,嘉兴,0.0
厦门,宁波,0.0
厦门,台州,0.0
厦门,金华,13779.7094
厦门,义乌,0.0
厦门,温州,0.0
厦门,合肥,24183.787800000002
厦门,蚌埠,0.0
厦门,芜湖,0.0
厦门,安庆,0.0
厦门,福州,17793.0178
厦门,厦门,0.0
厦门,泉州,34192.4736
厦门,南昌,8413.9246
厦门,鹰潭,0.0
厦门,赣州,0.0
厦门,济南,12646.8754
厦门,潍坊,0.0
厦门,烟台,0.0
厦门,青岛,0.0
厦门,济宁,0.0
厦门,临沂,0.0
厦门,郑州,10241.274800000001
厦门,漯河,0.0
厦门,信阳,0.0
厦门,洛阳,0.0
厦门,武汉,22106.861
厦门,荆州,0.0
厦门,襄阳,0.0
厦门,长沙,11091.4148
厦门,常德,0.0
厦门,衡阳,0.0
厦门,广州,21397.4744
厦门,汕头,50051.2122
厦门,深圳,18463.0816
厦门,东莞,0.0
厦门,湛江,0.0
厦门,中山,0.0
厦门,南宁,3678.1044
厦门,柳州,0.0
厦门,海口,0.0
厦门,重庆,0.0
厦门,成都,8252.2814
厦门,南充,0.0
厦门,内江,0.0
厦门,贵阳,11050.3662
厦门,昆明,0.0
厦门,大理州,0.0
厦门,拉萨,0.0
厦门,西安,15568.777800000002
厦门,宝鸡,0.0
厦门,兰州,0.0
厦门,西宁,0.0
厦门,银川,0.0
厦门,乌鲁木齐,0.0
厦门,阿克苏,0.0
厦门,喀什,0.0
泉州,北京,0.0
泉州,天津,0.0
泉州,石家庄,0.0
泉州,唐山,0.0
泉州,廊坊,0.0
泉州,保定,0.0
泉州,太原,0.0
泉州,侯马,0.0
泉州,呼和浩特,0.0
泉州,包头,0.0
泉州,沈阳,0.0
泉州,大连,0.0
泉州,锦州,0.0
泉州,长春,0.0
泉州,哈尔滨,0.0
泉州,上海,10032.191600000002
泉州,南京,6680.5198
泉州,常州,0.0
泉州,无锡,9657.6074
泉州,苏州,0.0
泉州,徐州,0.0
泉州,连云港,0.0
泉州,淮安,0.0
泉州,盐城,0.0
泉州,扬州,0.0
泉州,南通,0.0
泉州,杭州,11195.160600000001
泉州,湖州,0.0
泉州,嘉兴,0.0
泉州,宁波,0.0
泉州,台州,0.0
泉州,金华,12329.710200000001
泉州,义乌,0.0
泉州,温州,0.0
泉州,合肥,0.0
泉州,蚌埠,0.0
泉州,芜湖,0.0
泉州,安庆,18081.6572
泉州,福州,20140.8302
泉州,厦门,36904.4674
泉州,泉州,0.0
泉州,南昌,8256.8878
泉州,鹰潭,0.0
泉州,赣州,0.0
泉州,济南,26992.129200000003
泉州,潍坊,0.0
泉州,烟台,0.0
泉州,青岛,0.0
泉州,济宁,0.0
泉州,临沂,0.0
泉州,郑州,11344.167200000002
泉州,漯河,0.0
泉州,信阳,0.0
泉州,洛阳,0.0
泉州,武汉,21454.7768
泉州,荆州,0.0
泉州,襄阳,0.0
泉州,长沙,10748.9986
泉州,常德,0.0
泉州,衡阳,0.0
泉州,广州,57083.3092
泉州,汕头,0.0
泉州,深圳,0.0
泉州,东莞,0.0
泉州,湛江,0.0
泉州,中山,13706.5474
泉州,南宁,0.0
泉州,柳州,0.0
泉州,海口,0.0
泉州,重庆,6740.4502
泉州,成都,9280.3878
泉州,南充,0.0
泉州,内江,0.0
泉州,贵阳,0.0
泉州,昆明,0.0
泉州,大理州,0.0
泉州,拉萨,0.0
泉州,西安,18700.770200000003
泉州,宝鸡,0.0
泉州,兰州,0.0
泉州,西宁,0.0
泉州,银川,0.0
泉州,乌鲁木齐,0.0
泉州,阿克苏,0.0
泉州,喀什,0.0
南昌,北京,11569.5042
南昌,天津,24380.6656
南昌,石家庄,11826.005200000001
南昌,唐山,0.0
南昌,廊坊,1602.4222
南昌,保定,0.0
南昌,太原,13567.5022
南昌,侯马,0.0
南昌,呼和浩特,0.0
南昌,包头,0.0
南昌,沈阳,0.0
南昌,大连,0.0
南昌,锦州,6276.541800000001
南昌,长春,5841.362800000001
南昌,哈尔滨,0.0
南昌,上海,12657.409599999999
南昌,南京,11583.849
南昌,常州,0.0
南昌,无锡,0.0
南昌,苏州,0.0
南昌,徐州,0.0
南昌,连云港,0.0
南昌,淮安,0.0
南昌,盐城,0.0
南昌,扬州,0.0
南昌,南通,0.0
南昌,杭州,35376.635
南昌,湖州,0.0
南昌,嘉兴,0.0
南昌,宁波,0.0
南昌,台州,0.0
南昌,金华,0.0
南昌,义乌,0.0
南昌,温州,0.0
南昌,合肥,25090.756400000002
南昌,蚌埠,0.0
南昌,芜湖,0.0
南昌,安庆,0.0
南昌,福州,9314.0854
南昌,厦门,21046.4154
南昌,泉州,0.0
南昌,南昌,0.0
南昌,鹰潭,18863.8116
南昌,赣州,47326.72060000001
南昌,济南,22236.0262
南昌,潍坊,0.0
南昌,烟台,0.0
南昌,青岛,0.0
南昌,济宁,0.0
南昌,临沂,0.0
南昌,郑州,25262.857000000004
南昌,漯河,0.0
南昌,信阳,0.0
南昌,洛阳,0.0
南昌,武汉,22278.8524
南昌,荆州,0.0
南昌,襄阳,0.0
南昌,长沙,26714.757800000003
南昌,常德,0.0
南昌,衡阳,0.0
南昌,广州,47452.648
南昌,汕头,0.0
南昌,深圳,0.0
南昌,东莞,0.0
南昌,湛江,0.0
南昌,中山,0.0
南昌,南宁,0.0
南昌,柳州,0.0
南昌,海口,0.0
南昌,重庆,13652.953800000001
南昌,成都,16454.593800000002
南昌,南充,0.0
南昌,内江,0.0
南昌,贵阳,8681.098600000001
南昌,昆明,9461.5226
南昌,大理州,0.0
南昌,拉萨,0.0
南昌,西安,17191.4726
南昌,宝鸡,0.0
南昌,兰州,12316.0668
南昌,西宁,0.0
南昌,银川,0.0
南昌,乌鲁木齐,0.0
南昌,阿克苏,0.0
南昌,喀什,0.0
鹰潭,北京,0.0
鹰潭,天津,0.0
鹰潭,石家庄,0.0
鹰潭,唐山,0.0
鹰潭,廊坊,0.0
鹰潭,保定,0.0
鹰潭,太原,0.0
鹰潭,侯马,0.0
鹰潭,呼和浩特,0.0
鹰潭,包头,0.0
鹰潭,沈阳,0.0
鹰潭,大连,0.0
鹰潭,锦州,0.0
鹰潭,长春,0.0
鹰潭,哈尔滨,0.0
鹰潭,上海,4181.0432
鹰潭,南京,12175.207
鹰潭,常州,0.0
鹰潭,无锡,0.0
鹰潭,苏州,0.0
鹰潭,徐州,0.0
鹰潭,连云港,0.0
鹰潭,淮安,0.0
鹰潭,盐城,0.0
鹰潭,扬州,0.0
鹰潭,南通,0.0
鹰潭,杭州,0.0
鹰潭,湖州,0.0
鹰潭,嘉兴,0.0
鹰潭,宁波,0.0
鹰潭,台州,0.0
鹰潭,金华,13330.54
鹰潭,义乌,0.0
鹰潭,温州,0.0
鹰潭,合肥,0.0
鹰潭,蚌埠,0.0
鹰潭,芜湖,0.0
鹰潭,安庆,0.0
鹰潭,福州,0.0
鹰潭,厦门,0.0
鹰潭,泉州,0.0
鹰潭,南昌,23223.7086
鹰潭,鹰潭,0.0
鹰潭,赣州,27829.944400000004
鹰潭,济南,0.0
鹰潭,潍坊,0.0
鹰潭,烟台,0.0
鹰潭,青岛,0.0
鹰潭,济宁,0.0
鹰潭,临沂,0.0
鹰潭,郑州,0.0
鹰潭,漯河,0.0
鹰潭,信阳,0.0
鹰潭,洛阳,0.0
鹰潭,武汉,0.0
鹰潭,荆州,0.0
鹰潭,襄阳,0.0
鹰潭,长沙,0.0
鹰潭,常德,0.0
鹰潭,衡阳,0.0
鹰潭,广州,0.0
鹰潭,汕头,0.0
鹰潭,深圳,0.0
鹰潭,东莞,0.0
鹰潭,湛江,0.0
鹰潭,中山,0.0
鹰潭,南宁,0.0
鹰潭,柳州,0.0
鹰潭,海口,0.0
鹰潭,重庆,0.0
鹰潭,成都,0.0
鹰潭,南充,0.0
鹰潭,内江,0.0
鹰潭,贵阳,0.0
鹰潭,昆明,0.0
鹰潭,大理州,0.0
鹰潭,拉萨,0.0
鹰潭,西安,0.0
鹰潭,宝鸡,0.0
鹰潭,兰州,0.0
鹰潭,西宁,0.0
鹰潭,银川,0.0
鹰潭,乌鲁木齐,0.0
鹰潭,阿克苏,0.0
鹰潭,喀什,0.0
赣州,北京,0.0
赣州,天津,0.0
赣州,石家庄,0.0
赣州,唐山,0.0
赣州,廊坊,0.0
赣州,保定,0.0
赣州,太原,0.0
赣州,侯马,0.0
赣州,呼和浩特,0.0
赣州,包头,0.0
赣州,沈阳,0.0
赣州,大连,0.0
赣州,锦州,0.0
赣州,长春,0.0
赣州,哈尔滨,0.0
赣州,上海,0.0
赣州,南京,0.0
赣州,常州,0.0
赣州,无锡,0.0
赣州,苏州,0.0
赣州,徐州,0.0
赣州,连云港,0.0
赣州,淮安,0.0
赣州,盐城,0.0
赣州,扬州,0.0
赣州,南通,0.0
赣州,杭州,0.0
赣州,湖州,0.0
赣州,嘉兴,0.0
赣州,宁波,0.0
赣州,台州,0.0
赣州,金华,0.0
赣州,义乌,0.0
赣州,温州,0.0
赣州,合肥,0.0
赣州,蚌埠,0.0
赣州,芜湖,0.0
赣州,安庆,0.0
赣州,福州,0.0
赣州,厦门,0.0
赣州,泉州,0.0
赣州,南昌,57976.454000000005
赣州,鹰潭,11168.1866
赣州,赣州,0.0
赣州,济南,0.0
赣州,潍坊,0.0
赣州,烟台,0.0
赣州,青岛,0.0
赣州,济宁,0.0
赣州,临沂,0.0
赣州,郑州,0.0
赣州,漯河,0.0
赣州,信阳,0.0
赣州,洛阳,0.0
赣州,武汉,0.0
赣州,荆州,0.0
赣州,襄阳,0.0
赣州,长沙,0.0
赣州,常德,0.0
赣州,衡阳,0.0
赣州,广州,21653.1102
赣州,汕头,0.0
赣州,深圳,12981.663
赣州,东莞,0.0
赣州,湛江,0.0
赣州,中山,0.0
赣州,南宁,7916.1104000000005
赣州,柳州,0.0
赣州,海口,0.0
赣州,重庆,0.0
赣州,成都,0.0
赣州,南充,0.0
赣州,内江,0.0
赣州,贵阳,0.0
赣州,昆明,0.0
赣州,大理州,0.0
赣州,拉萨,0.0
赣州,西安,0.0
赣州,宝鸡,0.0
赣州,兰州,0.0
赣州,西宁,0.0
赣州,银川,0.0
赣州,乌鲁木齐,0.0
赣州,阿克苏,0.0
赣州,喀什,0.0
济南,北京,53347.48040000001
济南,天津,36325.287000000004
济南,石家庄,30912.858
济南,唐山,0.0
济南,廊坊,14849.1568
济南,保定,0.0
济南,太原,18465.0276
济南,侯马,0.0
济南,呼和浩特,22719.3022
济南,包头,0.0
济南,沈阳,38071.985400000005
济南,大连,0.0
济南,锦州,0.0
济南,长春,17360.288200000003
济南,哈尔滨,28680.982
济南,上海,14167.4086
济南,南京,13127.136600000002
济南,常州,0.0
济南,无锡,26310.9038
济南,苏州,0.0
济南,徐州,36339.4384
济南,连云港,0.0
济南,淮安,0.0
济南,盐城,0.0
济南,扬州,0.0
济南,南通,0.0
济南,杭州,8484.528
济南,湖州,0.0
济南,嘉兴,0.0
济南,宁波,0.0
济南,台州,0.0
济南,金华,3807.1854000000003
济南,义乌,0.0
济南,温州,0.0
济南,合肥,29369.771200000003
济南,蚌埠,9605.9848
济南,芜湖,0.0
济南,安庆,0.0
济南,福州,21955.256
济南,厦门,0.0
济南,泉州,0.0
济南,南昌,12314.143
济南,鹰潭,0.0
济南,赣州,0.0
济南,济南,0.0
济南,潍坊,68856.3972
济南,烟台,61618.1328
济南,青岛,36104.8812
济南,济宁,89595.073
济南,临沂,87899.81860000001
济南,郑州,42165.9382
济南,漯河,0.0
济南,信阳,0.0
济南,洛阳,5993.3296
济南,武汉,14395.8844
济南,荆州,0.0
济南,襄阳,0.0
济南,长沙,18195.8354
济南,常德,0.0
济南,衡阳,0.0
济南,广州,21927.895200000003
济南,汕头,0.0
济南,深圳,0.0
济南,东莞,0.0
济南,湛江,0.0
济南,中山,0.0
济南,南宁,5612.6242
济南,柳州,0.0
济南,海口,0.0
济南,重庆,14154.5166
济南,成都,18458.450200000003
济南,南充,0.0
济南,内江,0.0
济南,贵阳,18280.305200000003
济南,昆明,0.0
济南,大理州,0.0
济南,拉萨,0.0
济南,西安,23671.950800000002
济南,宝鸡,0.0
济南,兰州,19673.9218
济南,西宁,0.0
济南,银川,0.0
济南,乌鲁木齐,0.0
济南,阿克苏,0.0
济南,喀什,0.0
潍坊,北京,0.0
潍坊,天津,0.0
潍坊,石家庄,0.0
潍坊,唐山,0.0
潍坊,廊坊,0.0
潍坊,保定,0.0
潍坊,太原,0.0
潍坊,侯马,0.0
潍坊,呼和浩特,0.0
潍坊,包头,0.0
潍坊,沈阳,0.0
潍坊,大连,0.0
潍坊,锦州,0.0
潍坊,长春,0.0
潍坊,哈尔滨,0.0
潍坊,上海,0.0
潍坊,南京,0.0
潍坊,常州,0.0
潍坊,无锡,0.0
潍坊,苏州,0.0
潍坊,徐州,0.0
潍坊,连云港,0.0
潍坊,淮安,0.0
潍坊,盐城,0.0
潍坊,扬州,0.0
潍坊,南通,0.0
潍坊,杭州,0.0
潍坊,湖州,0.0
潍坊,嘉兴,0.0
潍坊,宁波,0.0
潍坊,台州,0.0
潍坊,金华,0.0
潍坊,义乌,0.0
潍坊,温州,0.0
潍坊,合肥,0.0
潍坊,蚌埠,0.0
潍坊,芜湖,0.0
潍坊,安庆,0.0
潍坊,福州,0.0
潍坊,厦门,0.0
潍坊,泉州,0.0
潍坊,南昌,0.0
潍坊,鹰潭,0.0
潍坊,赣州,0.0
潍坊,济南,53379.70300000001
潍坊,潍坊,0.0
潍坊,烟台,1898.3950000000002
潍坊,青岛,10309.8924
潍坊,济宁,581.2874
潍坊,临沂,9992.8808
潍坊,郑州,0.0
潍坊,漯河,0.0
潍坊,信阳,0.0
潍坊,洛阳,0.0
潍坊,武汉,0.0
潍坊,荆州,0.0
潍坊,襄阳,0.0
潍坊,长沙,0.0
潍坊,常德,0.0
潍坊,衡阳,0.0
潍坊,广州,0.0
潍坊,汕头,0.0
潍坊,深圳,0.0
潍坊,东莞,0.0
潍坊,湛江,0.0
潍坊,中山,0.0
潍坊,南宁,0.0
潍坊,柳州,0.0
潍坊,海口,0.0
潍坊,重庆,0.0
潍坊,成都,0.0
潍坊,南充,0.0
潍坊,内江,0.0
潍坊,贵阳,0.0
潍坊,昆明,0.0
潍坊,大理州,0.0
潍坊,拉萨,0.0
潍坊,西安,0.0
潍坊,宝鸡,0.0
潍坊,兰州,0.0
潍坊,西宁,0.0
潍坊,银川,0.0
潍坊,乌鲁木齐,0.0
潍坊,阿克苏,0.0
潍坊,喀什,0.0
烟台,北京,0.0
烟台,天津,0.0
烟台,石家庄,0.0
烟台,唐山,0.0
烟台,廊坊,0.0
烟台,保定,0.0
烟台,太原,0.0
烟台,侯马,0.0
烟台,呼和浩特,0.0
烟台,包头,0.0
烟台,沈阳,0.0
烟台,大连,33730.1096
烟台,锦州,0.0
烟台,长春,0.0
烟台,哈尔滨,0.0
烟台,上海,0.0
烟台,南京,0.0
烟台,常州,0.0
烟台,无锡,0.0
烟台,苏州,0.0
烟台,徐州,0.0
烟台,连云港,0.0
烟台,淮安,0.0
烟台,盐城,0.0
烟台,扬州,0.0
烟台,南通,0.0
烟台,杭州,0.0
烟台,湖州,0.0
烟台,嘉兴,0.0
烟台,宁波,0.0
烟台,台州,0.0
烟台,金华,0.0
烟台,义乌,0.0
烟台,温州,0.0
烟台,合肥,0.0
烟台,蚌埠,0.0
烟台,芜湖,0.0
烟台,安庆,0.0
烟台,福州,0.0
烟台,厦门,0.0
烟台,泉州,0.0
烟台,南昌,0.0
烟台,鹰潭,0.0
烟台,赣州,0.0
烟台,济南,24925.273
烟台,潍坊,784.8296
烟台,烟台,0.0
烟台,青岛,16520.3604
烟台,济宁,527.9344
烟台,临沂,2665.7882000000004
烟台,郑州,0.0
烟台,漯河,0.0
烟台,信阳,0.0
烟台,洛阳,0.0
烟台,武汉,0.0
烟台,荆州,0.0
烟台,襄阳,0.0
烟台,长沙,0.0
烟台,常德,0.0
烟台,衡阳,0.0
烟台,广州,0.0
烟台,汕头,0.0
烟台,深圳,0.0
烟台,东莞,0.0
烟台,湛江,0.0
烟台,中山,0.0
烟台,南宁,0.0
烟台,柳州,0.0
烟台,海口,0.0
烟台,重庆,0.0
烟台,成都,0.0
烟台,南充,0.0
烟台,内江,0.0
烟台,贵阳,0.0
烟台,昆明,0.0
烟台,大理州,0.0
烟台,拉萨,0.0
烟台,西安,0.0
烟台,宝鸡,0.0
烟台,兰州,0.0
烟台,西宁,0.0
烟台,银川,0.0
烟台,乌鲁木齐,0.0
烟台,阿克苏,0.0
烟台,喀什,0.0
青岛,北京,20527.0914
青岛,天津,0.0
青岛,石家庄,0.0
青岛,唐山,0.0
青岛,廊坊,0.0
青岛,保定,0.0
青岛,太原,0.0
青岛,侯马,0.0
青岛,呼和浩特,0.0
青岛,包头,0.0
青岛,沈阳,0.0
青岛,大连,0.0
青岛,锦州,0.0
青岛,长春,0.0
青岛,哈尔滨,0.0
青岛,上海,13566.505600000002
青岛,南京,29866.636000000002
青岛,常州,0.0
青岛,无锡,0.0
青岛,苏州,0.0
青岛,徐州,0.0
青岛,连云港,0.0
青岛,淮安,0.0
青岛,盐城,0.0
青岛,扬州,0.0
青岛,南通,0.0
青岛,杭州,8337.5544
青岛,湖州,0.0
青岛,嘉兴,0.0
青岛,宁波,0.0
青岛,台州,0.0
青岛,金华,0.0
青岛,义乌,0.0
青岛,温州,0.0
青岛,合肥,0.0
青岛,蚌埠,0.0
青岛,芜湖,0.0
青岛,安庆,0.0
青岛,福州,0.0
青岛,厦门,0.0
青岛,泉州,0.0
青岛,南昌,0.0
青岛,鹰潭,0.0
青岛,赣州,0.0
青岛,济南,24461.379400000005
青岛,潍坊,8901.303600000001
青岛,烟台,33650.5386
青岛,青岛,0.0
青岛,济宁,1963.1946000000003
青岛,临沂,877.2602
青岛,郑州,0.0
青岛,漯河,0.0
青岛,信阳,0.0
青岛,洛阳,0.0
青岛,武汉,0.0
青岛,荆州,0.0
青岛,襄阳,0.0
青岛,长沙,0.0
青岛,常德,0.0
青岛,衡阳,0.0
青岛,广州,0.0
青岛,汕头,0.0
青岛,深圳,0.0
青岛,东莞,0.0
青岛,湛江,0.0
青岛,中山,5078.700000000001
青岛,南宁,0.0
青岛,柳州,0.0
青岛,海口,0.0
青岛,重庆,0.0
青岛,成都,0.0
青岛,南充,0.0
青岛,内江,0.0
青岛,贵阳,0.0
青岛,昆明,0.0
青岛,大理州,0.0
青岛,拉萨,0.0
青岛,西安,0.0
青岛,宝鸡,0.0
青岛,兰州,0.0
青岛,西宁,0.0
青岛,银川,0.0
青岛,乌鲁木齐,0.0
青岛,阿克苏,0.0
青岛,喀什,0.0
济宁,北京,0.0
济宁,天津,0.0
济宁,石家庄,0.0
济宁,唐山,0.0
济宁,廊坊,0.0
济宁,保定,0.0
济宁,太原,0.0
济宁,侯马,0.0
济宁,呼和浩特,0.0
济宁,包头,0.0
济宁,沈阳,0.0
济宁,大连,0.0
济宁,锦州,0.0
济宁,长春,0.0
济宁,哈尔滨,0.0
济宁,上海,9638.5396
济宁,南京,0.0
济宁,常州,0.0
济宁,无锡,0.0
济宁,苏州,0.0
济宁,徐州,42909.9228
济宁,连云港,0.0
济宁,淮安,0.0
济宁,盐城,0.0
济宁,扬州,0.0
济宁,南通,0.0
济宁,杭州,0.0
济宁,湖州,0.0
济宁,嘉兴,0.0
济宁,宁波,0.0
济宁,台州,0.0
济宁,金华,0.0
济宁,义乌,0.0
济宁,温州,0.0
济宁,合肥,0.0
济宁,蚌埠,0.0
济宁,芜湖,0.0
济宁,安庆,0.0
济宁,福州,0.0
济宁,厦门,0.0
济宁,泉州,0.0
济宁,南昌,0.0
济宁,鹰潭,0.0
济宁,赣州,0.0
济宁,济南,27694.088000000003
济宁,潍坊,804.6312
济宁,烟台,1397.3652
济宁,青岛,1778.7276000000002
济宁,济宁,0.0
济宁,临沂,793.316
济宁,郑州,0.0
济宁,漯河,0.0
济宁,信阳,0.0
济宁,洛阳,0.0
济宁,武汉,0.0
济宁,荆州,0.0
济宁,襄阳,0.0
济宁,长沙,0.0
济宁,常德,0.0
济宁,衡阳,0.0
济宁,广州,9740.0442
济宁,汕头,0.0
济宁,深圳,0.0
济宁,东莞,0.0
济宁,湛江,0.0
济宁,中山,0.0
济宁,南宁,0.0
济宁,柳州,0.0
济宁,海口,0.0
济宁,重庆,0.0
济宁,成都,0.0
济宁,南充,0.0
济宁,内江,0.0
济宁,贵阳,0.0
济宁,昆明,0.0
济宁,大理州,0.0
济宁,拉萨,0.0
济宁,西安,0.0
济宁,宝鸡,0.0
济宁,兰州,0.0
济宁,西宁,0.0
济宁,银川,0.0
济宁,乌鲁木齐,0.0
济宁,阿克苏,0.0
济宁,喀什,0.0
临沂,北京,0.0
临沂,天津,0.0
临沂,石家庄,0.0
临沂,唐山,0.0
临沂,廊坊,0.0
临沂,保定,0.0
临沂,太原,0.0
临沂,侯马,0.0
临沂,呼和浩特,0.0
临沂,包头,0.0
临沂,沈阳,0.0
临沂,大连,0.0
临沂,锦州,0.0
临沂,长春,0.0
临沂,哈尔滨,0.0
临沂,上海,0.0
临沂,南京,0.0
临沂,常州,0.0
临沂,无锡,0.0
临沂,苏州,0.0
临沂,徐州,0.0
临沂,连云港,0.0
临沂,淮安,0.0
临沂,盐城,0.0
临沂,扬州,0.0
临沂,南通,0.0
临沂,杭州,0.0
临沂,湖州,0.0
临沂,嘉兴,0.0
临沂,宁波,0.0
临沂,台州,0.0
临沂,金华,0.0
临沂,义乌,0.0
临沂,温州,0.0
临沂,合肥,0.0
临沂,蚌埠,0.0
临沂,芜湖,0.0
临沂,安庆,0.0
临沂,福州,0.0
临沂,厦门,0.0
临沂,泉州,0.0
临沂,南昌,0.0
临沂,鹰潭,0.0
临沂,赣州,0.0
临沂,济南,24894.200600000004
临沂,潍坊,541.4214000000001
临沂,烟台,1373.2894000000001
临沂,青岛,1192.7718
临沂,济宁,6189.6374
临沂,临沂,0.0
临沂,郑州,22873.904400000003
临沂,漯河,0.0
临沂,信阳,0.0
临沂,洛阳,0.0
临沂,武汉,0.0
临沂,荆州,0.0
临沂,襄阳,0.0
临沂,长沙,0.0
临沂,常德,0.0
临沂,衡阳,0.0
临沂,广州,14132.7366
临沂,汕头,0.0
临沂,深圳,0.0
临沂,东莞,0.0
临沂,湛江,0.0
临沂,中山,0.0
临沂,南宁,0.0
临沂,柳州,0.0
临沂,海口,0.0
临沂,重庆,0.0
临沂,成都,0.0
临沂,南充,0.0
临沂,内江,0.0
临沂,贵阳,0.0
临沂,昆明,0.0
临沂,大理州,0.0
临沂,拉萨,0.0
临沂,西安,0.0
临沂,宝鸡,0.0
临沂,兰州,0.0
临沂,西宁,0.0
临沂,银川,0.0
临沂,乌鲁木齐,0.0
临沂,阿克苏,0.0
临沂,喀什,0.0
郑州,北京,59490.104400000004
郑州,天津,30593.560800000003
郑州,石家庄,34849.861000000004
郑州,唐山,0.0
郑州,廊坊,6296.5368
郑州,保定,0.0
郑州,太原,31328.7314
郑州,侯马,103545.82900000001
郑州,呼和浩特,22093.9912
郑州,包头,0.0
郑州,沈阳,34407.802
郑州,大连,0.0
郑州,锦州,0.0
郑州,长春,26393.8986
郑州,哈尔滨,35901.192800000004
郑州,上海,21531.432
郑州,南京,19259.774200000003
郑州,常州,0.0
郑州,无锡,0.0
郑州,苏州,21557.1614
郑州,徐州,36527.3394
郑州,连云港,0.0
郑州,淮安,0.0
郑州,盐城,0.0
郑州,扬州,0.0
郑州,南通,0.0
郑州,杭州,13451.1124
郑州,湖州,0.0
郑州,嘉兴,0.0
郑州,宁波,0.0
郑州,台州,0.0
郑州,金华,5782.9398
郑州,义乌,0.0
郑州,温州,6680.9214
郑州,合肥,13659.3924
郑州,蚌埠,20916.994800000004
郑州,芜湖,0.0
郑州,安庆,0.0
郑州,福州,11910.792400000002
郑州,厦门,0.0
郑州,泉州,15241.093200000001
郑州,南昌,19281.879
郑州,鹰潭,0.0
郑州,赣州,0.0
郑州,济南,57681.8914
郑州,潍坊,0.0
郑州,烟台,0.0
郑州,青岛,26137.915800000002
郑州,济宁,0.0
郑州,临沂,0.0
郑州,郑州,0.0
郑州,漯河,128690.774
郑州,信阳,37833.3548
郑州,洛阳,99833.68000000001
郑州,武汉,28990.5436
郑州,荆州,0.0
郑州,襄阳,23902.7918
郑州,长沙,38498.37820000001
郑州,常德,0.0
郑州,衡阳,0.0
郑州,广州,41557.3696
郑州,汕头,0.0
郑州,深圳,14797.033600000002
郑州,东莞,27175.5746
郑州,湛江,0.0
郑州,中山,10660.857
郑州,南宁,24270.915200000003
郑州,柳州,0.0
郑州,海口,0.0
郑州,重庆,19943.0992
郑州,成都,29570.6012
郑州,南充,0.0
郑州,内江,0.0
郑州,贵阳,29035.1696
郑州,昆明,13010.213800000001
郑州,大理州,0.0
郑州,拉萨,0.0
郑州,西安,31289.128200000003
郑州,宝鸡,0.0
郑州,兰州,16383.085400000002
郑州,西宁,6675.2786
郑州,银川,53627.404800000004
郑州,乌鲁木齐,19139.2314
郑州,阿克苏,0.0
郑州,喀什,0.0
漯河,北京,0.0
漯河,天津,0.0
漯河,石家庄,0.0
漯河,唐山,0.0
漯河,廊坊,0.0
漯河,保定,0.0
漯河,太原,0.0
漯河,侯马,0.0
漯河,呼和浩特,0.0
漯河,包头,0.0
漯河,沈阳,0.0
漯河,大连,0.0
漯河,锦州,0.0
漯河,长春,0.0
漯河,哈尔滨,0.0
漯河,上海,0.0
漯河,南京,0.0
漯河,常州,0.0
漯河,无锡,0.0
漯河,苏州,0.0
漯河,徐州,0.0
漯河,连云港,0.0
漯河,淮安,0.0
漯河,盐城,0.0
漯河,扬州,0.0
漯河,南通,0.0
漯河,杭州,0.0
漯河,湖州,0.0
漯河,嘉兴,0.0
漯河,宁波,0.0
漯河,台州,0.0
漯河,金华,0.0
漯河,义乌,0.0
漯河,温州,0.0
漯河,合肥,27789.1392
漯河,蚌埠,0.0
漯河,芜湖,0.0
漯河,安庆,0.0
漯河,福州,0.0
漯河,厦门,0.0
漯河,泉州,0.0
漯河,南昌,0.0
漯河,鹰潭,0.0
漯河,赣州,0.0
漯河,济南,0.0
漯河,潍坊,0.0
漯河,烟台,0.0
漯河,青岛,0.0
漯河,济宁,0.0
漯河,临沂,0.0
漯河,郑州,65032.8692
漯河,漯河,0.0
漯河,信阳,2608.5552
漯河,洛阳,12968.694200000002
漯河,武汉,38048.43060000001
漯河,荆州,0.0
漯河,襄阳,0.0
漯河,长沙,0.0
漯河,常德,0.0
漯河,衡阳,0.0
漯河,广州,16273.597800000001
漯河,汕头,0.0
漯河,深圳,0.0
漯河,东莞,0.0
漯河,湛江,0.0
漯河,中山,0.0
漯河,南宁,0.0
漯河,柳州,0.0
漯河,海口,0.0
漯河,重庆,0.0
漯河,成都,0.0
漯河,南充,0.0
漯河,内江,0.0
漯河,贵阳,0.0
漯河,昆明,0.0
漯河,大理州,0.0
漯河,拉萨,0.0
漯河,西安,0.0
漯河,宝鸡,0.0
漯河,兰州,0.0
漯河,西宁,0.0
漯河,银川,0.0
漯河,乌鲁木齐,0.0
漯河,阿克苏,0.0
漯河,喀什,0.0
信阳,北京,0.0
信阳,天津,0.0
信阳,石家庄,0.0
信阳,唐山,0.0
信阳,廊坊,0.0
信阳,保定,0.0
信阳,太原,0.0
信阳,侯马,0.0
信阳,呼和浩特,0.0
信阳,包头,0.0
信阳,沈阳,0.0
信阳,大连,0.0
信阳,锦州,0.0
信阳,长春,0.0
信阳,哈尔滨,0.0
信阳,上海,0.0
信阳,南京,11304.254
信阳,常州,0.0
信阳,无锡,0.0
信阳,苏州,0.0
信阳,徐州,0.0
信阳,连云港,0.0
信阳,淮安,0.0
信阳,盐城,0.0
信阳,扬州,0.0
信阳,南通,0.0
信阳,杭州,3599.431
信阳,湖州,0.0
信阳,嘉兴,0.0
信阳,宁波,0.0
信阳,台州,0.0
信阳,金华,0.0
信阳,义乌,0.0
信阳,温州,0.0
信阳,合肥,6393.968
信阳,蚌埠,0.0
信阳,芜湖,0.0
信阳,安庆,0.0
信阳,福州,0.0
信阳,厦门,0.0
信阳,泉州,0.0
信阳,南昌,0.0
信阳,鹰潭,0.0
信阳,赣州,0.0
信阳,济南,19372.284
信阳,潍坊,0.0
信阳,烟台,0.0
信阳,青岛,0.0
信阳,济宁,0.0
信阳,临沂,0.0
信阳,郑州,21385.74
信阳,漯河,23548.509800000003
信阳,信阳,0.0
信阳,洛阳,17629.805200000003
信阳,武汉,24817.2206
信阳,荆州,0.0
信阳,襄阳,0.0
信阳,长沙,0.0
信阳,常德,0.0
信阳,衡阳,0.0
信阳,广州,10964.798
信阳,汕头,0.0
信阳,深圳,0.0
信阳,东莞,0.0
信阳,湛江,0.0
信阳,中山,0.0
信阳,南宁,0.0
信阳,柳州,0.0
信阳,海口,0.0
信阳,重庆,0.0
信阳,成都,0.0
信阳,南充,0.0
信阳,内江,0.0
信阳,贵阳,0.0
信阳,昆明,0.0
信阳,大理州,0.0
信阳,拉萨,0.0
信阳,西安,0.0
信阳,宝鸡,0.0
信阳,兰州,0.0
信阳,西宁,0.0
信阳,银川,0.0
信阳,乌鲁木齐,0.0
信阳,阿克苏,0.0
信阳,喀什,0.0
洛阳,北京,0.0
洛阳,天津,0.0
洛阳,石家庄,7667.2676
洛阳,唐山,0.0
洛阳,廊坊,0.0
洛阳,保定,0.0
洛阳,太原,6146.6178
洛阳,侯马,0.0
洛阳,呼和浩特,0.0
洛阳,包头,0.0
洛阳,沈阳,0.0
洛阳,大连,0.0
洛阳,锦州,0.0
洛阳,长春,0.0
洛阳,哈尔滨,0.0
洛阳,上海,0.0
洛阳,南京,24798.5544
洛阳,常州,0.0
洛阳,无锡,0.0
洛阳,苏州,0.0
洛阳,徐州,0.0
洛阳,连云港,0.0
洛阳,淮安,0.0
洛阳,盐城,0.0
洛阳,扬州,0.0
洛阳,南通,0.0
洛阳,杭州,3640.0234
洛阳,湖州,0.0
洛阳,嘉兴,0.0
洛阳,宁波,0.0
洛阳,台州,0.0
洛阳,金华,0.0
洛阳,义乌,0.0
洛阳,温州,0.0
洛阳,合肥,6869.3452
洛阳,蚌埠,0.0
洛阳,芜湖,0.0
洛阳,安庆,0.0
洛阳,福州,0.0
洛阳,厦门,0.0
洛阳,泉州,0.0
洛阳,南昌,0.0
洛阳,鹰潭,0.0
洛阳,赣州,0.0
洛阳,济南,12953.203800000001
洛阳,潍坊,0.0
洛阳,烟台,0.0
洛阳,青岛,0.0
洛阳,济宁,0.0
洛阳,临沂,0.0
洛阳,郑州,48704.135200000004
洛阳,漯河,2203.3178000000003
洛阳,信阳,2547.5116
洛阳,洛阳,0.0
洛阳,武汉,13370.939
洛阳,荆州,0.0
洛阳,襄阳,0.0
洛阳,长沙,11262.424400000002
洛阳,常德,0.0
洛阳,衡阳,0.0
洛阳,广州,23747.810200000004
洛阳,汕头,0.0
洛阳,深圳,0.0
洛阳,东莞,0.0
洛阳,湛江,0.0
洛阳,中山,0.0
洛阳,南宁,0.0
洛阳,柳州,0.0
洛阳,海口,0.0
洛阳,重庆,0.0
洛阳,成都,14386.671600000001
洛阳,南充,0.0
洛阳,内江,0.0
洛阳,贵阳,0.0
洛阳,昆明,0.0
洛阳,大理州,0.0
洛阳,拉萨,0.0
洛阳,西安,28148.718800000002
洛阳,宝鸡,0.0
洛阳,兰州,0.0
洛阳,西宁,0.0
洛阳,银川,0.0
洛阳,乌鲁木齐,0.0
洛阳,阿克苏,0.0
洛阳,喀什,0.0
武汉,北京,42567.429800000005
武汉,天津,32353.260400000003
武汉,石家庄,20007.1798
武汉,唐山,0.0
武汉,廊坊,5053.2408000000005
武汉,保定,0.0
武汉,太原,16522.795000000002
武汉,侯马,0.0
武汉,呼和浩特,16625.559
武汉,包头,0.0
武汉,沈阳,17793.722
武汉,大连,0.0
武汉,锦州,0.0
武汉,长春,13094.5448
武汉,哈尔滨,0.0
武汉,上海,30118.8332
武汉,南京,27766.3228
武汉,常州,9595.180400000001
武汉,无锡,0.0
武汉,苏州,16563.7196
武汉,徐州,0.0
武汉,连云港,0.0
武汉,淮安,0.0
武汉,盐城,0.0
武汉,扬州,0.0
武汉,南通,0.0
武汉,杭州,31336.670000000002
武汉,湖州,0.0
武汉,嘉兴,0.0
武汉,宁波,0.0
武汉,台州,0.0
武汉,金华,0.0
武汉,义乌,0.0
武汉,温州,0.0
武汉,合肥,39702.574400000005
武汉,蚌埠,0.0
武汉,芜湖,6807.491000000001
武汉,安庆,0.0
武汉,福州,32667.1258
武汉,厦门,43901.0466
武汉,泉州,0.0
武汉,南昌,31932.0468
武汉,鹰潭,0.0
武汉,赣州,0.0
武汉,济南,30511.518200000002
武汉,潍坊,0.0
武汉,烟台,0.0
武汉,青岛,0.0
武汉,济宁,0.0
武汉,临沂,0.0
武汉,郑州,21038.958000000002
武汉,漯河,0.0
武汉,信阳,57189.7172
武汉,洛阳,0.0
武汉,武汉,0.0
武汉,荆州,32920.7332
武汉,襄阳,51090.27380000001
武汉,长沙,58982.018800000005
武汉,常德,0.0
武汉,衡阳,0.0
武汉,广州,61458.00720000001
武汉,汕头,0.0
武汉,深圳,39749.6822
武汉,东莞,0.0
武汉,湛江,0.0
武汉,中山,0.0
武汉,南宁,43507.657400000004
武汉,柳州,0.0
武汉,海口,0.0
武汉,重庆,33518.5474
武汉,成都,30515.135400000003
武汉,南充,0.0
武汉,内江,0.0
武汉,贵阳,19423.319
武汉,昆明,22335.545000000002
武汉,大理州,0.0
武汉,拉萨,0.0
武汉,西安,51641.751000000004
武汉,宝鸡,0.0
武汉,兰州,36097.198000000004
武汉,西宁,0.0
武汉,银川,0.0
武汉,乌鲁木齐,0.0
武汉,阿克苏,0.0
武汉,喀什,0.0
荆州,北京,0.0
荆州,天津,0.0
荆州,石家庄,0.0
荆州,唐山,0.0
荆州,廊坊,0.0
荆州,保定,0.0
荆州,太原,0.0
荆州,侯马,0.0
荆州,呼和浩特,0.0
荆州,包头,0.0
荆州,沈阳,0.0
荆州,大连,0.0
荆州,锦州,0.0
荆州,长春,0.0
荆州,哈尔滨,0.0
荆州,上海,0.0
荆州,南京,0.0
荆州,常州,0.0
荆州,无锡,4422.7506
荆州,苏州,0.0
荆州,徐州,0.0
荆州,连云港,0.0
荆州,淮安,0.0
荆州,盐城,0.0
荆州,扬州,0.0
荆州,南通,0.0
荆州,杭州,3269.1878
荆州,湖州,0.0
荆州,嘉兴,0.0
荆州,宁波,0.0
荆州,台州,0.0
荆州,金华,0.0
荆州,义乌,0.0
荆州,温州,0.0
荆州,合肥,0.0
荆州,蚌埠,0.0
荆州,芜湖,0.0
荆州,安庆,0.0
荆州,福州,0.0
荆州,厦门,0.0
荆州,泉州,0.0
荆州,南昌,0.0
荆州,鹰潭,0.0
荆州,赣州,0.0
荆州,济南,0.0
荆州,潍坊,0.0
荆州,烟台,0.0
荆州,青岛,0.0
荆州,济宁,0.0
荆州,临沂,0.0
荆州,郑州,0.0
荆州,漯河,0.0
荆州,信阳,0.0
荆州,洛阳,0.0
荆州,武汉,25893.515600000002
荆州,荆州,0.0
荆州,襄阳,1806.2966000000001
荆州,长沙,0.0
荆州,常德,0.0
荆州,衡阳,0.0
荆州,广州,0.0
荆州,汕头,0.0
荆州,深圳,0.0
荆州,东莞,0.0
荆州,湛江,0.0
荆州,中山,9257.323400000001
荆州,南宁,0.0
荆州,柳州,0.0
荆州,海口,0.0
荆州,重庆,0.0
荆州,成都,0.0
荆州,南充,0.0
荆州,内江,0.0
荆州,贵阳,0.0
荆州,昆明,0.0
荆州,大理州,0.0
荆州,拉萨,0.0
荆州,西安,0.0
荆州,宝鸡,0.0
荆州,兰州,0.0
荆州,西宁,0.0
荆州,银川,0.0
荆州,乌鲁木齐,0.0
荆州,阿克苏,0.0
荆州,喀什,0.0
襄阳,北京,0.0
襄阳,天津,0.0
襄阳,石家庄,0.0
襄阳,唐山,0.0
襄阳,廊坊,0.0
襄阳,保定,0.0
襄阳,太原,0.0
襄阳,侯马,0.0
襄阳,呼和浩特,0.0
襄阳,包头,0.0
襄阳,沈阳,0.0
襄阳,大连,0.0
襄阳,锦州,0.0
襄阳,长春,0.0
襄阳,哈尔滨,0.0
襄阳,上海,0.0
襄阳,南京,0.0
襄阳,常州,0.0
襄阳,无锡,0.0
襄阳,苏州,0.0
襄阳,徐州,0.0
襄阳,连云港,0.0
襄阳,淮安,0.0
襄阳,盐城,0.0
襄阳,扬州,0.0
襄阳,南通,0.0
襄阳,杭州,0.0
襄阳,湖州,0.0
襄阳,嘉兴,0.0
襄阳,宁波,0.0
襄阳,台州,0.0
襄阳,金华,0.0
襄阳,义乌,0.0
襄阳,温州,0.0
襄阳,合肥,0.0
襄阳,蚌埠,0.0
襄阳,芜湖,0.0
襄阳,安庆,0.0
襄阳,福州,0.0
襄阳,厦门,0.0
襄阳,泉州,0.0
襄阳,南昌,0.0
襄阳,鹰潭,0.0
襄阳,赣州,0.0
襄阳,济南,0.0
襄阳,潍坊,0.0
襄阳,烟台,0.0
襄阳,青岛,0.0
襄阳,济宁,0.0
襄阳,临沂,0.0
襄阳,郑州,36009.2748
襄阳,漯河,0.0
襄阳,信阳,0.0
襄阳,洛阳,0.0
襄阳,武汉,39516.9942
襄阳,荆州,4464.649600000001
襄阳,襄阳,0.0
襄阳,长沙,0.0
襄阳,常德,0.0
襄阳,衡阳,0.0
襄阳,广州,0.0
襄阳,汕头,0.0
襄阳,深圳,0.0
襄阳,东莞,0.0
襄阳,湛江,0.0
襄阳,中山,0.0
襄阳,南宁,0.0
襄阳,柳州,0.0
襄阳,海口,0.0
襄阳,重庆,0.0
襄阳,成都,0.0
襄阳,南充,0.0
襄阳,内江,0.0
襄阳,贵阳,0.0
襄阳,昆明,0.0
襄阳,大理州,0.0
襄阳,拉萨,0.0
襄阳,西安,0.0
襄阳,宝鸡,0.0
襄阳,兰州,0.0
襄阳,西宁,0.0
襄阳,银川,0.0
襄阳,乌鲁木齐,0.0
襄阳,阿克苏,0.0
襄阳,喀什,0.0
长沙,北京,22622.2504
长沙,天津,11532.003400000001
长沙,石家庄,12996.6028
长沙,唐山,0.0
长沙,廊坊,1941.0898000000002
长沙,保定,0.0
长沙,太原,7206.490600000001
长沙,侯马,0.0
长沙,呼和浩特,8793.192000000001
长沙,包头,0.0
长沙,沈阳,9199.550000000001
长沙,大连,0.0
长沙,锦州,0.0
长沙,长春,6377.4514
长沙,哈尔滨,15982.231400000002
长沙,上海,13173.897400000002
长沙,南京,14270.358600000001
长沙,常州,3695.6102
长沙,无锡,0.0
长沙,苏州,7700.479400000001
长沙,徐州,0.0
长沙,连云港,0.0
长沙,淮安,0.0
长沙,盐城,0.0
长沙,扬州,0.0
长沙,南通,0.0
长沙,杭州,15813.043800000001
长沙,湖州,0.0
长沙,嘉兴,0.0
长沙,宁波,0.0
长沙,台州,0.0
长沙,金华,26700.2668
长沙,义乌,0.0
长沙,温州,0.0
长沙,合肥,22887.500600000003
长沙,蚌埠,0.0
长沙,芜湖,0.0
长沙,安庆,10561.192000000001
长沙,福州,21564.589200000002
长沙,厦门,19896.517
长沙,泉州,0.0
长沙,南昌,28164.990200000004
长沙,鹰潭,0.0
长沙,赣州,0.0
长沙,济南,23532.7992
长沙,潍坊,0.0
长沙,烟台,0.0
长沙,青岛,0.0
长沙,济宁,0.0
长沙,临沂,0.0
长沙,郑州,26596.072200000002
长沙,漯河,0.0
长沙,信阳,0.0
长沙,洛阳,0.0
长沙,武汉,29086.3434
长沙,荆州,0.0
长沙,襄阳,0.0
长沙,长沙,0.0
长沙,常德,80591.27560000001
长沙,衡阳,127423.6974
长沙,广州,70912.7118
长沙,汕头,0.0
长沙,深圳,17904.6476
长沙,东莞,0.0
长沙,湛江,0.0
长沙,中山,0.0
长沙,南宁,35196.5042
长沙,柳州,0.0
长沙,海口,35635.231
长沙,重庆,26328.7048
长沙,成都,20106.3192
长沙,南充,0.0
长沙,内江,0.0
长沙,贵阳,31426.856600000003
长沙,昆明,23031.499200000002
长沙,大理州,0.0
长沙,拉萨,0.0
长沙,西安,25935.702400000002
长沙,宝鸡,0.0
长沙,兰州,11406.284200000002
长沙,西宁,0.0
长沙,银川,0.0
长沙,乌鲁木齐,6943.412200000001
长沙,阿克苏,0.0
长沙,喀什,0.0
常德,北京,0.0
常德,天津,0.0
常德,石家庄,0.0
常德,唐山,0.0
常德,廊坊,0.0
常德,保定,0.0
常德,太原,0.0
常德,侯马,0.0
常德,呼和浩特,0.0
常德,包头,0.0
常德,沈阳,0.0
常德,大连,0.0
常德,锦州,0.0
常德,长春,0.0
常德,哈尔滨,0.0
常德,上海,0.0
常德,南京,4986.6636
常德,常州,0.0
常德,无锡,0.0
常德,苏州,0.0
常德,徐州,0.0
常德,连云港,0.0
常德,淮安,0.0
常德,盐城,0.0
常德,扬州,0.0
常德,南通,0.0
常德,杭州,6977.6826
常德,湖州,0.0
常德,嘉兴,0.0
常德,宁波,0.0
常德,台州,0.0
常德,金华,0.0
常德,义乌,0.0
常德,温州,0.0
常德,合肥,0.0
常德,蚌埠,0.0
常德,芜湖,0.0
常德,安庆,0.0
常德,福州,0.0
常德,厦门,0.0
常德,泉州,0.0
常德,南昌,0.0
常德,鹰潭,0.0
常德,赣州,0.0
常德,济南,0.0
常德,潍坊,0.0
常德,烟台,0.0
常德,青岛,0.0
常德,济宁,0.0
常德,临沂,0.0
常德,郑州,0.0
常德,漯河,0.0
常德,信阳,0.0
常德,洛阳,0.0
常德,武汉,0.0
常德,荆州,0.0
常德,襄阳,0.0
常德,长沙,26203.8434
常德,常德,0.0
常德,衡阳,708.452
常德,广州,5219.0194
常德,汕头,0.0
常德,深圳,0.0
常德,东莞,0.0
常德,湛江,0.0
常德,中山,0.0
常德,南宁,0.0
常德,柳州,0.0
常德,海口,0.0
常德,重庆,0.0
常德,成都,0.0
常德,南充,0.0
常德,内江,0.0
常德,贵阳,0.0
常德,昆明,0.0
常德,大理州,0.0
常德,拉萨,0.0
常德,西安,0.0
常德,宝鸡,0.0
常德,兰州,0.0
常德,西宁,0.0
常德,银川,0.0
常德,乌鲁木齐,0.0
常德,阿克苏,0.0
常德,喀什,0.0
衡阳,北京,0.0
衡阳,天津,0.0
衡阳,石家庄,0.0
衡阳,唐山,0.0
衡阳,廊坊,0.0
衡阳,保定,0.0
衡阳,太原,0.0
衡阳,侯马,0.0
衡阳,呼和浩特,0.0
衡阳,包头,0.0
衡阳,沈阳,0.0
衡阳,大连,0.0
衡阳,锦州,0.0
衡阳,长春,0.0
衡阳,哈尔滨,0.0
衡阳,上海,0.0
衡阳,南京,6747.4912
衡阳,常州,0.0
衡阳,无锡,0.0
衡阳,苏州,0.0
衡阳,徐州,0.0
衡阳,连云港,0.0
衡阳,淮安,0.0
衡阳,盐城,0.0
衡阳,扬州,0.0
衡阳,南通,0.0
衡阳,杭州,14354.6748
衡阳,湖州,0.0
衡阳,嘉兴,0.0
衡阳,宁波,0.0
衡阳,台州,0.0
衡阳,金华,0.0
衡阳,义乌,0.0
衡阳,温州,0.0
衡阳,合肥,0.0
衡阳,蚌埠,0.0
衡阳,芜湖,0.0
衡阳,安庆,0.0
衡阳,福州,0.0
衡阳,厦门,0.0
衡阳,泉州,0.0
衡阳,南昌,0.0
衡阳,鹰潭,0.0
衡阳,赣州,0.0
衡阳,济南,6671.902
衡阳,潍坊,0.0
衡阳,烟台,0.0
衡阳,青岛,0.0
衡阳,济宁,0.0
衡阳,临沂,0.0
衡阳,郑州,16945.863
衡阳,漯河,0.0
衡阳,信阳,0.0
衡阳,洛阳,0.0
衡阳,武汉,22404.534600000003
衡阳,荆州,0.0
衡阳,襄阳,0.0
衡阳,长沙,40682.893800000005
衡阳,常德,1146.9160000000002
衡阳,衡阳,0.0
衡阳,广州,28845.5262
衡阳,汕头,0.0
衡阳,深圳,0.0
衡阳,东莞,0.0
衡阳,湛江,0.0
衡阳,中山,0.0
衡阳,南宁,0.0
衡阳,柳州,0.0
衡阳,海口,0.0
衡阳,重庆,0.0
衡阳,成都,5991.2124
衡阳,南充,0.0
衡阳,内江,0.0
衡阳,贵阳,0.0
衡阳,昆明,0.0
衡阳,大理州,0.0
衡阳,拉萨,0.0
衡阳,西安,0.0
衡阳,宝鸡,0.0
衡阳,兰州,0.0
衡阳,西宁,0.0
衡阳,银川,0.0
衡阳,乌鲁木齐,0.0
衡阳,阿克苏,0.0
衡阳,喀什,0.0
广州,北京,25317.885800000004
广州,天津,39884.279200000004
广州,石家庄,16301.141800000001
广州,唐山,0.0
广州,廊坊,0.0
广州,保定,0.0
广州,太原,17730.2808
广州,侯马,0.0
广州,呼和浩特,0.0
广州,包头,0.0
广州,沈阳,0.0
广州,大连,0.0
广州,锦州,0.0
广州,长春,0.0
广州,哈尔滨,0.0
广州,上海,15491.0316
广州,南京,12441.1142
广州,常州,4922.0648
广州,无锡,4220.3216
广州,苏州,11226.1682
广州,徐州,5828.0072
广州,连云港,0.0
广州,淮安,0.0
广州,盐城,0.0
广州,扬州,0.0
广州,南通,0.0
广州,杭州,14120.176800000001
广州,湖州,0.0
广州,嘉兴,0.0
广州,宁波,0.0
广州,台州,0.0
广州,金华,10944.2774
广州,义乌,0.0
广州,温州,14523.056400000001
广州,合肥,16458.0944
广州,蚌埠,0.0
广州,芜湖,0.0
广州,安庆,7045.8514
广州,福州,26482.478800000004
广州,厦门,14857.3878
广州,泉州,0.0
广州,南昌,17474.0426
广州,鹰潭,0.0
广州,赣州,14185.1772
广州,济南,23307.043
广州,潍坊,0.0
广州,烟台,0.0
广州,青岛,0.0
广州,济宁,0.0
广州,临沂,0.0
广州,郑州,15312.492400000001
广州,漯河,0.0
广州,信阳,18337.220800000003
广州,洛阳,0.0
广州,武汉,28053.342800000002
广州,荆州,0.0
广州,襄阳,0.0
广州,长沙,40297.569
广州,常德,0.0
广州,衡阳,0.0
广州,广州,0.0
广州,汕头,43939.737400000005
广州,深圳,51567.7886
广州,东莞,99490.17380000002
广州,湛江,87210.0402
广州,中山,136917.351
广州,南宁,35298.254
广州,柳州,57171.1472
广州,海口,63105.585600000006
广州,重庆,21919.5078
广州,成都,27582.324
广州,南充,0.0
广州,内江,0.0
广州,贵阳,21331.4422
广州,昆明,19332.951
广州,大理州,0.0
广州,拉萨,0.0
广州,西安,20839.285600000003
广州,宝鸡,0.0
广州,兰州,35436.880000000005
广州,西宁,0.0
广州,银川,0.0
广州,乌鲁木齐,0.0
广州,阿克苏,0.0
广州,喀什,0.0
汕头,北京,0.0
汕头,天津,0.0
汕头,石家庄,0.0
汕头,唐山,0.0
汕头,廊坊,0.0
汕头,保定,0.0
汕头,太原,0.0
汕头,侯马,0.0
汕头,呼和浩特,0.0
汕头,包头,0.0
汕头,沈阳,0.0
汕头,大连,0.0
汕头,锦州,0.0
汕头,长春,0.0
汕头,哈尔滨,0.0
汕头,上海,0.0
汕头,南京,0.0
汕头,常州,0.0
汕头,无锡,14512.4204
汕头,苏州,0.0
汕头,徐州,0.0
汕头,连云港,0.0
汕头,淮安,0.0
汕头,盐城,0.0
汕头,扬州,0.0
汕头,南通,0.0
汕头,杭州,0.0
汕头,湖州,0.0
汕头,嘉兴,0.0
汕头,宁波,0.0
汕头,台州,0.0
汕头,金华,0.0
汕头,义乌,0.0
汕头,温州,0.0
汕头,合肥,0.0
汕头,蚌埠,0.0
汕头,芜湖,0.0
汕头,安庆,0.0
汕头,福州,0.0
汕头,厦门,34305.5682
汕头,泉州,0.0
汕头,南昌,0.0
汕头,鹰潭,0.0
汕头,赣州,0.0
汕头,济南,0.0
汕头,潍坊,0.0
汕头,烟台,0.0
汕头,青岛,0.0
汕头,济宁,0.0
汕头,临沂,0.0
汕头,郑州,0.0
汕头,漯河,0.0
汕头,信阳,0.0
汕头,洛阳,0.0
汕头,武汉,0.0
汕头,荆州,0.0
汕头,襄阳,0.0
汕头,长沙,0.0
汕头,常德,0.0
汕头,衡阳,0.0
汕头,广州,33031.951199999996
汕头,汕头,0.0
汕头,深圳,3638.3152000000005
汕头,东莞,10836.443400000002
汕头,湛江,4749.508
汕头,中山,6603.886800000001
汕头,南宁,0.0
汕头,柳州,0.0
汕头,海口,0.0
汕头,重庆,0.0
汕头,成都,0.0
汕头,南充,0.0
汕头,内江,0.0
汕头,贵阳,0.0
汕头,昆明,0.0
汕头,大理州,0.0
汕头,拉萨,0.0
汕头,西安,0.0
汕头,宝鸡,0.0
汕头,兰州,0.0
汕头,西宁,0.0
汕头,银川,0.0
汕头,乌鲁木齐,0.0
汕头,阿克苏,0.0
汕头,喀什,0.0
深圳,北京,0.0
深圳,天津,0.0
深圳,石家庄,0.0
深圳,唐山,0.0
深圳,廊坊,0.0
深圳,保定,0.0
深圳,太原,0.0
深圳,侯马,0.0
深圳,呼和浩特,0.0
深圳,包头,0.0
深圳,沈阳,0.0
深圳,大连,0.0
深圳,锦州,0.0
深圳,长春,0.0
深圳,哈尔滨,0.0
深圳,上海,3666.9502
深圳,南京,4927.3578
深圳,常州,0.0
深圳,无锡,1100.6114
深圳,苏州,0.0
深圳,徐州,0.0
深圳,连云港,0.0
深圳,淮安,0.0
深圳,盐城,0.0
深圳,扬州,0.0
深圳,南通,0.0
深圳,杭州,7302.783600000001
深圳,湖州,0.0
深圳,嘉兴,0.0
深圳,宁波,0.0
深圳,台州,0.0
深圳,金华,6095.3348000000005
深圳,义乌,0.0
深圳,温州,0.0
深圳,合肥,9784.2584
深圳,蚌埠,0.0
深圳,芜湖,0.0
深圳,安庆,0.0
深圳,福州,0.0
深圳,厦门,6331.245800000001
深圳,泉州,0.0
深圳,南昌,0.0
深圳,鹰潭,0.0
深圳,赣州,3634.5814
深圳,济南,6182.2392
深圳,潍坊,0.0
深圳,烟台,0.0
深圳,青岛,0.0
深圳,济宁,0.0
深圳,临沂,0.0
深圳,郑州,7563.496800000001
深圳,漯河,0.0
深圳,信阳,0.0
深圳,洛阳,0.0
深圳,武汉,9203.033
深圳,荆州,0.0
深圳,襄阳,0.0
深圳,长沙,7022.006
深圳,常德,0.0
深圳,衡阳,0.0
深圳,广州,22628.5196
深圳,汕头,3216.6306000000004
深圳,深圳,0.0
深圳,东莞,3947.7278
深圳,湛江,2706.3334000000004
深圳,中山,3020.7938000000004
深圳,南宁,6207.6984
深圳,柳州,0.0
深圳,海口,0.0
深圳,重庆,0.0
深圳,成都,5685.089400000001
深圳,南充,0.0
深圳,内江,0.0
深圳,贵阳,0.0
深圳,昆明,0.0
深圳,大理州,0.0
深圳,拉萨,0.0
深圳,西安,8548.9158
深圳,宝鸡,0.0
深圳,兰州,0.0
深圳,西宁,0.0
深圳,银川,0.0
深圳,乌鲁木齐,0.0
深圳,阿克苏,0.0
深圳,喀什,0.0
东莞,北京,0.0
东莞,天津,0.0
东莞,石家庄,0.0
东莞,唐山,0.0
东莞,廊坊,0.0
东莞,保定,0.0
东莞,太原,0.0
东莞,侯马,0.0
东莞,呼和浩特,0.0
东莞,包头,0.0
东莞,沈阳,0.0
东莞,大连,0.0
东莞,锦州,0.0
东莞,长春,0.0
东莞,哈尔滨,0.0
东莞,上海,0.0
东莞,南京,0.0
东莞,常州,0.0
东莞,无锡,4475.6548
东莞,苏州,0.0
东莞,徐州,0.0
东莞,连云港,0.0
东莞,淮安,0.0
东莞,盐城,0.0
东莞,扬州,0.0
东莞,南通,0.0
东莞,杭州,0.0
东莞,湖州,0.0
东莞,嘉兴,0.0
东莞,宁波,0.0
东莞,台州,0.0
东莞,金华,20487.9638
东莞,义乌,0.0
东莞,温州,0.0
东莞,合肥,26988.2658
东莞,蚌埠,0.0
东莞,芜湖,0.0
东莞,安庆,0.0
东莞,福州,0.0
东莞,厦门,0.0
东莞,泉州,0.0
东莞,南昌,0.0
东莞,鹰潭,0.0
东莞,赣州,0.0
东莞,济南,0.0
东莞,潍坊,0.0
东莞,烟台,0.0
东莞,青岛,0.0
东莞,济宁,0.0
东莞,临沂,0.0
东莞,郑州,18504.0404
东莞,漯河,0.0
东莞,信阳,0.0
东莞,洛阳,0.0
东莞,武汉,0.0
东莞,荆州,0.0
东莞,襄阳,0.0
东莞,长沙,0.0
东莞,常德,0.0
东莞,衡阳,0.0
东莞,广州,73045.4816
东莞,汕头,13540.1488
东莞,深圳,7033.1056
东莞,东莞,0.0
东莞,湛江,3887.4578
东莞,中山,4388.2248
东莞,南宁,8354.889000000001
东莞,柳州,0.0
东莞,海口,0.0
东莞,重庆,0.0
东莞,成都,0.0
东莞,南充,0.0
东莞,内江,0.0
东莞,贵阳,0.0
东莞,昆明,0.0
东莞,大理州,0.0
东莞,拉萨,0.0
东莞,西安,0.0
东莞,宝鸡,0.0
东莞,兰州,0.0
东莞,西宁,0.0
东莞,银川,0.0
东莞,乌鲁木齐,0.0
东莞,阿克苏,0.0
东莞,喀什,0.0
湛江,北京,0.0
湛江,天津,0.0
湛江,石家庄,0.0
湛江,唐山,0.0
湛江,廊坊,0.0
湛江,保定,0.0
湛江,太原,0.0
湛江,侯马,0.0
湛江,呼和浩特,0.0
湛江,包头,0.0
湛江,沈阳,0.0
湛江,大连,0.0
湛江,锦州,0.0
湛江,长春,0.0
湛江,哈尔滨,0.0
湛江,上海,0.0
湛江,南京,0.0
湛江,常州,0.0
湛江,无锡,0.0
湛江,苏州,0.0
湛江,徐州,0.0
湛江,连云港,0.0
湛江,淮安,0.0
湛江,盐城,0.0
湛江,扬州,0.0
湛江,南通,0.0
湛江,杭州,0.0
湛江,湖州,0.0
湛江,嘉兴,0.0
湛江,宁波,0.0
湛江,台州,0.0
湛江,金华,0.0
湛江,义乌,0.0
湛江,温州,0.0
湛江,合肥,0.0
湛江,蚌埠,0.0
湛江,芜湖,0.0
湛江,安庆,0.0
湛江,福州,0.0
湛江,厦门,0.0
湛江,泉州,0.0
湛江,南昌,0.0
湛江,鹰潭,0.0
湛江,赣州,0.0
湛江,济南,0.0
湛江,潍坊,0.0
湛江,烟台,0.0
湛江,青岛,0.0
湛江,济宁,0.0
湛江,临沂,0.0
湛江,郑州,0.0
湛江,漯河,0.0
湛江,信阳,0.0
湛江,洛阳,0.0
湛江,武汉,0.0
湛江,荆州,0.0
湛江,襄阳,0.0
湛江,长沙,0.0
湛江,常德,0.0
湛江,衡阳,0.0
湛江,广州,42510.3828
湛江,汕头,2930.7756
湛江,深圳,2668.617
湛江,东莞,1948.4556000000002
湛江,湛江,0.0
湛江,中山,2058.3846
湛江,南宁,14026.209200000001
湛江,柳州,0.0
湛江,海口,4762.677600000001
湛江,重庆,0.0
湛江,成都,0.0
湛江,南充,0.0
湛江,内江,0.0
湛江,贵阳,0.0
湛江,昆明,0.0
湛江,大理州,0.0
湛江,拉萨,0.0
湛江,西安,0.0
湛江,宝鸡,0.0
湛江,兰州,0.0
湛江,西宁,0.0
湛江,银川,0.0
湛江,乌鲁木齐,0.0
湛江,阿克苏,0.0
湛江,喀什,0.0
中山,北京,0.0
中山,天津,0.0
中山,石家庄,0.0
中山,唐山,0.0
中山,廊坊,0.0
中山,保定,0.0
中山,太原,0.0
中山,侯马,0.0
中山,呼和浩特,0.0
中山,包头,0.0
中山,沈阳,0.0
中山,大连,0.0
中山,锦州,0.0
中山,长春,0.0
中山,哈尔滨,0.0
中山,上海,0.0
中山,南京,0.0
中山,常州,0.0
中山,无锡,0.0
中山,苏州,0.0
中山,徐州,0.0
中山,连云港,0.0
中山,淮安,0.0
中山,盐城,0.0
中山,扬州,0.0
中山,南通,0.0
中山,杭州,0.0
中山,湖州,0.0
中山,嘉兴,0.0
中山,宁波,0.0
中山,台州,0.0
中山,金华,0.0
中山,义乌,0.0
中山,温州,0.0
中山,合肥,0.0
中山,蚌埠,0.0
中山,芜湖,0.0
中山,安庆,0.0
中山,福州,0.0
中山,厦门,0.0
中山,泉州,0.0
中山,南昌,0.0
中山,鹰潭,0.0
中山,赣州,0.0
中山,济南,0.0
中山,潍坊,0.0
中山,烟台,0.0
中山,青岛,0.0
中山,济宁,0.0
中山,临沂,0.0
中山,郑州,0.0
中山,漯河,0.0
中山,信阳,0.0
中山,洛阳,0.0
中山,武汉,0.0
中山,荆州,0.0
中山,襄阳,0.0
中山,长沙,0.0
中山,常德,0.0
中山,衡阳,0.0
中山,广州,129310.941
中山,汕头,7809.426600000001
中山,深圳,9174.423
中山,东莞,7210.834200000001
中山,湛江,16119.890400000002
中山,中山,0.0
中山,南宁,0.0
中山,柳州,0.0
中山,海口,8826.502800000002
中山,重庆,0.0
中山,成都,0.0
中山,南充,0.0
中山,内江,0.0
中山,贵阳,0.0
中山,昆明,0.0
中山,大理州,0.0
中山,拉萨,0.0
中山,西安,0.0
中山,宝鸡,0.0
中山,兰州,0.0
中山,西宁,0.0
中山,银川,0.0
中山,乌鲁木齐,0.0
中山,阿克苏,0.0
中山,喀什,0.0
南宁,北京,0.0
南宁,天津,0.0
南宁,石家庄,5190.3918
南宁,唐山,0.0
南宁,廊坊,0.0
南宁,保定,0.0
南宁,太原,0.0
南宁,侯马,0.0
南宁,呼和浩特,0.0
南宁,包头,0.0
南宁,沈阳,8725.6728
南宁,大连,0.0
南宁,锦州,0.0
南宁,长春,0.0
南宁,哈尔滨,0.0
南宁,上海,6251.0604
南宁,南京,6061.0052
南宁,常州,0.0
南宁,无锡,0.0
南宁,苏州,0.0
南宁,徐州,0.0
南宁,连云港,0.0
南宁,淮安,0.0
南宁,盐城,0.0
南宁,扬州,0.0
南宁,南通,0.0
南宁,杭州,14528.7936
南宁,湖州,0.0
南宁,嘉兴,0.0
南宁,宁波,0.0
南宁,台州,0.0
南宁,金华,0.0
南宁,义乌,0.0
南宁,温州,0.0
南宁,合肥,9317.680400000001
南宁,蚌埠,0.0
南宁,芜湖,0.0
南宁,安庆,0.0
南宁,福州,0.0
南宁,厦门,6560.126
南宁,泉州,0.0
南宁,南昌,0.0
南宁,鹰潭,0.0
南宁,赣州,2529.6736
南宁,济南,8057.0868
南宁,潍坊,0.0
南宁,烟台,0.0
南宁,青岛,0.0
南宁,济宁,0.0
南宁,临沂,0.0
南宁,郑州,12034.8432
南宁,漯河,0.0
南宁,信阳,0.0
南宁,洛阳,0.0
南宁,武汉,26569.4258
南宁,荆州,0.0
南宁,襄阳,0.0
南宁,长沙,23886.602800000004
南宁,常德,0.0
南宁,衡阳,0.0
南宁,广州,38992.2088
南宁,汕头,0.0
南宁,深圳,11904.525000000001
南宁,东莞,6242.4426
南宁,湛江,0.0
南宁,中山,0.0
南宁,南宁,0.0
南宁,柳州,41860.3538
南宁,海口,24990.576
南宁,重庆,12475.1542
南宁,成都,12481.3374
南宁,南充,0.0
南宁,内江,0.0
南宁,贵阳,9642.6676
南宁,昆明,18692.189400000003
南宁,大理州,0.0
南宁,拉萨,0.0
南宁,西安,11376.397200000001
南宁,宝鸡,0.0
南宁,兰州,0.0
南宁,西宁,0.0
南宁,银川,0.0
南宁,乌鲁木齐,0.0
南宁,阿克苏,0.0
南宁,喀什,0.0
柳州,北京,0.0
柳州,天津,0.0
柳州,石家庄,0.0
柳州,唐山,0.0
柳州,廊坊,0.0
柳州,保定,0.0
柳州,太原,0.0
柳州,侯马,0.0
柳州,呼和浩特,0.0
柳州,包头,0.0
柳州,沈阳,548.1302000000001
柳州,大连,0.0
柳州,锦州,0.0
柳州,长春,0.0
柳州,哈尔滨,0.0
柳州,上海,1856.2878000000003
柳州,南京,0.0
柳州,常州,0.0
柳州,无锡,0.0
柳州,苏州,0.0
柳州,徐州,0.0
柳州,连云港,0.0
柳州,淮安,0.0
柳州,盐城,0.0
柳州,扬州,0.0
柳州,南通,0.0
柳州,杭州,0.0
柳州,湖州,0.0
柳州,嘉兴,0.0
柳州,宁波,0.0
柳州,台州,0.0
柳州,金华,0.0
柳州,义乌,0.0
柳州,温州,0.0
柳州,合肥,0.0
柳州,蚌埠,0.0
柳州,芜湖,0.0
柳州,安庆,0.0
柳州,福州,0.0
柳州,厦门,0.0
柳州,泉州,0.0
柳州,南昌,0.0
柳州,鹰潭,0.0
柳州,赣州,0.0
柳州,济南,1254.279
柳州,潍坊,0.0
柳州,烟台,0.0
柳州,青岛,0.0
柳州,济宁,0.0
柳州,临沂,0.0
柳州,郑州,0.0
柳州,漯河,0.0
柳州,信阳,0.0
柳州,洛阳,0.0
柳州,武汉,3689.6824000000006
柳州,荆州,0.0
柳州,襄阳,0.0
柳州,长沙,4973.1692
柳州,常德,0.0
柳州,衡阳,0.0
柳州,广州,9916.535600000001
柳州,汕头,0.0
柳州,深圳,0.0
柳州,东莞,0.0
柳州,湛江,0.0
柳州,中山,0.0
柳州,南宁,10270.004200000001
柳州,柳州,0.0
柳州,海口,0.0
柳州,重庆,0.0
柳州,成都,0.0
柳州,南充,0.0
柳州,内江,0.0
柳州,贵阳,0.0
柳州,昆明,0.0
柳州,大理州,0.0
柳州,拉萨,0.0
柳州,西安,1477.2286000000001
柳州,宝鸡,0.0
柳州,兰州,0.0
柳州,西宁,0.0
柳州,银川,0.0
柳州,乌鲁木齐,0.0
柳州,阿克苏,0.0
柳州,喀什,0.0
海口,北京,0.0
海口,天津,0.0
海口,石家庄,0.0
海口,唐山,0.0
海口,廊坊,0.0
海口,保定,0.0
海口,太原,0.0
海口,侯马,0.0
海口,呼和浩特,0.0
海口,包头,0.0
海口,沈阳,0.0
海口,大连,0.0
海口,锦州,0.0
海口,长春,0.0
海口,哈尔滨,0.0
海口,上海,0.0
海口,南京,0.0
海口,常州,0.0
海口,无锡,0.0
海口,苏州,0.0
海口,徐州,0.0
海口,连云港,0.0
海口,淮安,0.0
海口,盐城,0.0
海口,扬州,0.0
海口,南通,0.0
海口,杭州,0.0
海口,湖州,0.0
海口,嘉兴,0.0
海口,宁波,0.0
海口,台州,0.0
海口,金华,0.0
海口,义乌,0.0
海口,温州,0.0
海口,合肥,0.0
海口,蚌埠,0.0
海口,芜湖,0.0
海口,安庆,0.0
海口,福州,0.0
海口,厦门,0.0
海口,泉州,0.0
海口,南昌,0.0
海口,鹰潭,0.0
海口,赣州,0.0
海口,济南,0.0
海口,潍坊,0.0
海口,烟台,0.0
海口,青岛,0.0
海口,济宁,0.0
海口,临沂,0.0
海口,郑州,0.0
海口,漯河,0.0
海口,信阳,0.0
海口,洛阳,0.0
海口,武汉,0.0
海口,荆州,0.0
海口,襄阳,0.0
海口,长沙,0.0
海口,常德,0.0
海口,衡阳,0.0
海口,广州,8938.0558
海口,汕头,0.0
海口,深圳,0.0
海口,东莞,0.0
海口,湛江,3887.3042000000005
海口,中山,0.0
海口,南宁,2778.2212
海口,柳州,0.0
海口,海口,0.0
海口,重庆,0.0
海口,成都,0.0
海口,南充,0.0
海口,内江,0.0
海口,贵阳,0.0
海口,昆明,0.0
海口,大理州,0.0
海口,拉萨,0.0
海口,西安,0.0
海口,宝鸡,0.0
海口,兰州,0.0
海口,西宁,0.0
海口,银川,0.0
海口,乌鲁木齐,0.0
海口,阿克苏,0.0
海口,喀什,0.0
重庆,北京,15570.7266
重庆,天津,17002.0374
重庆,石家庄,7711.980600000001
重庆,唐山,0.0
重庆,廊坊,0.0
重庆,保定,0.0
重庆,太原,5095.7968
重庆,侯马,0.0
重庆,呼和浩特,0.0
重庆,包头,0.0
重庆,沈阳,8433.193200000002
重庆,大连,0.0
重庆,锦州,0.0
重庆,长春,6537.4336
重庆,哈尔滨,0.0
重庆,上海,10301.5846
重庆,南京,21173.605000000003
重庆,常州,0.0
重庆,无锡,0.0
重庆,苏州,0.0
重庆,徐州,0.0
重庆,连云港,0.0
重庆,淮安,0.0
重庆,盐城,0.0
重庆,扬州,0.0
重庆,南通,0.0
重庆,杭州,15278.0462
重庆,湖州,0.0
重庆,嘉兴,0.0
重庆,宁波,0.0
重庆,台州,0.0
重庆,金华,0.0
重庆,义乌,0.0
重庆,温州,0.0
重庆,合肥,9627.673200000001
重庆,蚌埠,0.0
重庆,芜湖,0.0
重庆,安庆,0.0
重庆,福州,0.0
重庆,厦门,0.0
重庆,泉州,5205.594400000001
重庆,南昌,8661.274800000001
重庆,鹰潭,0.0
重庆,赣州,0.0
重庆,济南,17967.1218
重庆,潍坊,0.0
重庆,烟台,0.0
重庆,青岛,0.0
重庆,济宁,0.0
重庆,临沂,0.0
重庆,郑州,14793.533000000001
重庆,漯河,0.0
重庆,信阳,0.0
重庆,洛阳,0.0
重庆,武汉,15339.622800000001
重庆,荆州,0.0
重庆,襄阳,0.0
重庆,长沙,26121.446400000004
重庆,常德,0.0
重庆,衡阳,0.0
重庆,广州,30052.697400000005
重庆,汕头,0.0
重庆,深圳,6769.1324
重庆,东莞,0.0
重庆,湛江,0.0
重庆,中山,0.0
重庆,南宁,17307.0222
重庆,柳州,0.0
重庆,海口,0.0
重庆,重庆,0.0
重庆,成都,15995.835000000001
重庆,南充,93426.4434
重庆,内江,16563.1542
重庆,贵阳,32894.652200000004
重庆,昆明,0.0
重庆,大理州,0.0
重庆,拉萨,0.0
重庆,西安,27862.1476
重庆,宝鸡,0.0
重庆,兰州,10905.1082
重庆,西宁,0.0
重庆,银川,0.0
重庆,乌鲁木齐,0.0
重庆,阿克苏,0.0
重庆,喀什,0.0
成都,北京,14966.947600000001
成都,天津,12077.359400000001
成都,石家庄,6517.57
成都,唐山,0.0
成都,廊坊,0.0
成都,保定,0.0
成都,太原,3718.8282000000004
成都,侯马,0.0
成都,呼和浩特,0.0
成都,包头,0.0
成都,沈阳,6054.5666
成都,大连,0.0
成都,锦州,0.0
成都,长春,4218.2118
成都,哈尔滨,0.0
成都,上海,11374.627
成都,南京,12561.215600000001
成都,常州,0.0
成都,无锡,0.0
成都,苏州,6201.532800000001
成都,徐州,0.0
成都,连云港,0.0
成都,淮安,0.0
成都,盐城,0.0
成都,扬州,0.0
成都,南通,0.0
成都,杭州,12400.8938
成都,湖州,0.0
成都,嘉兴,0.0
成都,宁波,0.0
成都,台州,0.0
成都,金华,0.0
成都,义乌,0.0
成都,温州,0.0
成都,合肥,7457.9836000000005
成都,蚌埠,0.0
成都,芜湖,0.0
成都,安庆,0.0
成都,福州,5003.435600000001
成都,厦门,0.0
成都,泉州,0.0
成都,南昌,6320.211
成都,鹰潭,0.0
成都,赣州,0.0
成都,济南,12136.501400000001
成都,潍坊,0.0
成都,烟台,0.0
成都,青岛,0.0
成都,济宁,0.0
成都,临沂,0.0
成都,郑州,15324.435000000001
成都,漯河,0.0
成都,信阳,0.0
成都,洛阳,0.0
成都,武汉,12007.953400000002
成都,荆州,0.0
成都,襄阳,0.0
成都,长沙,14761.4344
成都,常德,0.0
成都,衡阳,0.0
成都,广州,23906.2406
成都,汕头,0.0
成都,深圳,6067.327200000001
成都,东莞,0.0
成都,湛江,0.0
成都,中山,0.0
成都,南宁,12501.548
成都,柳州,0.0
成都,海口,0.0
成都,重庆,18153.6912
成都,成都,0.0
成都,南充,35356.84820000001
成都,内江,6843.221600000001
成都,贵阳,9311.0484
成都,昆明,12776.467200000003
成都,大理州,0.0
成都,拉萨,0.0
成都,西安,22120.278600000005
成都,宝鸡,0.0
成都,兰州,15566.321
成都,西宁,0.0
成都,银川,0.0
成都,乌鲁木齐,0.0
成都,阿克苏,0.0
成都,喀什,0.0
南充,北京,0.0
南充,天津,0.0
南充,石家庄,0.0
南充,唐山,0.0
南充,廊坊,0.0
南充,保定,0.0
南充,太原,0.0
南充,侯马,0.0
南充,呼和浩特,0.0
南充,包头,0.0
南充,沈阳,0.0
南充,大连,0.0
南充,锦州,0.0
南充,长春,0.0
南充,哈尔滨,0.0
南充,上海,0.0
南充,南京,0.0
南充,常州,0.0
南充,无锡,0.0
南充,苏州,0.0
南充,徐州,0.0
南充,连云港,0.0
南充,淮安,0.0
南充,盐城,0.0
南充,扬州,0.0
南充,南通,0.0
南充,杭州,0.0
南充,湖州,0.0
南充,嘉兴,0.0
南充,宁波,0.0
南充,台州,0.0
南充,金华,0.0
南充,义乌,0.0
南充,温州,0.0
南充,合肥,0.0
南充,蚌埠,0.0
南充,芜湖,0.0
南充,安庆,0.0
南充,福州,0.0
南充,厦门,0.0
南充,泉州,0.0
南充,南昌,0.0
南充,鹰潭,0.0
南充,赣州,0.0
南充,济南,0.0
南充,潍坊,0.0
南充,烟台,0.0
南充,青岛,0.0
南充,济宁,0.0
南充,临沂,0.0
南充,郑州,0.0
南充,漯河,0.0
南充,信阳,0.0
南充,洛阳,0.0
南充,武汉,0.0
南充,荆州,0.0
南充,襄阳,0.0
南充,长沙,0.0
南充,常德,0.0
南充,衡阳,0.0
南充,广州,0.0
南充,汕头,0.0
南充,深圳,0.0
南充,东莞,0.0
南充,湛江,0.0
南充,中山,0.0
南充,南宁,0.0
南充,柳州,0.0
南充,海口,0.0
南充,重庆,30549.9536
南充,成都,7064.3168000000005
南充,南充,0.0
南充,内江,152.4924
南充,贵阳,0.0
南充,昆明,0.0
南充,大理州,0.0
南充,拉萨,0.0
南充,西安,0.0
南充,宝鸡,0.0
南充,兰州,0.0
南充,西宁,0.0
南充,银川,0.0
南充,乌鲁木齐,0.0
南充,阿克苏,0.0
南充,喀什,0.0
内江,北京,0.0
内江,天津,0.0
内江,石家庄,0.0
内江,唐山,0.0
内江,廊坊,0.0
内江,保定,0.0
内江,太原,0.0
内江,侯马,0.0
内江,呼和浩特,0.0
内江,包头,0.0
内江,沈阳,0.0
内江,大连,0.0
内江,锦州,0.0
内江,长春,0.0
内江,哈尔滨,0.0
内江,上海,0.0
内江,南京,0.0
内江,常州,0.0
内江,无锡,0.0
内江,苏州,0.0
内江,徐州,0.0
内江,连云港,0.0
内江,淮安,0.0
内江,盐城,0.0
内江,扬州,0.0
内江,南通,0.0
内江,杭州,0.0
内江,湖州,0.0
内江,嘉兴,0.0
内江,宁波,0.0
内江,台州,0.0
内江,金华,0.0
内江,义乌,0.0
内江,温州,0.0
内江,合肥,0.0
内江,蚌埠,0.0
内江,芜湖,0.0
内江,安庆,0.0
内江,福州,0.0
内江,厦门,0.0
内江,泉州,0.0
内江,南昌,0.0
内江,鹰潭,0.0
内江,赣州,0.0
内江,济南,0.0
内江,潍坊,0.0
内江,烟台,0.0
内江,青岛,0.0
内江,济宁,0.0
内江,临沂,0.0
内江,郑州,0.0
内江,漯河,0.0
内江,信阳,0.0
内江,洛阳,0.0
内江,武汉,0.0
内江,荆州,0.0
内江,襄阳,0.0
内江,长沙,0.0
内江,常德,0.0
内江,衡阳,0.0
内江,广州,0.0
内江,汕头,0.0
内江,深圳,0.0
内江,东莞,0.0
内江,湛江,0.0
内江,中山,0.0
内江,南宁,0.0
内江,柳州,0.0
内江,海口,0.0
内江,重庆,11791.774600000002
内江,成都,2130.6814
内江,南充,262.8156
内江,内江,0.0
内江,贵阳,4060.1238000000003
内江,昆明,0.0
内江,大理州,0.0
内江,拉萨,0.0
内江,西安,0.0
内江,宝鸡,0.0
内江,兰州,0.0
内江,西宁,0.0
内江,银川,0.0
内江,乌鲁木齐,0.0
内江,阿克苏,0.0
内江,喀什,0.0
贵阳,北京,10665.1932
贵阳,天津,0.0
贵阳,石家庄,0.0
贵阳,唐山,0.0
贵阳,廊坊,0.0
贵阳,保定,0.0
贵阳,太原,0.0
贵阳,侯马,0.0
贵阳,呼和浩特,0.0
贵阳,包头,0.0
贵阳,沈阳,0.0
贵阳,大连,0.0
贵阳,锦州,0.0
贵阳,长春,0.0
贵阳,哈尔滨,0.0
贵阳,上海,6709.9284
贵阳,南京,4636.4800000000005
贵阳,常州,0.0
贵阳,无锡,0.0
贵阳,苏州,0.0
贵阳,徐州,0.0
贵阳,连云港,0.0
贵阳,淮安,0.0
贵阳,盐城,0.0
贵阳,扬州,0.0
贵阳,南通,0.0
贵阳,杭州,0.0
贵阳,湖州,0.0
贵阳,嘉兴,0.0
贵阳,宁波,0.0
贵阳,台州,0.0
贵阳,金华,4986.0686000000005
贵阳,义乌,0.0
贵阳,温州,0.0
贵阳,合肥,0.0
贵阳,蚌埠,0.0
贵阳,芜湖,0.0
贵阳,安庆,0.0
贵阳,福州,0.0
贵阳,厦门,0.0
贵阳,泉州,0.0
贵阳,南昌,982.5828000000001
贵阳,鹰潭,0.0
贵阳,赣州,0.0
贵阳,济南,0.0
贵阳,潍坊,0.0
贵阳,烟台,0.0
贵阳,青岛,0.0
贵阳,济宁,0.0
贵阳,临沂,0.0
贵阳,郑州,0.0
贵阳,漯河,0.0
贵阳,信阳,0.0
贵阳,洛阳,0.0
贵阳,武汉,5441.2426000000005
贵阳,荆州,0.0
贵阳,襄阳,0.0
贵阳,长沙,5325.656000000001
贵阳,常德,0.0
贵阳,衡阳,0.0
贵阳,广州,10099.495200000001
贵阳,汕头,0.0
贵阳,深圳,0.0
贵阳,东莞,0.0
贵阳,湛江,0.0
贵阳,中山,0.0
贵阳,南宁,3321.9384000000005
贵阳,柳州,0.0
贵阳,海口,0.0
贵阳,重庆,11013.6612
贵阳,成都,2496.5858000000003
贵阳,南充,0.0
贵阳,内江,0.0
贵阳,贵阳,0.0
贵阳,昆明,33333.949
贵阳,大理州,0.0
贵阳,拉萨,0.0
贵阳,西安,0.0
贵阳,宝鸡,0.0
贵阳,兰州,0.0
贵阳,西宁,0.0
贵阳,银川,0.0
贵阳,乌鲁木齐,0.0
贵阳,阿克苏,0.0
贵阳,喀什,0.0
昆明,北京,0.0
昆明,天津,0.0
昆明,石家庄,0.0
昆明,唐山,0.0
昆明,廊坊,0.0
昆明,保定,0.0
昆明,太原,0.0
昆明,侯马,0.0
昆明,呼和浩特,0.0
昆明,包头,0.0
昆明,沈阳,0.0
昆明,大连,0.0
昆明,锦州,0.0
昆明,长春,0.0
昆明,哈尔滨,0.0
昆明,上海,0.0
昆明,南京,5067.7096
昆明,常州,0.0
昆明,无锡,0.0
昆明,苏州,0.0
昆明,徐州,0.0
昆明,连云港,0.0
昆明,淮安,0.0
昆明,盐城,0.0
昆明,扬州,0.0
昆明,南通,0.0
昆明,杭州,7552.9802
昆明,湖州,0.0
昆明,嘉兴,0.0
昆明,宁波,0.0
昆明,台州,0.0
昆明,金华,0.0
昆明,义乌,0.0
昆明,温州,0.0
昆明,合肥,3080.3078
昆明,蚌埠,0.0
昆明,芜湖,0.0
昆明,安庆,0.0
昆明,福州,0.0
昆明,厦门,0.0
昆明,泉州,931.7958000000001
昆明,南昌,2309.3594000000003
昆明,鹰潭,0.0
昆明,赣州,0.0
昆明,济南,7106.292600000001
昆明,潍坊,0.0
昆明,烟台,0.0
昆明,青岛,0.0
昆明,济宁,0.0
昆明,临沂,0.0
昆明,郑州,9071.458200000001
昆明,漯河,0.0
昆明,信阳,0.0
昆明,洛阳,0.0
昆明,武汉,6691.3788
昆明,荆州,0.0
昆明,襄阳,0.0
昆明,长沙,8158.3434
昆明,常德,0.0
昆明,衡阳,0.0
昆明,广州,10863.472000000002
昆明,汕头,0.0
昆明,深圳,0.0
昆明,东莞,0.0
昆明,湛江,0.0
昆明,中山,2679.5380000000005
昆明,南宁,9558.2746
昆明,柳州,0.0
昆明,海口,0.0
昆明,重庆,0.0
昆明,成都,9326.8386
昆明,南充,0.0
昆明,内江,0.0
昆明,贵阳,18416.9778
昆明,昆明,0.0
昆明,大理州,62594.244600000005
昆明,拉萨,0.0
昆明,西安,17024.814
昆明,宝鸡,0.0
昆明,兰州,0.0
昆明,西宁,0.0
昆明,银川,0.0
昆明,乌鲁木齐,0.0
昆明,阿克苏,0.0
昆明,喀什,0.0
大理州,北京,0.0
大理州,天津,0.0
大理州,石家庄,0.0
大理州,唐山,0.0
大理州,廊坊,0.0
大理州,保定,0.0
大理州,太原,0.0
大理州,侯马,0.0
大理州,呼和浩特,0.0
大理州,包头,0.0
大理州,沈阳,0.0
大理州,大连,0.0
大理州,锦州,0.0
大理州,长春,0.0
大理州,哈尔滨,0.0
大理州,上海,0.0
大理州,南京,0.0
大理州,常州,0.0
大理州,无锡,0.0
大理州,苏州,0.0
大理州,徐州,0.0
大理州,连云港,0.0
大理州,淮安,0.0
大理州,盐城,0.0
大理州,扬州,0.0
大理州,南通,0.0
大理州,杭州,0.0
大理州,湖州,0.0
大理州,嘉兴,0.0
大理州,宁波,0.0
大理州,台州,0.0
大理州,金华,0.0
大理州,义乌,0.0
大理州,温州,0.0
大理州,合肥,0.0
大理州,蚌埠,0.0
大理州,芜湖,0.0
大理州,安庆,0.0
大理州,福州,0.0
大理州,厦门,0.0
大理州,泉州,0.0
大理州,南昌,0.0
大理州,鹰潭,0.0
大理州,赣州,0.0
大理州,济南,0.0
大理州,潍坊,0.0
大理州,烟台,0.0
大理州,青岛,0.0
大理州,济宁,0.0
大理州,临沂,0.0
大理州,郑州,0.0
大理州,漯河,0.0
大理州,信阳,0.0
大理州,洛阳,0.0
大理州,武汉,0.0
大理州,荆州,0.0
大理州,襄阳,0.0
大理州,长沙,0.0
大理州,常德,0.0
大理州,衡阳,0.0
大理州,广州,0.0
大理州,汕头,0.0
大理州,深圳,0.0
大理州,东莞,0.0
大理州,湛江,0.0
大理州,中山,0.0
大理州,南宁,0.0
大理州,柳州,0.0
大理州,海口,0.0
大理州,重庆,0.0
大理州,成都,0.0
大理州,南充,0.0
大理州,内江,0.0
大理州,贵阳,0.0
大理州,昆明,28735.721200000004
大理州,大理州,0.0
大理州,拉萨,0.0
大理州,西安,0.0
大理州,宝鸡,0.0
大理州,兰州,0.0
大理州,西宁,0.0
大理州,银川,0.0
大理州,乌鲁木齐,0.0
大理州,阿克苏,0.0
大理州,喀什,0.0
拉萨,北京,0.0
拉萨,天津,0.0
拉萨,石家庄,0.0
拉萨,唐山,0.0
拉萨,廊坊,0.0
拉萨,保定,0.0
拉萨,太原,0.0
拉萨,侯马,0.0
拉萨,呼和浩特,0.0
拉萨,包头,0.0
拉萨,沈阳,0.0
拉萨,大连,0.0
拉萨,锦州,0.0
拉萨,长春,0.0
拉萨,哈尔滨,0.0
拉萨,上海,0.0
拉萨,南京,0.0
拉萨,常州,0.0
拉萨,无锡,0.0
拉萨,苏州,0.0
拉萨,徐州,0.0
拉萨,连云港,0.0
拉萨,淮安,0.0
拉萨,盐城,0.0
拉萨,扬州,0.0
拉萨,南通,0.0
拉萨,杭州,0.0
拉萨,湖州,0.0
拉萨,嘉兴,0.0
拉萨,宁波,0.0
拉萨,台州,0.0
拉萨,金华,0.0
拉萨,义乌,0.0
拉萨,温州,0.0
拉萨,合肥,0.0
拉萨,蚌埠,0.0
拉萨,芜湖,0.0
拉萨,安庆,0.0
拉萨,福州,0.0
拉萨,厦门,0.0
拉萨,泉州,0.0
拉萨,南昌,0.0
拉萨,鹰潭,0.0
拉萨,赣州,0.0
拉萨,济南,0.0
拉萨,潍坊,0.0
拉萨,烟台,0.0
拉萨,青岛,0.0
拉萨,济宁,0.0
拉萨,临沂,0.0
拉萨,郑州,0.0
拉萨,漯河,0.0
拉萨,信阳,0.0
拉萨,洛阳,0.0
拉萨,武汉,0.0
拉萨,荆州,0.0
拉萨,襄阳,0.0
拉萨,长沙,0.0
拉萨,常德,0.0
拉萨,衡阳,0.0
拉萨,广州,0.0
拉萨,汕头,0.0
拉萨,深圳,0.0
拉萨,东莞,0.0
拉萨,湛江,0.0
拉萨,中山,0.0
拉萨,南宁,0.0
拉萨,柳州,0.0
拉萨,海口,0.0
拉萨,重庆,0.0
拉萨,成都,0.0
拉萨,南充,0.0
拉萨,内江,0.0
拉萨,贵阳,0.0
拉萨,昆明,0.0
拉萨,大理州,0.0
拉萨,拉萨,0.0
拉萨,西安,0.0
拉萨,宝鸡,0.0
拉萨,兰州,0.0
拉萨,西宁,3779.2916000000005
拉萨,银川,0.0
拉萨,乌鲁木齐,0.0
拉萨,阿克苏,0.0
拉萨,喀什,0.0
西安,北京,26222.0858
西安,天津,29771.448800000002
西安,石家庄,12077.877600000002
西安,唐山,0.0
西安,廊坊,0.0
西安,保定,0.0
西安,太原,14299.807
西安,侯马,12373.919800000001
西安,呼和浩特,26890.292400000002
西安,包头,0.0
西安,沈阳,14327.8942
西安,大连,0.0
西安,锦州,0.0
西安,长春,0.0
西安,哈尔滨,0.0
西安,上海,24018.9762
西安,南京,23830.899400000002
西安,常州,0.0
西安,无锡,0.0
西安,苏州,14381.046400000001
西安,徐州,0.0
西安,连云港,0.0
西安,淮安,0.0
西安,盐城,0.0
西安,扬州,0.0
西安,南通,0.0
西安,杭州,25779.154200000004
西安,湖州,0.0
西安,嘉兴,0.0
西安,宁波,0.0
西安,台州,0.0
西安,金华,0.0
西安,义乌,0.0
西安,温州,0.0
西安,合肥,28075.2894
西安,蚌埠,0.0
西安,芜湖,0.0
西安,安庆,0.0
西安,福州,0.0
西安,厦门,0.0
西安,泉州,6456.449600000001
西安,南昌,16481.206000000002
西安,鹰潭,0.0
西安,赣州,0.0
西安,济南,18507.616
西安,潍坊,0.0
西安,烟台,0.0
西安,青岛,0.0
西安,济宁,0.0
西安,临沂,0.0
西安,郑州,33082.5356
西安,漯河,0.0
西安,信阳,0.0
西安,洛阳,0.0
西安,武汉,36385.26000000001
西安,荆州,0.0
西安,襄阳,0.0
西安,长沙,23314.411600000003
西安,常德,0.0
西安,衡阳,0.0
西安,广州,98514.4072
西安,汕头,0.0
西安,深圳,0.0
西安,东莞,0.0
西安,湛江,0.0
西安,中山,0.0
西安,南宁,20718.292200000004
西安,柳州,0.0
西安,海口,0.0
西安,重庆,32685.992800000004
西安,成都,32870.390400000004
西安,南充,0.0
西安,内江,0.0
西安,贵阳,0.0
西安,昆明,31687.7956
西安,大理州,0.0
西安,拉萨,0.0
西安,西安,0.0
西安,宝鸡,30887.205400000003
西安,兰州,37193.4584
西安,西宁,18532.8642
西安,银川,39975.8844
西安,乌鲁木齐,54353.482
西安,阿克苏,18248.0132
西安,喀什,0.0
宝鸡,北京,0.0
宝鸡,天津,0.0
宝鸡,石家庄,0.0
宝鸡,唐山,0.0
宝鸡,廊坊,0.0
宝鸡,保定,0.0
宝鸡,太原,0.0
宝鸡,侯马,0.0
宝鸡,呼和浩特,0.0
宝鸡,包头,0.0
宝鸡,沈阳,0.0
宝鸡,大连,0.0
宝鸡,锦州,0.0
宝鸡,长春,0.0
宝鸡,哈尔滨,0.0
宝鸡,上海,0.0
宝鸡,南京,0.0
宝鸡,常州,0.0
宝鸡,无锡,0.0
宝鸡,苏州,0.0
宝鸡,徐州,0.0
宝鸡,连云港,0.0
宝鸡,淮安,0.0
宝鸡,盐城,0.0
宝鸡,扬州,0.0
宝鸡,南通,0.0
宝鸡,杭州,0.0
宝鸡,湖州,0.0
宝鸡,嘉兴,0.0
宝鸡,宁波,0.0
宝鸡,台州,0.0
宝鸡,金华,0.0
宝鸡,义乌,0.0
宝鸡,温州,0.0
宝鸡,合肥,0.0
宝鸡,蚌埠,0.0
宝鸡,芜湖,0.0
宝鸡,安庆,0.0
宝鸡,福州,0.0
宝鸡,厦门,0.0
宝鸡,泉州,0.0
宝鸡,南昌,0.0
宝鸡,鹰潭,0.0
宝鸡,赣州,0.0
宝鸡,济南,0.0
宝鸡,潍坊,0.0
宝鸡,烟台,0.0
宝鸡,青岛,0.0
宝鸡,济宁,0.0
宝鸡,临沂,0.0
宝鸡,郑州,0.0
宝鸡,漯河,0.0
宝鸡,信阳,0.0
宝鸡,洛阳,0.0
宝鸡,武汉,0.0
宝鸡,荆州,0.0
宝鸡,襄阳,0.0
宝鸡,长沙,0.0
宝鸡,常德,0.0
宝鸡,衡阳,0.0
宝鸡,广州,0.0
宝鸡,汕头,0.0
宝鸡,深圳,0.0
宝鸡,东莞,0.0
宝鸡,湛江,0.0
宝鸡,中山,0.0
宝鸡,南宁,0.0
宝鸡,柳州,0.0
宝鸡,海口,0.0
宝鸡,重庆,0.0
宝鸡,成都,0.0
宝鸡,南充,0.0
宝鸡,内江,0.0
宝鸡,贵阳,0.0
宝鸡,昆明,0.0
宝鸡,大理州,0.0
宝鸡,拉萨,0.0
宝鸡,西安,57978.450000000004
宝鸡,宝鸡,0.0
宝鸡,兰州,0.0
宝鸡,西宁,0.0
宝鸡,银川,0.0
宝鸡,乌鲁木齐,0.0
宝鸡,阿克苏,0.0
宝鸡,喀什,0.0
兰州,北京,5711.949600000001
兰州,天津,0.0
兰州,石家庄,0.0
兰州,唐山,0.0
兰州,廊坊,0.0
兰州,保定,0.0
兰州,太原,0.0
兰州,侯马,0.0
兰州,呼和浩特,0.0
兰州,包头,0.0
兰州,沈阳,0.0
兰州,大连,0.0
兰州,锦州,0.0
兰州,长春,0.0
兰州,哈尔滨,0.0
兰州,上海,0.0
兰州,南京,2810.1884000000005
兰州,常州,0.0
兰州,无锡,0.0
兰州,苏州,0.0
兰州,徐州,0.0
兰州,连云港,0.0
兰州,淮安,0.0
兰州,盐城,0.0
兰州,扬州,0.0
兰州,南通,0.0
兰州,杭州,0.0
兰州,湖州,0.0
兰州,嘉兴,0.0
兰州,宁波,0.0
兰州,台州,0.0
兰州,金华,0.0
兰州,义乌,0.0
兰州,温州,0.0
兰州,合肥,0.0
兰州,蚌埠,0.0
兰州,芜湖,0.0
兰州,安庆,0.0
兰州,福州,0.0
兰州,厦门,0.0
兰州,泉州,0.0
兰州,南昌,0.0
兰州,鹰潭,0.0
兰州,赣州,0.0
兰州,济南,0.0
兰州,潍坊,0.0
兰州,烟台,0.0
兰州,青岛,0.0
兰州,济宁,0.0
兰州,临沂,0.0
兰州,郑州,3056.2940000000003
兰州,漯河,0.0
兰州,信阳,0.0
兰州,洛阳,0.0
兰州,武汉,1988.1902000000002
兰州,荆州,0.0
兰州,襄阳,0.0
兰州,长沙,2053.5154
兰州,常德,0.0
兰州,衡阳,0.0
兰州,广州,0.0
兰州,汕头,0.0
兰州,深圳,0.0
兰州,东莞,0.0
兰州,湛江,0.0
兰州,中山,0.0
兰州,南宁,0.0
兰州,柳州,0.0
兰州,海口,0.0
兰州,重庆,0.0
兰州,成都,5963.1872
兰州,南充,0.0
兰州,内江,0.0
兰州,贵阳,0.0
兰州,昆明,0.0
兰州,大理州,0.0
兰州,拉萨,0.0
兰州,西安,11763.950200000001
兰州,宝鸡,0.0
兰州,兰州,0.0
兰州,西宁,33340.0452
兰州,银川,1623.6692
兰州,乌鲁木齐,69522.27560000001
兰州,阿克苏,24517.0652
兰州,喀什,0.0
西宁,北京,0.0
西宁,天津,0.0
西宁,石家庄,0.0
西宁,唐山,0.0
西宁,廊坊,0.0
西宁,保定,0.0
西宁,太原,0.0
西宁,侯马,0.0
西宁,呼和浩特,0.0
西宁,包头,0.0
西宁,沈阳,0.0
西宁,大连,0.0
西宁,锦州,0.0
西宁,长春,0.0
西宁,哈尔滨,0.0
西宁,上海,0.0
西宁,南京,0.0
西宁,常州,0.0
西宁,无锡,0.0
西宁,苏州,0.0
西宁,徐州,0.0
西宁,连云港,0.0
西宁,淮安,0.0
西宁,盐城,0.0
西宁,扬州,0.0
西宁,南通,0.0
西宁,杭州,0.0
西宁,湖州,0.0
西宁,嘉兴,0.0
西宁,宁波,0.0
西宁,台州,0.0
西宁,金华,0.0
西宁,义乌,0.0
西宁,温州,0.0
西宁,合肥,0.0
西宁,蚌埠,0.0
西宁,芜湖,0.0
西宁,安庆,0.0
西宁,福州,0.0
西宁,厦门,0.0
西宁,泉州,0.0
西宁,南昌,0.0
西宁,鹰潭,0.0
西宁,赣州,0.0
西宁,济南,0.0
西宁,潍坊,0.0
西宁,烟台,0.0
西宁,青岛,0.0
西宁,济宁,0.0
西宁,临沂,0.0
西宁,郑州,2590.5312
西宁,漯河,0.0
西宁,信阳,0.0
西宁,洛阳,0.0
西宁,武汉,0.0
西宁,荆州,0.0
西宁,襄阳,0.0
西宁,长沙,0.0
西宁,常德,0.0
西宁,衡阳,0.0
西宁,广州,0.0
西宁,汕头,0.0
西宁,深圳,0.0
西宁,东莞,0.0
西宁,湛江,0.0
西宁,中山,0.0
西宁,南宁,0.0
西宁,柳州,0.0
西宁,海口,0.0
西宁,重庆,0.0
西宁,成都,0.0
西宁,南充,0.0
西宁,内江,0.0
西宁,贵阳,0.0
西宁,昆明,0.0
西宁,大理州,0.0
西宁,拉萨,32942.2356
西宁,西安,6349.9518
西宁,宝鸡,0.0
西宁,兰州,3115.3046000000004
西宁,西宁,0.0
西宁,银川,0.0
西宁,乌鲁木齐,0.0
西宁,阿克苏,0.0
西宁,喀什,0.0
银川,北京,0.0
银川,天津,0.0
银川,石家庄,0.0
银川,唐山,0.0
银川,廊坊,0.0
银川,保定,0.0
银川,太原,0.0
银川,侯马,0.0
银川,呼和浩特,4013.9506
银川,包头,0.0
银川,沈阳,0.0
银川,大连,0.0
银川,锦州,0.0
银川,长春,0.0
银川,哈尔滨,0.0
银川,上海,0.0
银川,南京,0.0
银川,常州,0.0
银川,无锡,0.0
银川,苏州,0.0
银川,徐州,0.0
银川,连云港,0.0
银川,淮安,0.0
银川,盐城,0.0
银川,扬州,0.0
银川,南通,0.0
银川,杭州,0.0
银川,湖州,0.0
银川,嘉兴,0.0
银川,宁波,0.0
银川,台州,0.0
银川,金华,0.0
银川,义乌,0.0
银川,温州,0.0
银川,合肥,0.0
银川,蚌埠,0.0
银川,芜湖,0.0
银川,安庆,0.0
银川,福州,0.0
银川,厦门,0.0
银川,泉州,0.0
银川,南昌,0.0
银川,鹰潭,0.0
银川,赣州,0.0
银川,济南,0.0
银川,潍坊,0.0
银川,烟台,0.0
银川,青岛,0.0
银川,济宁,0.0
银川,临沂,0.0
银川,郑州,0.0
银川,漯河,0.0
银川,信阳,0.0
银川,洛阳,0.0
银川,武汉,0.0
银川,荆州,0.0
银川,襄阳,0.0
银川,长沙,0.0
银川,常德,0.0
银川,衡阳,0.0
银川,广州,0.0
银川,汕头,0.0
银川,深圳,0.0
银川,东莞,0.0
银川,湛江,0.0
银川,中山,0.0
银川,南宁,0.0
银川,柳州,0.0
银川,海口,0.0
银川,重庆,0.0
银川,成都,0.0
银川,南充,0.0
银川,内江,0.0
银川,贵阳,0.0
银川,昆明,0.0
银川,大理州,0.0
银川,拉萨,0.0
银川,西安,7892.976600000001
银川,宝鸡,0.0
银川,兰州,2207.5226000000002
银川,西宁,0.0
银川,银川,0.0
银川,乌鲁木齐,0.0
银川,阿克苏,0.0
银川,喀什,0.0
乌鲁木齐,北京,7267.3954
乌鲁木齐,天津,0.0
乌鲁木齐,石家庄,0.0
乌鲁木齐,唐山,0.0
乌鲁木齐,廊坊,0.0
乌鲁木齐,保定,0.0
乌鲁木齐,太原,0.0
乌鲁木齐,侯马,0.0
乌鲁木齐,呼和浩特,0.0
乌鲁木齐,包头,0.0
乌鲁木齐,沈阳,0.0
乌鲁木齐,大连,0.0
乌鲁木齐,锦州,0.0
乌鲁木齐,长春,0.0
乌鲁木齐,哈尔滨,0.0
乌鲁木齐,上海,0.0
乌鲁木齐,南京,0.0
乌鲁木齐,常州,0.0
乌鲁木齐,无锡,0.0
乌鲁木齐,苏州,0.0
乌鲁木齐,徐州,0.0
乌鲁木齐,连云港,0.0
乌鲁木齐,淮安,0.0
乌鲁木齐,盐城,0.0
乌鲁木齐,扬州,0.0
乌鲁木齐,南通,0.0
乌鲁木齐,杭州,2844.2654
乌鲁木齐,湖州,0.0
乌鲁木齐,嘉兴,0.0
乌鲁木齐,宁波,0.0
乌鲁木齐,台州,0.0
乌鲁木齐,金华,0.0
乌鲁木齐,义乌,0.0
乌鲁木齐,温州,0.0
乌鲁木齐,合肥,0.0
乌鲁木齐,蚌埠,0.0
乌鲁木齐,芜湖,0.0
乌鲁木齐,安庆,0.0
乌鲁木齐,福州,0.0
乌鲁木齐,厦门,0.0
乌鲁木齐,泉州,0.0
乌鲁木齐,南昌,0.0
乌鲁木齐,鹰潭,0.0
乌鲁木齐,赣州,0.0
乌鲁木齐,济南,0.0
乌鲁木齐,潍坊,0.0
乌鲁木齐,烟台,0.0
乌鲁木齐,青岛,0.0
乌鲁木齐,济宁,0.0
乌鲁木齐,临沂,0.0
乌鲁木齐,郑州,3610.7388000000005
乌鲁木齐,漯河,0.0
乌鲁木齐,信阳,0.0
乌鲁木齐,洛阳,0.0
乌鲁木齐,武汉,2921.3
乌鲁木齐,荆州,0.0
乌鲁木齐,襄阳,0.0
乌鲁木齐,长沙,0.0
乌鲁木齐,常德,0.0
乌鲁木齐,衡阳,0.0
乌鲁木齐,广州,0.0
乌鲁木齐,汕头,0.0
乌鲁木齐,深圳,0.0
乌鲁木齐,东莞,0.0
乌鲁木齐,湛江,0.0
乌鲁木齐,中山,0.0
乌鲁木齐,南宁,0.0
乌鲁木齐,柳州,0.0
乌鲁木齐,海口,0.0
乌鲁木齐,重庆,0.0
乌鲁木齐,成都,5222.892
乌鲁木齐,南充,0.0
乌鲁木齐,内江,0.0
乌鲁木齐,贵阳,0.0
乌鲁木齐,昆明,0.0
乌鲁木齐,大理州,0.0
乌鲁木齐,拉萨,0.0
乌鲁木齐,西安,7441.660400000001
乌鲁木齐,宝鸡,0.0
乌鲁木齐,兰州,3190.2988
乌鲁木齐,西宁,0.0
乌鲁木齐,银川,0.0
乌鲁木齐,乌鲁木齐,0.0
乌鲁木齐,阿克苏,4499.2448
乌鲁木齐,喀什,2553.8262
阿克苏,北京,0.0
阿克苏,天津,0.0
阿克苏,石家庄,0.0
阿克苏,唐山,0.0
阿克苏,廊坊,0.0
阿克苏,保定,0.0
阿克苏,太原,0.0
阿克苏,侯马,0.0
阿克苏,呼和浩特,0.0
阿克苏,包头,0.0
阿克苏,沈阳,0.0
阿克苏,大连,0.0
阿克苏,锦州,0.0
阿克苏,长春,0.0
阿克苏,哈尔滨,0.0
阿克苏,上海,0.0
阿克苏,南京,0.0
阿克苏,常州,0.0
阿克苏,无锡,0.0
阿克苏,苏州,0.0
阿克苏,徐州,0.0
阿克苏,连云港,0.0
阿克苏,淮安,0.0
阿克苏,盐城,0.0
阿克苏,扬州,0.0
阿克苏,南通,0.0
阿克苏,杭州,0.0
阿克苏,湖州,0.0
阿克苏,嘉兴,0.0
阿克苏,宁波,0.0
阿克苏,台州,0.0
阿克苏,金华,0.0
阿克苏,义乌,0.0
阿克苏,温州,0.0
阿克苏,合肥,0.0
阿克苏,蚌埠,0.0
阿克苏,芜湖,0.0
阿克苏,安庆,0.0
阿克苏,福州,0.0
阿克苏,厦门,0.0
阿克苏,泉州,0.0
阿克苏,南昌,0.0
阿克苏,鹰潭,0.0
阿克苏,赣州,0.0
阿克苏,济南,0.0
阿克苏,潍坊,0.0
阿克苏,烟台,0.0
阿克苏,青岛,0.0
阿克苏,济宁,0.0
阿克苏,临沂,0.0
阿克苏,郑州,0.0
阿克苏,漯河,0.0
阿克苏,信阳,0.0
阿克苏,洛阳,0.0
阿克苏,武汉,0.0
阿克苏,荆州,0.0
阿克苏,襄阳,0.0
阿克苏,长沙,0.0
阿克苏,常德,0.0
阿克苏,衡阳,0.0
阿克苏,广州,0.0
阿克苏,汕头,0.0
阿克苏,深圳,0.0
阿克苏,东莞,0.0
阿克苏,湛江,0.0
阿克苏,中山,0.0
阿克苏,南宁,0.0
阿克苏,柳州,0.0
阿克苏,海口,0.0
阿克苏,重庆,0.0
阿克苏,成都,0.0
阿克苏,南充,0.0
阿克苏,内江,0.0
阿克苏,贵阳,0.0
阿克苏,昆明,0.0
阿克苏,大理州,0.0
阿克苏,拉萨,0.0
阿克苏,西安,4693.3262
阿克苏,宝鸡,0.0
阿克苏,兰州,0.0
阿克苏,西宁,0.0
阿克苏,银川,0.0
阿克苏,乌鲁木齐,1853.8532000000002
阿克苏,阿克苏,0.0
阿克苏,喀什,7727.924400000001
喀什,北京,0.0
喀什,天津,0.0
喀什,石家庄,0.0
喀什,唐山,0.0
喀什,廊坊,0.0
喀什,保定,0.0
喀什,太原,0.0
喀什,侯马,0.0
喀什,呼和浩特,0.0
喀什,包头,0.0
喀什,沈阳,0.0
喀什,大连,0.0
喀什,锦州,0.0
喀什,长春,0.0
喀什,哈尔滨,0.0
喀什,上海,0.0
喀什,南京,0.0
喀什,常州,0.0
喀什,无锡,0.0
喀什,苏州,0.0
喀什,徐州,0.0
喀什,连云港,0.0
喀什,淮安,0.0
喀什,盐城,0.0
喀什,扬州,0.0
喀什,南通,0.0
喀什,杭州,0.0
喀什,湖州,0.0
喀什,嘉兴,0.0
喀什,宁波,0.0
喀什,台州,0.0
喀什,金华,0.0
喀什,义乌,0.0
喀什,温州,0.0
喀什,合肥,0.0
喀什,蚌埠,0.0
喀什,芜湖,0.0
喀什,安庆,0.0
喀什,福州,0.0
喀什,厦门,0.0
喀什,泉州,0.0
喀什,南昌,0.0
喀什,鹰潭,0.0
喀什,赣州,0.0
喀什,济南,0.0
喀什,潍坊,0.0
喀什,烟台,0.0
喀什,青岛,0.0
喀什,济宁,0.0
喀什,临沂,0.0
喀什,郑州,0.0
喀什,漯河,0.0
喀什,信阳,0.0
喀什,洛阳,0.0
喀什,武汉,0.0
喀什,荆州,0.0
喀什,襄阳,0.0
喀什,长沙,0.0
喀什,常德,0.0
喀什,衡阳,0.0
喀什,广州,0.0
喀什,汕头,0.0
喀什,深圳,0.0
喀什,东莞,0.0
喀什,湛江,0.0
喀什,中山,0.0
喀什,南宁,0.0
喀什,柳州,0.0
喀什,海口,0.0
喀什,重庆,0.0
喀什,成都,0.0
喀什,南充,0.0
喀什,内江,0.0
喀什,贵阳,0.0
喀什,昆明,0.0
喀什,大理州,0.0
喀什,拉萨,0.0
喀什,西安,0.0
喀什,宝鸡,0.0
喀什,兰州,0.0
喀什,西宁,0.0
喀什,银川,0.0
喀什,乌鲁木齐,1345.7278000000001
喀什,阿克苏,1016.4664
喀什,喀什,0.0
